-- phpMyAdmin SQL Dump
-- version 5.2.1
-- https://www.phpmyadmin.net/
--
-- Host: 127.0.0.1
-- Generation Time: Jun 22, 2026 at 02:25 PM
-- Server version: 10.4.32-MariaDB
-- PHP Version: 8.2.12

SET SQL_MODE = "NO_AUTO_VALUE_ON_ZERO";
START TRANSACTION;
SET time_zone = "+00:00";


/*!40101 SET @OLD_CHARACTER_SET_CLIENT=@@CHARACTER_SET_CLIENT */;
/*!40101 SET @OLD_CHARACTER_SET_RESULTS=@@CHARACTER_SET_RESULTS */;
/*!40101 SET @OLD_COLLATION_CONNECTION=@@COLLATION_CONNECTION */;
/*!40101 SET NAMES utf8mb4 */;

--
-- Database: `schoolms`
--

-- --------------------------------------------------------

--
-- Table structure for table `academic_sessions`
--

CREATE TABLE `academic_sessions` (
  `id` bigint(20) UNSIGNED NOT NULL,
  `name` varchar(20) NOT NULL,
  `start_year` year(4) NOT NULL,
  `end_year` year(4) NOT NULL,
  `is_current` tinyint(1) NOT NULL DEFAULT 0,
  `is_closed` tinyint(1) NOT NULL DEFAULT 0,
  `created_at` timestamp NULL DEFAULT NULL,
  `updated_at` timestamp NULL DEFAULT NULL
) ENGINE=InnoDB DEFAULT CHARSET=utf8mb4 COLLATE=utf8mb4_unicode_ci;

--
-- Dumping data for table `academic_sessions`
--

INSERT INTO `academic_sessions` (`id`, `name`, `start_year`, `end_year`, `is_current`, `is_closed`, `created_at`, `updated_at`) VALUES
(1, '2024/2025', '2024', '2025', 1, 0, '2026-04-24 19:04:23', '2026-04-24 19:04:23'),
(2, '304/004', '2034', '2035', 0, 0, '2026-06-08 13:33:01', '2026-06-08 13:33:01');

-- --------------------------------------------------------

--
-- Table structure for table `activity_logs`
--

CREATE TABLE `activity_logs` (
  `id` bigint(20) UNSIGNED NOT NULL,
  `user_id` bigint(20) UNSIGNED DEFAULT NULL,
  `action` varchar(100) NOT NULL,
  `model_type` varchar(100) DEFAULT NULL,
  `model_id` bigint(20) UNSIGNED DEFAULT NULL,
  `old_values` longtext CHARACTER SET utf8mb4 COLLATE utf8mb4_bin DEFAULT NULL CHECK (json_valid(`old_values`)),
  `new_values` longtext CHARACTER SET utf8mb4 COLLATE utf8mb4_bin DEFAULT NULL CHECK (json_valid(`new_values`)),
  `ip_address` varchar(45) DEFAULT NULL,
  `user_agent` varchar(255) DEFAULT NULL,
  `created_at` timestamp NOT NULL DEFAULT current_timestamp()
) ENGINE=InnoDB DEFAULT CHARSET=utf8mb4 COLLATE=utf8mb4_unicode_ci;

-- --------------------------------------------------------

--
-- Table structure for table `announcements`
--

CREATE TABLE `announcements` (
  `id` bigint(20) UNSIGNED NOT NULL,
  `created_by` bigint(20) UNSIGNED NOT NULL,
  `title` varchar(255) NOT NULL,
  `body` longtext NOT NULL,
  `audience` enum('All','Parents','Teachers','Students','Specific Class','Specific Student') NOT NULL DEFAULT 'All',
  `class_arm_id` bigint(20) UNSIGNED DEFAULT NULL,
  `target_student_id` bigint(20) UNSIGNED DEFAULT NULL,
  `priority` enum('Normal','Important','Emergency') NOT NULL DEFAULT 'Normal',
  `attachment` varchar(255) DEFAULT NULL,
  `send_sms` tinyint(1) NOT NULL DEFAULT 0,
  `send_email` tinyint(1) NOT NULL DEFAULT 0,
  `sms_sent_at` timestamp NULL DEFAULT NULL,
  `scheduled_at` timestamp NULL DEFAULT NULL,
  `is_published` tinyint(1) NOT NULL DEFAULT 0,
  `published_at` timestamp NULL DEFAULT NULL,
  `created_at` timestamp NULL DEFAULT NULL,
  `updated_at` timestamp NULL DEFAULT NULL
) ENGINE=InnoDB DEFAULT CHARSET=utf8mb4 COLLATE=utf8mb4_unicode_ci;

-- --------------------------------------------------------

--
-- Table structure for table `announcement_reads`
--

CREATE TABLE `announcement_reads` (
  `id` bigint(20) UNSIGNED NOT NULL,
  `announcement_id` bigint(20) UNSIGNED NOT NULL,
  `user_id` bigint(20) UNSIGNED NOT NULL,
  `read_at` timestamp NOT NULL DEFAULT current_timestamp()
) ENGINE=InnoDB DEFAULT CHARSET=utf8mb4 COLLATE=utf8mb4_unicode_ci;

-- --------------------------------------------------------

--
-- Table structure for table `arm_subjects`
--

CREATE TABLE `arm_subjects` (
  `id` bigint(20) UNSIGNED NOT NULL,
  `class_arm_id` bigint(20) UNSIGNED NOT NULL,
  `subject_id` bigint(20) UNSIGNED NOT NULL,
  `session_id` bigint(20) UNSIGNED NOT NULL,
  `created_at` timestamp NULL DEFAULT NULL,
  `updated_at` timestamp NULL DEFAULT NULL
) ENGINE=InnoDB DEFAULT CHARSET=utf8mb4 COLLATE=utf8mb4_unicode_ci;

--
-- Dumping data for table `arm_subjects`
--

INSERT INTO `arm_subjects` (`id`, `class_arm_id`, `subject_id`, `session_id`, `created_at`, `updated_at`) VALUES
(1, 1, 1, 1, '2026-04-24 19:04:23', '2026-04-24 19:04:23'),
(2, 1, 2, 1, '2026-04-24 19:04:23', '2026-04-24 19:04:23'),
(3, 1, 8, 1, '2026-04-24 19:04:23', '2026-04-24 19:04:23'),
(4, 1, 9, 1, '2026-04-24 19:04:23', '2026-04-24 19:04:23'),
(5, 1, 10, 1, '2026-04-24 19:04:23', '2026-04-24 19:04:23'),
(6, 1, 11, 1, '2026-04-24 19:04:23', '2026-04-24 19:04:23'),
(7, 1, 15, 1, '2026-04-24 19:04:23', '2026-04-24 19:04:23'),
(8, 1, 23, 1, '2026-04-24 19:04:23', '2026-04-24 19:04:23'),
(9, 1, 25, 1, '2026-04-24 19:04:23', '2026-04-24 19:04:23'),
(10, 1, 28, 1, '2026-04-24 19:04:23', '2026-04-24 19:04:23'),
(11, 2, 1, 1, '2026-04-24 19:04:23', '2026-04-24 19:04:23'),
(12, 2, 2, 1, '2026-04-24 19:04:23', '2026-04-24 19:04:23'),
(13, 2, 8, 1, '2026-04-24 19:04:23', '2026-04-24 19:04:23'),
(14, 2, 9, 1, '2026-04-24 19:04:23', '2026-04-24 19:04:23'),
(15, 2, 10, 1, '2026-04-24 19:04:23', '2026-04-24 19:04:23'),
(16, 2, 11, 1, '2026-04-24 19:04:23', '2026-04-24 19:04:23'),
(17, 2, 15, 1, '2026-04-24 19:04:23', '2026-04-24 19:04:23'),
(18, 2, 23, 1, '2026-04-24 19:04:23', '2026-04-24 19:04:23'),
(19, 2, 25, 1, '2026-04-24 19:04:23', '2026-04-24 19:04:23'),
(20, 2, 28, 1, '2026-04-24 19:04:23', '2026-04-24 19:04:23'),
(21, 3, 1, 1, '2026-04-24 19:04:23', '2026-04-24 19:04:23'),
(22, 3, 2, 1, '2026-04-24 19:04:23', '2026-04-24 19:04:23'),
(23, 3, 8, 1, '2026-04-24 19:04:23', '2026-04-24 19:04:23'),
(24, 3, 9, 1, '2026-04-24 19:04:23', '2026-04-24 19:04:23'),
(25, 3, 10, 1, '2026-04-24 19:04:23', '2026-04-24 19:04:23'),
(26, 3, 11, 1, '2026-04-24 19:04:23', '2026-04-24 19:04:23'),
(27, 3, 15, 1, '2026-04-24 19:04:23', '2026-04-24 19:04:23'),
(28, 3, 23, 1, '2026-04-24 19:04:23', '2026-04-24 19:04:23'),
(29, 3, 25, 1, '2026-04-24 19:04:23', '2026-04-24 19:04:23'),
(30, 3, 28, 1, '2026-04-24 19:04:23', '2026-04-24 19:04:23'),
(31, 4, 1, 1, '2026-04-24 19:04:23', '2026-04-24 19:04:23'),
(32, 4, 2, 1, '2026-04-24 19:04:23', '2026-04-24 19:04:23'),
(33, 4, 8, 1, '2026-04-24 19:04:23', '2026-04-24 19:04:23'),
(34, 4, 9, 1, '2026-04-24 19:04:23', '2026-04-24 19:04:23'),
(35, 4, 10, 1, '2026-04-24 19:04:23', '2026-04-24 19:04:23'),
(36, 4, 11, 1, '2026-04-24 19:04:23', '2026-04-24 19:04:23'),
(37, 4, 15, 1, '2026-04-24 19:04:23', '2026-04-24 19:04:23'),
(38, 4, 23, 1, '2026-04-24 19:04:23', '2026-04-24 19:04:23'),
(39, 4, 25, 1, '2026-04-24 19:04:23', '2026-04-24 19:04:23'),
(40, 4, 28, 1, '2026-04-24 19:04:23', '2026-04-24 19:04:23'),
(41, 5, 1, 1, '2026-04-24 19:04:23', '2026-04-24 19:04:23'),
(42, 5, 2, 1, '2026-04-24 19:04:23', '2026-04-24 19:04:23'),
(43, 5, 8, 1, '2026-04-24 19:04:23', '2026-04-24 19:04:23'),
(44, 5, 9, 1, '2026-04-24 19:04:23', '2026-04-24 19:04:23'),
(45, 5, 10, 1, '2026-04-24 19:04:23', '2026-04-24 19:04:23'),
(46, 5, 11, 1, '2026-04-24 19:04:23', '2026-04-24 19:04:23'),
(47, 5, 15, 1, '2026-04-24 19:04:23', '2026-04-24 19:04:23'),
(48, 5, 23, 1, '2026-04-24 19:04:23', '2026-04-24 19:04:23'),
(49, 5, 25, 1, '2026-04-24 19:04:23', '2026-04-24 19:04:23'),
(50, 5, 28, 1, '2026-04-24 19:04:23', '2026-04-24 19:04:23'),
(51, 6, 1, 1, '2026-04-24 19:04:23', '2026-04-24 19:04:23'),
(52, 6, 2, 1, '2026-04-24 19:04:23', '2026-04-24 19:04:23'),
(53, 6, 8, 1, '2026-04-24 19:04:23', '2026-04-24 19:04:23'),
(54, 6, 9, 1, '2026-04-24 19:04:23', '2026-04-24 19:04:23'),
(55, 6, 10, 1, '2026-04-24 19:04:23', '2026-04-24 19:04:23'),
(56, 6, 11, 1, '2026-04-24 19:04:23', '2026-04-24 19:04:23'),
(57, 6, 15, 1, '2026-04-24 19:04:23', '2026-04-24 19:04:23'),
(58, 6, 23, 1, '2026-04-24 19:04:23', '2026-04-24 19:04:23'),
(59, 6, 25, 1, '2026-04-24 19:04:23', '2026-04-24 19:04:23'),
(60, 6, 28, 1, '2026-04-24 19:04:23', '2026-04-24 19:04:23'),
(61, 7, 1, 1, '2026-04-24 19:04:23', '2026-04-24 19:04:23'),
(62, 7, 2, 1, '2026-04-24 19:04:23', '2026-04-24 19:04:23'),
(63, 7, 8, 1, '2026-04-24 19:04:23', '2026-04-24 19:04:23'),
(64, 7, 9, 1, '2026-04-24 19:04:23', '2026-04-24 19:04:23'),
(65, 7, 10, 1, '2026-04-24 19:04:23', '2026-04-24 19:04:23'),
(66, 7, 11, 1, '2026-04-24 19:04:23', '2026-04-24 19:04:23'),
(67, 7, 15, 1, '2026-04-24 19:04:23', '2026-04-24 19:04:23'),
(68, 7, 23, 1, '2026-04-24 19:04:23', '2026-04-24 19:04:23'),
(69, 7, 25, 1, '2026-04-24 19:04:23', '2026-04-24 19:04:23'),
(70, 7, 28, 1, '2026-04-24 19:04:23', '2026-04-24 19:04:23'),
(71, 8, 1, 1, '2026-04-24 19:04:23', '2026-04-24 19:04:23'),
(72, 8, 2, 1, '2026-04-24 19:04:23', '2026-04-24 19:04:23'),
(73, 8, 8, 1, '2026-04-24 19:04:23', '2026-04-24 19:04:23'),
(74, 8, 9, 1, '2026-04-24 19:04:23', '2026-04-24 19:04:23'),
(75, 8, 10, 1, '2026-04-24 19:04:23', '2026-04-24 19:04:23'),
(76, 8, 11, 1, '2026-04-24 19:04:23', '2026-04-24 19:04:23'),
(77, 8, 15, 1, '2026-04-24 19:04:23', '2026-04-24 19:04:23'),
(78, 8, 23, 1, '2026-04-24 19:04:23', '2026-04-24 19:04:23'),
(79, 8, 25, 1, '2026-04-24 19:04:23', '2026-04-24 19:04:23'),
(80, 8, 28, 1, '2026-04-24 19:04:23', '2026-04-24 19:04:23'),
(81, 9, 1, 1, '2026-04-24 19:04:23', '2026-04-24 19:04:23'),
(82, 9, 2, 1, '2026-04-24 19:04:23', '2026-04-24 19:04:23'),
(83, 9, 8, 1, '2026-04-24 19:04:23', '2026-04-24 19:04:23'),
(84, 9, 9, 1, '2026-04-24 19:04:23', '2026-04-24 19:04:23'),
(85, 9, 10, 1, '2026-04-24 19:04:23', '2026-04-24 19:04:23'),
(86, 9, 11, 1, '2026-04-24 19:04:23', '2026-04-24 19:04:23'),
(87, 9, 15, 1, '2026-04-24 19:04:23', '2026-04-24 19:04:23'),
(88, 9, 23, 1, '2026-04-24 19:04:23', '2026-04-24 19:04:23'),
(89, 9, 25, 1, '2026-04-24 19:04:23', '2026-04-24 19:04:23'),
(90, 9, 28, 1, '2026-04-24 19:04:23', '2026-04-24 19:04:23'),
(91, 10, 1, 1, '2026-04-24 19:04:23', '2026-04-24 19:04:23'),
(92, 10, 2, 1, '2026-04-24 19:04:23', '2026-04-24 19:04:23'),
(93, 10, 8, 1, '2026-04-24 19:04:23', '2026-04-24 19:04:23'),
(94, 10, 9, 1, '2026-04-24 19:04:23', '2026-04-24 19:04:23'),
(95, 10, 10, 1, '2026-04-24 19:04:23', '2026-04-24 19:04:23'),
(96, 10, 11, 1, '2026-04-24 19:04:23', '2026-04-24 19:04:23'),
(97, 10, 15, 1, '2026-04-24 19:04:23', '2026-04-24 19:04:23'),
(98, 10, 23, 1, '2026-04-24 19:04:23', '2026-04-24 19:04:23'),
(99, 10, 25, 1, '2026-04-24 19:04:23', '2026-04-24 19:04:23'),
(100, 10, 28, 1, '2026-04-24 19:04:23', '2026-04-24 19:04:23'),
(101, 11, 1, 1, '2026-04-24 19:04:23', '2026-04-24 19:04:23'),
(102, 11, 2, 1, '2026-04-24 19:04:23', '2026-04-24 19:04:23'),
(103, 11, 8, 1, '2026-04-24 19:04:23', '2026-04-24 19:04:23'),
(104, 11, 9, 1, '2026-04-24 19:04:23', '2026-04-24 19:04:23'),
(105, 11, 10, 1, '2026-04-24 19:04:23', '2026-04-24 19:04:23'),
(106, 11, 11, 1, '2026-04-24 19:04:23', '2026-04-24 19:04:23'),
(107, 11, 15, 1, '2026-04-24 19:04:23', '2026-04-24 19:04:23'),
(108, 11, 23, 1, '2026-04-24 19:04:23', '2026-04-24 19:04:23'),
(109, 11, 25, 1, '2026-04-24 19:04:23', '2026-04-24 19:04:23'),
(110, 11, 28, 1, '2026-04-24 19:04:23', '2026-04-24 19:04:23'),
(111, 12, 1, 1, '2026-04-24 19:04:23', '2026-04-24 19:04:23'),
(112, 12, 2, 1, '2026-04-24 19:04:23', '2026-04-24 19:04:23'),
(113, 12, 8, 1, '2026-04-24 19:04:23', '2026-04-24 19:04:23'),
(114, 12, 9, 1, '2026-04-24 19:04:23', '2026-04-24 19:04:23'),
(115, 12, 10, 1, '2026-04-24 19:04:23', '2026-04-24 19:04:23'),
(116, 12, 11, 1, '2026-04-24 19:04:23', '2026-04-24 19:04:23'),
(117, 12, 15, 1, '2026-04-24 19:04:23', '2026-04-24 19:04:23'),
(118, 12, 23, 1, '2026-04-24 19:04:23', '2026-04-24 19:04:23'),
(119, 12, 25, 1, '2026-04-24 19:04:23', '2026-04-24 19:04:23'),
(120, 12, 28, 1, '2026-04-24 19:04:23', '2026-04-24 19:04:23');

-- --------------------------------------------------------

--
-- Table structure for table `attendance_records`
--

CREATE TABLE `attendance_records` (
  `id` bigint(20) UNSIGNED NOT NULL,
  `student_id` bigint(20) UNSIGNED NOT NULL,
  `class_arm_id` bigint(20) UNSIGNED NOT NULL,
  `term_id` bigint(20) UNSIGNED NOT NULL,
  `attendance_date` date NOT NULL,
  `status` enum('Present','Absent','Late','Sick','Excused') NOT NULL DEFAULT 'Present',
  `remarks` varchar(255) DEFAULT NULL,
  `marked_by` bigint(20) UNSIGNED DEFAULT NULL,
  `created_at` timestamp NULL DEFAULT NULL,
  `updated_at` timestamp NULL DEFAULT NULL
) ENGINE=InnoDB DEFAULT CHARSET=utf8mb4 COLLATE=utf8mb4_unicode_ci;

--
-- Dumping data for table `attendance_records`
--

INSERT INTO `attendance_records` (`id`, `student_id`, `class_arm_id`, `term_id`, `attendance_date`, `status`, `remarks`, `marked_by`, `created_at`, `updated_at`) VALUES
(1, 1, 1, 1, '2024-09-09', 'Present', NULL, NULL, '2026-04-24 19:05:00', '2026-04-24 19:05:00'),
(2, 1, 1, 1, '2024-09-10', 'Present', NULL, NULL, '2026-04-24 19:05:00', '2026-04-24 19:05:00'),
(3, 1, 1, 1, '2024-09-11', 'Absent', NULL, NULL, '2026-04-24 19:05:00', '2026-04-24 19:05:00'),
(4, 1, 1, 1, '2024-09-12', 'Late', NULL, NULL, '2026-04-24 19:05:00', '2026-04-24 19:05:00'),
(5, 1, 1, 1, '2024-09-13', 'Present', NULL, NULL, '2026-04-24 19:05:00', '2026-04-24 19:05:00'),
(6, 1, 1, 1, '2024-09-16', 'Present', NULL, NULL, '2026-04-24 19:05:00', '2026-04-24 19:05:00'),
(7, 1, 1, 1, '2024-09-17', 'Absent', NULL, NULL, '2026-04-24 19:05:00', '2026-04-24 19:05:00'),
(8, 1, 1, 1, '2024-09-18', 'Present', NULL, NULL, '2026-04-24 19:05:00', '2026-04-24 19:05:00'),
(9, 1, 1, 1, '2024-09-19', 'Present', NULL, NULL, '2026-04-24 19:05:00', '2026-04-24 19:05:00'),
(10, 1, 1, 1, '2024-09-20', 'Present', NULL, NULL, '2026-04-24 19:05:00', '2026-04-24 19:05:00'),
(11, 1, 1, 1, '2024-09-23', 'Present', NULL, NULL, '2026-04-24 19:05:00', '2026-04-24 19:05:00'),
(12, 1, 1, 1, '2024-09-24', 'Present', NULL, NULL, '2026-04-24 19:05:00', '2026-04-24 19:05:00'),
(13, 1, 1, 1, '2024-09-25', 'Present', NULL, NULL, '2026-04-24 19:05:00', '2026-04-24 19:05:00'),
(14, 1, 1, 1, '2024-09-26', 'Present', NULL, NULL, '2026-04-24 19:05:00', '2026-04-24 19:05:00'),
(15, 1, 1, 1, '2024-09-27', 'Present', NULL, NULL, '2026-04-24 19:05:00', '2026-04-24 19:05:00'),
(16, 1, 1, 1, '2024-09-30', 'Present', NULL, NULL, '2026-04-24 19:05:00', '2026-04-24 19:05:00'),
(17, 1, 1, 1, '2024-10-01', 'Present', NULL, NULL, '2026-04-24 19:05:00', '2026-04-24 19:05:00'),
(18, 1, 1, 1, '2024-10-02', 'Late', NULL, NULL, '2026-04-24 19:05:00', '2026-04-24 19:05:00'),
(19, 1, 1, 1, '2024-10-03', 'Absent', NULL, NULL, '2026-04-24 19:05:00', '2026-04-24 19:05:00'),
(20, 1, 1, 1, '2024-10-04', 'Present', NULL, NULL, '2026-04-24 19:05:00', '2026-04-24 19:05:00'),
(21, 1, 1, 1, '2024-10-07', 'Present', NULL, NULL, '2026-04-24 19:05:00', '2026-04-24 19:05:00'),
(22, 1, 1, 1, '2024-10-08', 'Present', NULL, NULL, '2026-04-24 19:05:00', '2026-04-24 19:05:00'),
(23, 1, 1, 1, '2024-10-09', 'Present', NULL, NULL, '2026-04-24 19:05:00', '2026-04-24 19:05:00'),
(24, 1, 1, 1, '2024-10-10', 'Present', NULL, NULL, '2026-04-24 19:05:00', '2026-04-24 19:05:00'),
(25, 1, 1, 1, '2024-10-11', 'Present', NULL, NULL, '2026-04-24 19:05:00', '2026-04-24 19:05:00'),
(26, 1, 1, 1, '2024-10-14', 'Present', NULL, NULL, '2026-04-24 19:05:00', '2026-04-24 19:05:00'),
(27, 1, 1, 1, '2024-10-15', 'Present', NULL, NULL, '2026-04-24 19:05:00', '2026-04-24 19:05:00'),
(28, 1, 1, 1, '2024-10-16', 'Present', NULL, NULL, '2026-04-24 19:05:00', '2026-04-24 19:05:00'),
(29, 1, 1, 1, '2024-10-17', 'Present', NULL, NULL, '2026-04-24 19:05:00', '2026-04-24 19:05:00'),
(30, 1, 1, 1, '2024-10-18', 'Late', NULL, NULL, '2026-04-24 19:05:00', '2026-04-24 19:05:00'),
(31, 2, 1, 1, '2024-09-09', 'Present', NULL, NULL, '2026-04-24 19:05:00', '2026-04-24 19:05:00'),
(32, 2, 1, 1, '2024-09-10', 'Present', NULL, NULL, '2026-04-24 19:05:00', '2026-04-24 19:05:00'),
(33, 2, 1, 1, '2024-09-11', 'Present', NULL, NULL, '2026-04-24 19:05:00', '2026-04-24 19:05:00'),
(34, 2, 1, 1, '2024-09-12', 'Present', NULL, NULL, '2026-04-24 19:05:00', '2026-04-24 19:05:00'),
(35, 2, 1, 1, '2024-09-13', 'Present', NULL, NULL, '2026-04-24 19:05:00', '2026-04-24 19:05:00'),
(36, 2, 1, 1, '2024-09-16', 'Present', NULL, NULL, '2026-04-24 19:05:00', '2026-04-24 19:05:00'),
(37, 2, 1, 1, '2024-09-17', 'Present', NULL, NULL, '2026-04-24 19:05:00', '2026-04-24 19:05:00'),
(38, 2, 1, 1, '2024-09-18', 'Present', NULL, NULL, '2026-04-24 19:05:00', '2026-04-24 19:05:00'),
(39, 2, 1, 1, '2024-09-19', 'Absent', NULL, NULL, '2026-04-24 19:05:00', '2026-04-24 19:05:00'),
(40, 2, 1, 1, '2024-09-20', 'Present', NULL, NULL, '2026-04-24 19:05:00', '2026-04-24 19:05:00'),
(41, 2, 1, 1, '2024-09-23', 'Absent', NULL, NULL, '2026-04-24 19:05:00', '2026-04-24 19:05:00'),
(42, 2, 1, 1, '2024-09-24', 'Late', NULL, NULL, '2026-04-24 19:05:00', '2026-04-24 19:05:00'),
(43, 2, 1, 1, '2024-09-25', 'Present', NULL, NULL, '2026-04-24 19:05:00', '2026-04-24 19:05:00'),
(44, 2, 1, 1, '2024-09-26', 'Present', NULL, NULL, '2026-04-24 19:05:00', '2026-04-24 19:05:00'),
(45, 2, 1, 1, '2024-09-27', 'Present', NULL, NULL, '2026-04-24 19:05:00', '2026-04-24 19:05:00'),
(46, 2, 1, 1, '2024-09-30', 'Present', NULL, NULL, '2026-04-24 19:05:00', '2026-04-24 19:05:00'),
(47, 2, 1, 1, '2024-10-01', 'Present', NULL, NULL, '2026-04-24 19:05:00', '2026-04-24 19:05:00'),
(48, 2, 1, 1, '2024-10-02', 'Present', NULL, NULL, '2026-04-24 19:05:00', '2026-04-24 19:05:00'),
(49, 2, 1, 1, '2024-10-03', 'Late', NULL, NULL, '2026-04-24 19:05:00', '2026-04-24 19:05:00'),
(50, 2, 1, 1, '2024-10-04', 'Present', NULL, NULL, '2026-04-24 19:05:00', '2026-04-24 19:05:00'),
(51, 2, 1, 1, '2024-10-07', 'Present', NULL, NULL, '2026-04-24 19:05:00', '2026-04-24 19:05:00'),
(52, 2, 1, 1, '2024-10-08', 'Present', NULL, NULL, '2026-04-24 19:05:00', '2026-04-24 19:05:00'),
(53, 2, 1, 1, '2024-10-09', 'Present', NULL, NULL, '2026-04-24 19:05:00', '2026-04-24 19:05:00'),
(54, 2, 1, 1, '2024-10-10', 'Present', NULL, NULL, '2026-04-24 19:05:00', '2026-04-24 19:05:00'),
(55, 2, 1, 1, '2024-10-11', 'Present', NULL, NULL, '2026-04-24 19:05:00', '2026-04-24 19:05:00'),
(56, 2, 1, 1, '2024-10-14', 'Present', NULL, NULL, '2026-04-24 19:05:00', '2026-04-24 19:05:00'),
(57, 2, 1, 1, '2024-10-15', 'Present', NULL, NULL, '2026-04-24 19:05:00', '2026-04-24 19:05:00'),
(58, 2, 1, 1, '2024-10-16', 'Late', NULL, NULL, '2026-04-24 19:05:00', '2026-04-24 19:05:00'),
(59, 2, 1, 1, '2024-10-17', 'Late', NULL, NULL, '2026-04-24 19:05:00', '2026-04-24 19:05:00'),
(60, 2, 1, 1, '2024-10-18', 'Absent', NULL, NULL, '2026-04-24 19:05:00', '2026-04-24 19:05:00'),
(61, 3, 1, 1, '2024-09-09', 'Present', NULL, NULL, '2026-04-24 19:05:00', '2026-04-24 19:05:00'),
(62, 3, 1, 1, '2024-09-10', 'Present', NULL, NULL, '2026-04-24 19:05:00', '2026-04-24 19:05:00'),
(63, 3, 1, 1, '2024-09-11', 'Present', NULL, NULL, '2026-04-24 19:05:00', '2026-04-24 19:05:00'),
(64, 3, 1, 1, '2024-09-12', 'Absent', NULL, NULL, '2026-04-24 19:05:00', '2026-04-24 19:05:00'),
(65, 3, 1, 1, '2024-09-13', 'Present', NULL, NULL, '2026-04-24 19:05:00', '2026-04-24 19:05:00'),
(66, 3, 1, 1, '2024-09-16', 'Present', NULL, NULL, '2026-04-24 19:05:00', '2026-04-24 19:05:00'),
(67, 3, 1, 1, '2024-09-17', 'Absent', NULL, NULL, '2026-04-24 19:05:00', '2026-04-24 19:05:00'),
(68, 3, 1, 1, '2024-09-18', 'Late', NULL, NULL, '2026-04-24 19:05:00', '2026-04-24 19:05:00'),
(69, 3, 1, 1, '2024-09-19', 'Present', NULL, NULL, '2026-04-24 19:05:00', '2026-04-24 19:05:00'),
(70, 3, 1, 1, '2024-09-20', 'Present', NULL, NULL, '2026-04-24 19:05:00', '2026-04-24 19:05:00'),
(71, 3, 1, 1, '2024-09-23', 'Late', NULL, NULL, '2026-04-24 19:05:00', '2026-04-24 19:05:00'),
(72, 3, 1, 1, '2024-09-24', 'Present', NULL, NULL, '2026-04-24 19:05:00', '2026-04-24 19:05:00'),
(73, 3, 1, 1, '2024-09-25', 'Present', NULL, NULL, '2026-04-24 19:05:00', '2026-04-24 19:05:00'),
(74, 3, 1, 1, '2024-09-26', 'Absent', NULL, NULL, '2026-04-24 19:05:00', '2026-04-24 19:05:00'),
(75, 3, 1, 1, '2024-09-27', 'Late', NULL, NULL, '2026-04-24 19:05:00', '2026-04-24 19:05:00'),
(76, 3, 1, 1, '2024-09-30', 'Present', NULL, NULL, '2026-04-24 19:05:00', '2026-04-24 19:05:00'),
(77, 3, 1, 1, '2024-10-01', 'Present', NULL, NULL, '2026-04-24 19:05:00', '2026-04-24 19:05:00'),
(78, 3, 1, 1, '2024-10-02', 'Present', NULL, NULL, '2026-04-24 19:05:00', '2026-04-24 19:05:00'),
(79, 3, 1, 1, '2024-10-03', 'Absent', NULL, NULL, '2026-04-24 19:05:00', '2026-04-24 19:05:00'),
(80, 3, 1, 1, '2024-10-04', 'Present', NULL, NULL, '2026-04-24 19:05:00', '2026-04-24 19:05:00'),
(81, 3, 1, 1, '2024-10-07', 'Present', NULL, NULL, '2026-04-24 19:05:00', '2026-04-24 19:05:00'),
(82, 3, 1, 1, '2024-10-08', 'Late', NULL, NULL, '2026-04-24 19:05:00', '2026-04-24 19:05:00'),
(83, 3, 1, 1, '2024-10-09', 'Present', NULL, NULL, '2026-04-24 19:05:00', '2026-04-24 19:05:00'),
(84, 3, 1, 1, '2024-10-10', 'Present', NULL, NULL, '2026-04-24 19:05:00', '2026-04-24 19:05:00'),
(85, 3, 1, 1, '2024-10-11', 'Late', NULL, NULL, '2026-04-24 19:05:00', '2026-04-24 19:05:00'),
(86, 3, 1, 1, '2024-10-14', 'Present', NULL, NULL, '2026-04-24 19:05:00', '2026-04-24 19:05:00'),
(87, 3, 1, 1, '2024-10-15', 'Present', NULL, NULL, '2026-04-24 19:05:00', '2026-04-24 19:05:00'),
(88, 3, 1, 1, '2024-10-16', 'Present', NULL, NULL, '2026-04-24 19:05:00', '2026-04-24 19:05:00'),
(89, 3, 1, 1, '2024-10-17', 'Present', NULL, NULL, '2026-04-24 19:05:00', '2026-04-24 19:05:00'),
(90, 3, 1, 1, '2024-10-18', 'Present', NULL, NULL, '2026-04-24 19:05:00', '2026-04-24 19:05:00'),
(91, 4, 1, 1, '2024-09-09', 'Present', NULL, NULL, '2026-04-24 19:05:00', '2026-04-24 19:05:00'),
(92, 4, 1, 1, '2024-09-10', 'Present', NULL, NULL, '2026-04-24 19:05:00', '2026-04-24 19:05:00'),
(93, 4, 1, 1, '2024-09-11', 'Present', NULL, NULL, '2026-04-24 19:05:00', '2026-04-24 19:05:00'),
(94, 4, 1, 1, '2024-09-12', 'Late', NULL, NULL, '2026-04-24 19:05:00', '2026-04-24 19:05:00'),
(95, 4, 1, 1, '2024-09-13', 'Present', NULL, NULL, '2026-04-24 19:05:00', '2026-04-24 19:05:00'),
(96, 4, 1, 1, '2024-09-16', 'Present', NULL, NULL, '2026-04-24 19:05:00', '2026-04-24 19:05:00'),
(97, 4, 1, 1, '2024-09-17', 'Present', NULL, NULL, '2026-04-24 19:05:00', '2026-04-24 19:05:00'),
(98, 4, 1, 1, '2024-09-18', 'Present', NULL, NULL, '2026-04-24 19:05:00', '2026-04-24 19:05:00'),
(99, 4, 1, 1, '2024-09-19', 'Present', NULL, NULL, '2026-04-24 19:05:00', '2026-04-24 19:05:00'),
(100, 4, 1, 1, '2024-09-20', 'Present', NULL, NULL, '2026-04-24 19:05:00', '2026-04-24 19:05:00'),
(101, 4, 1, 1, '2024-09-23', 'Present', NULL, NULL, '2026-04-24 19:05:00', '2026-04-24 19:05:00'),
(102, 4, 1, 1, '2024-09-24', 'Present', NULL, NULL, '2026-04-24 19:05:00', '2026-04-24 19:05:00'),
(103, 4, 1, 1, '2024-09-25', 'Absent', NULL, NULL, '2026-04-24 19:05:00', '2026-04-24 19:05:00'),
(104, 4, 1, 1, '2024-09-26', 'Late', NULL, NULL, '2026-04-24 19:05:00', '2026-04-24 19:05:00'),
(105, 4, 1, 1, '2024-09-27', 'Present', NULL, NULL, '2026-04-24 19:05:00', '2026-04-24 19:05:00'),
(106, 4, 1, 1, '2024-09-30', 'Late', NULL, NULL, '2026-04-24 19:05:00', '2026-04-24 19:05:00'),
(107, 4, 1, 1, '2024-10-01', 'Absent', NULL, NULL, '2026-04-24 19:05:00', '2026-04-24 19:05:00'),
(108, 4, 1, 1, '2024-10-02', 'Present', NULL, NULL, '2026-04-24 19:05:00', '2026-04-24 19:05:00'),
(109, 4, 1, 1, '2024-10-03', 'Present', NULL, NULL, '2026-04-24 19:05:00', '2026-04-24 19:05:00'),
(110, 4, 1, 1, '2024-10-04', 'Present', NULL, NULL, '2026-04-24 19:05:00', '2026-04-24 19:05:00'),
(111, 4, 1, 1, '2024-10-07', 'Present', NULL, NULL, '2026-04-24 19:05:00', '2026-04-24 19:05:00'),
(112, 4, 1, 1, '2024-10-08', 'Present', NULL, NULL, '2026-04-24 19:05:00', '2026-04-24 19:05:00'),
(113, 4, 1, 1, '2024-10-09', 'Present', NULL, NULL, '2026-04-24 19:05:00', '2026-04-24 19:05:00'),
(114, 4, 1, 1, '2024-10-10', 'Present', NULL, NULL, '2026-04-24 19:05:00', '2026-04-24 19:05:00'),
(115, 4, 1, 1, '2024-10-11', 'Absent', NULL, NULL, '2026-04-24 19:05:00', '2026-04-24 19:05:00'),
(116, 4, 1, 1, '2024-10-14', 'Late', NULL, NULL, '2026-04-24 19:05:00', '2026-04-24 19:05:00'),
(117, 4, 1, 1, '2024-10-15', 'Present', NULL, NULL, '2026-04-24 19:05:00', '2026-04-24 19:05:00'),
(118, 4, 1, 1, '2024-10-16', 'Present', NULL, NULL, '2026-04-24 19:05:00', '2026-04-24 19:05:00'),
(119, 4, 1, 1, '2024-10-17', 'Present', NULL, NULL, '2026-04-24 19:05:00', '2026-04-24 19:05:00'),
(120, 4, 1, 1, '2024-10-18', 'Present', NULL, NULL, '2026-04-24 19:05:00', '2026-04-24 19:05:00'),
(121, 5, 1, 1, '2024-09-09', 'Present', NULL, NULL, '2026-04-24 19:05:00', '2026-04-24 19:05:00'),
(122, 5, 1, 1, '2024-09-10', 'Absent', NULL, NULL, '2026-04-24 19:05:00', '2026-04-24 19:05:00'),
(123, 5, 1, 1, '2024-09-11', 'Late', NULL, NULL, '2026-04-24 19:05:00', '2026-04-24 19:05:00'),
(124, 5, 1, 1, '2024-09-12', 'Present', NULL, NULL, '2026-04-24 19:05:00', '2026-04-24 19:05:00'),
(125, 5, 1, 1, '2024-09-13', 'Present', NULL, NULL, '2026-04-24 19:05:00', '2026-04-24 19:05:00'),
(126, 5, 1, 1, '2024-09-16', 'Late', NULL, NULL, '2026-04-24 19:05:00', '2026-04-24 19:05:00'),
(127, 5, 1, 1, '2024-09-17', 'Present', NULL, NULL, '2026-04-24 19:05:00', '2026-04-24 19:05:00'),
(128, 5, 1, 1, '2024-09-18', 'Present', NULL, NULL, '2026-04-24 19:05:00', '2026-04-24 19:05:00'),
(129, 5, 1, 1, '2024-09-19', 'Present', NULL, NULL, '2026-04-24 19:05:00', '2026-04-24 19:05:00'),
(130, 5, 1, 1, '2024-09-20', 'Present', NULL, NULL, '2026-04-24 19:05:00', '2026-04-24 19:05:00'),
(131, 5, 1, 1, '2024-09-23', 'Present', NULL, NULL, '2026-04-24 19:05:00', '2026-04-24 19:05:00'),
(132, 5, 1, 1, '2024-09-24', 'Present', NULL, NULL, '2026-04-24 19:05:00', '2026-04-24 19:05:00'),
(133, 5, 1, 1, '2024-09-25', 'Present', NULL, NULL, '2026-04-24 19:05:00', '2026-04-24 19:05:00'),
(134, 5, 1, 1, '2024-09-26', 'Present', NULL, NULL, '2026-04-24 19:05:00', '2026-04-24 19:05:00'),
(135, 5, 1, 1, '2024-09-27', 'Present', NULL, NULL, '2026-04-24 19:05:00', '2026-04-24 19:05:00'),
(136, 5, 1, 1, '2024-09-30', 'Present', NULL, NULL, '2026-04-24 19:05:00', '2026-04-24 19:05:00'),
(137, 5, 1, 1, '2024-10-01', 'Present', NULL, NULL, '2026-04-24 19:05:00', '2026-04-24 19:05:00'),
(138, 5, 1, 1, '2024-10-02', 'Present', NULL, NULL, '2026-04-24 19:05:00', '2026-04-24 19:05:00'),
(139, 5, 1, 1, '2024-10-03', 'Present', NULL, NULL, '2026-04-24 19:05:00', '2026-04-24 19:05:00'),
(140, 5, 1, 1, '2024-10-04', 'Present', NULL, NULL, '2026-04-24 19:05:00', '2026-04-24 19:05:00'),
(141, 5, 1, 1, '2024-10-07', 'Present', NULL, NULL, '2026-04-24 19:05:00', '2026-04-24 19:05:00'),
(142, 5, 1, 1, '2024-10-08', 'Late', NULL, NULL, '2026-04-24 19:05:00', '2026-04-24 19:05:00'),
(143, 5, 1, 1, '2024-10-09', 'Present', NULL, NULL, '2026-04-24 19:05:00', '2026-04-24 19:05:00'),
(144, 5, 1, 1, '2024-10-10', 'Present', NULL, NULL, '2026-04-24 19:05:00', '2026-04-24 19:05:00'),
(145, 5, 1, 1, '2024-10-11', 'Present', NULL, NULL, '2026-04-24 19:05:00', '2026-04-24 19:05:00'),
(146, 5, 1, 1, '2024-10-14', 'Late', NULL, NULL, '2026-04-24 19:05:00', '2026-04-24 19:05:00'),
(147, 5, 1, 1, '2024-10-15', 'Present', NULL, NULL, '2026-04-24 19:05:00', '2026-04-24 19:05:00'),
(148, 5, 1, 1, '2024-10-16', 'Present', NULL, NULL, '2026-04-24 19:05:00', '2026-04-24 19:05:00'),
(149, 5, 1, 1, '2024-10-17', 'Present', NULL, NULL, '2026-04-24 19:05:00', '2026-04-24 19:05:00'),
(150, 5, 1, 1, '2024-10-18', 'Present', NULL, NULL, '2026-04-24 19:05:00', '2026-04-24 19:05:00'),
(151, 6, 2, 1, '2024-09-09', 'Present', NULL, NULL, '2026-04-24 19:05:00', '2026-04-24 19:05:00'),
(152, 6, 2, 1, '2024-09-10', 'Absent', NULL, NULL, '2026-04-24 19:05:00', '2026-04-24 19:05:00'),
(153, 6, 2, 1, '2024-09-11', 'Late', NULL, NULL, '2026-04-24 19:05:00', '2026-04-24 19:05:00'),
(154, 6, 2, 1, '2024-09-12', 'Absent', NULL, NULL, '2026-04-24 19:05:00', '2026-04-24 19:05:00'),
(155, 6, 2, 1, '2024-09-13', 'Absent', NULL, NULL, '2026-04-24 19:05:00', '2026-04-24 19:05:00'),
(156, 6, 2, 1, '2024-09-16', 'Present', NULL, NULL, '2026-04-24 19:05:00', '2026-04-24 19:05:00'),
(157, 6, 2, 1, '2024-09-17', 'Present', NULL, NULL, '2026-04-24 19:05:00', '2026-04-24 19:05:00'),
(158, 6, 2, 1, '2024-09-18', 'Present', NULL, NULL, '2026-04-24 19:05:00', '2026-04-24 19:05:00'),
(159, 6, 2, 1, '2024-09-19', 'Present', NULL, NULL, '2026-04-24 19:05:00', '2026-04-24 19:05:00'),
(160, 6, 2, 1, '2024-09-20', 'Present', NULL, NULL, '2026-04-24 19:05:00', '2026-04-24 19:05:00'),
(161, 6, 2, 1, '2024-09-23', 'Absent', NULL, NULL, '2026-04-24 19:05:00', '2026-04-24 19:05:00'),
(162, 6, 2, 1, '2024-09-24', 'Present', NULL, NULL, '2026-04-24 19:05:00', '2026-04-24 19:05:00'),
(163, 6, 2, 1, '2024-09-25', 'Present', NULL, NULL, '2026-04-24 19:05:00', '2026-04-24 19:05:00'),
(164, 6, 2, 1, '2024-09-26', 'Present', NULL, NULL, '2026-04-24 19:05:00', '2026-04-24 19:05:00'),
(165, 6, 2, 1, '2024-09-27', 'Present', NULL, NULL, '2026-04-24 19:05:00', '2026-04-24 19:05:00'),
(166, 6, 2, 1, '2024-09-30', 'Present', NULL, NULL, '2026-04-24 19:05:00', '2026-04-24 19:05:00'),
(167, 6, 2, 1, '2024-10-01', 'Present', NULL, NULL, '2026-04-24 19:05:00', '2026-04-24 19:05:00'),
(168, 6, 2, 1, '2024-10-02', 'Present', NULL, NULL, '2026-04-24 19:05:00', '2026-04-24 19:05:00'),
(169, 6, 2, 1, '2024-10-03', 'Present', NULL, NULL, '2026-04-24 19:05:00', '2026-04-24 19:05:00'),
(170, 6, 2, 1, '2024-10-04', 'Present', NULL, NULL, '2026-04-24 19:05:00', '2026-04-24 19:05:00'),
(171, 6, 2, 1, '2024-10-07', 'Late', NULL, NULL, '2026-04-24 19:05:00', '2026-04-24 19:05:00'),
(172, 6, 2, 1, '2024-10-08', 'Late', NULL, NULL, '2026-04-24 19:05:00', '2026-04-24 19:05:00'),
(173, 6, 2, 1, '2024-10-09', 'Present', NULL, NULL, '2026-04-24 19:05:00', '2026-04-24 19:05:00'),
(174, 6, 2, 1, '2024-10-10', 'Present', NULL, NULL, '2026-04-24 19:05:00', '2026-04-24 19:05:00'),
(175, 6, 2, 1, '2024-10-11', 'Absent', NULL, NULL, '2026-04-24 19:05:00', '2026-04-24 19:05:00'),
(176, 6, 2, 1, '2024-10-14', 'Present', NULL, NULL, '2026-04-24 19:05:00', '2026-04-24 19:05:00'),
(177, 6, 2, 1, '2024-10-15', 'Present', NULL, NULL, '2026-04-24 19:05:00', '2026-04-24 19:05:00'),
(178, 6, 2, 1, '2024-10-16', 'Present', NULL, NULL, '2026-04-24 19:05:00', '2026-04-24 19:05:00'),
(179, 6, 2, 1, '2024-10-17', 'Present', NULL, NULL, '2026-04-24 19:05:00', '2026-04-24 19:05:00'),
(180, 6, 2, 1, '2024-10-18', 'Present', NULL, NULL, '2026-04-24 19:05:00', '2026-04-24 19:05:00'),
(181, 7, 2, 1, '2024-09-09', 'Present', NULL, NULL, '2026-04-24 19:05:00', '2026-04-24 19:05:00'),
(182, 7, 2, 1, '2024-09-10', 'Present', NULL, NULL, '2026-04-24 19:05:00', '2026-04-24 19:05:00'),
(183, 7, 2, 1, '2024-09-11', 'Present', NULL, NULL, '2026-04-24 19:05:00', '2026-04-24 19:05:00'),
(184, 7, 2, 1, '2024-09-12', 'Present', NULL, NULL, '2026-04-24 19:05:00', '2026-04-24 19:05:00'),
(185, 7, 2, 1, '2024-09-13', 'Present', NULL, NULL, '2026-04-24 19:05:00', '2026-04-24 19:05:00'),
(186, 7, 2, 1, '2024-09-16', 'Present', NULL, NULL, '2026-04-24 19:05:00', '2026-04-24 19:05:00'),
(187, 7, 2, 1, '2024-09-17', 'Present', NULL, NULL, '2026-04-24 19:05:00', '2026-04-24 19:05:00'),
(188, 7, 2, 1, '2024-09-18', 'Present', NULL, NULL, '2026-04-24 19:05:00', '2026-04-24 19:05:00'),
(189, 7, 2, 1, '2024-09-19', 'Present', NULL, NULL, '2026-04-24 19:05:00', '2026-04-24 19:05:00'),
(190, 7, 2, 1, '2024-09-20', 'Present', NULL, NULL, '2026-04-24 19:05:00', '2026-04-24 19:05:00'),
(191, 7, 2, 1, '2024-09-23', 'Present', NULL, NULL, '2026-04-24 19:05:00', '2026-04-24 19:05:00'),
(192, 7, 2, 1, '2024-09-24', 'Present', NULL, NULL, '2026-04-24 19:05:00', '2026-04-24 19:05:00'),
(193, 7, 2, 1, '2024-09-25', 'Present', NULL, NULL, '2026-04-24 19:05:00', '2026-04-24 19:05:00'),
(194, 7, 2, 1, '2024-09-26', 'Absent', NULL, NULL, '2026-04-24 19:05:00', '2026-04-24 19:05:00'),
(195, 7, 2, 1, '2024-09-27', 'Present', NULL, NULL, '2026-04-24 19:05:00', '2026-04-24 19:05:00'),
(196, 7, 2, 1, '2024-09-30', 'Present', NULL, NULL, '2026-04-24 19:05:00', '2026-04-24 19:05:00'),
(197, 7, 2, 1, '2024-10-01', 'Present', NULL, NULL, '2026-04-24 19:05:00', '2026-04-24 19:05:00'),
(198, 7, 2, 1, '2024-10-02', 'Present', NULL, NULL, '2026-04-24 19:05:00', '2026-04-24 19:05:00'),
(199, 7, 2, 1, '2024-10-03', 'Present', NULL, NULL, '2026-04-24 19:05:00', '2026-04-24 19:05:00'),
(200, 7, 2, 1, '2024-10-04', 'Present', NULL, NULL, '2026-04-24 19:05:00', '2026-04-24 19:05:00'),
(201, 7, 2, 1, '2024-10-07', 'Present', NULL, NULL, '2026-04-24 19:05:00', '2026-04-24 19:05:00'),
(202, 7, 2, 1, '2024-10-08', 'Present', NULL, NULL, '2026-04-24 19:05:00', '2026-04-24 19:05:00'),
(203, 7, 2, 1, '2024-10-09', 'Present', NULL, NULL, '2026-04-24 19:05:00', '2026-04-24 19:05:00'),
(204, 7, 2, 1, '2024-10-10', 'Present', NULL, NULL, '2026-04-24 19:05:00', '2026-04-24 19:05:00'),
(205, 7, 2, 1, '2024-10-11', 'Present', NULL, NULL, '2026-04-24 19:05:00', '2026-04-24 19:05:00'),
(206, 7, 2, 1, '2024-10-14', 'Present', NULL, NULL, '2026-04-24 19:05:00', '2026-04-24 19:05:00'),
(207, 7, 2, 1, '2024-10-15', 'Present', NULL, NULL, '2026-04-24 19:05:00', '2026-04-24 19:05:00'),
(208, 7, 2, 1, '2024-10-16', 'Late', NULL, NULL, '2026-04-24 19:05:00', '2026-04-24 19:05:00'),
(209, 7, 2, 1, '2024-10-17', 'Present', NULL, NULL, '2026-04-24 19:05:00', '2026-04-24 19:05:00'),
(210, 7, 2, 1, '2024-10-18', 'Present', NULL, NULL, '2026-04-24 19:05:00', '2026-04-24 19:05:00'),
(211, 8, 2, 1, '2024-09-09', 'Present', NULL, NULL, '2026-04-24 19:05:00', '2026-04-24 19:05:00'),
(212, 8, 2, 1, '2024-09-10', 'Absent', NULL, NULL, '2026-04-24 19:05:00', '2026-04-24 19:05:00'),
(213, 8, 2, 1, '2024-09-11', 'Present', NULL, NULL, '2026-04-24 19:05:00', '2026-04-24 19:05:00'),
(214, 8, 2, 1, '2024-09-12', 'Present', NULL, NULL, '2026-04-24 19:05:00', '2026-04-24 19:05:00'),
(215, 8, 2, 1, '2024-09-13', 'Present', NULL, NULL, '2026-04-24 19:05:00', '2026-04-24 19:05:00'),
(216, 8, 2, 1, '2024-09-16', 'Present', NULL, NULL, '2026-04-24 19:05:00', '2026-04-24 19:05:00'),
(217, 8, 2, 1, '2024-09-17', 'Late', NULL, NULL, '2026-04-24 19:05:00', '2026-04-24 19:05:00'),
(218, 8, 2, 1, '2024-09-18', 'Present', NULL, NULL, '2026-04-24 19:05:00', '2026-04-24 19:05:00'),
(219, 8, 2, 1, '2024-09-19', 'Present', NULL, NULL, '2026-04-24 19:05:00', '2026-04-24 19:05:00'),
(220, 8, 2, 1, '2024-09-20', 'Present', NULL, NULL, '2026-04-24 19:05:00', '2026-04-24 19:05:00'),
(221, 8, 2, 1, '2024-09-23', 'Absent', NULL, NULL, '2026-04-24 19:05:00', '2026-04-24 19:05:00'),
(222, 8, 2, 1, '2024-09-24', 'Present', NULL, NULL, '2026-04-24 19:05:00', '2026-04-24 19:05:00'),
(223, 8, 2, 1, '2024-09-25', 'Present', NULL, NULL, '2026-04-24 19:05:00', '2026-04-24 19:05:00'),
(224, 8, 2, 1, '2024-09-26', 'Present', NULL, NULL, '2026-04-24 19:05:00', '2026-04-24 19:05:00'),
(225, 8, 2, 1, '2024-09-27', 'Late', NULL, NULL, '2026-04-24 19:05:00', '2026-04-24 19:05:00'),
(226, 8, 2, 1, '2024-09-30', 'Absent', NULL, NULL, '2026-04-24 19:05:00', '2026-04-24 19:05:00'),
(227, 8, 2, 1, '2024-10-01', 'Present', NULL, NULL, '2026-04-24 19:05:00', '2026-04-24 19:05:00'),
(228, 8, 2, 1, '2024-10-02', 'Present', NULL, NULL, '2026-04-24 19:05:00', '2026-04-24 19:05:00'),
(229, 8, 2, 1, '2024-10-03', 'Present', NULL, NULL, '2026-04-24 19:05:00', '2026-04-24 19:05:00'),
(230, 8, 2, 1, '2024-10-04', 'Present', NULL, NULL, '2026-04-24 19:05:00', '2026-04-24 19:05:00'),
(231, 8, 2, 1, '2024-10-07', 'Present', NULL, NULL, '2026-04-24 19:05:00', '2026-04-24 19:05:00'),
(232, 8, 2, 1, '2024-10-08', 'Present', NULL, NULL, '2026-04-24 19:05:00', '2026-04-24 19:05:00'),
(233, 8, 2, 1, '2024-10-09', 'Present', NULL, NULL, '2026-04-24 19:05:00', '2026-04-24 19:05:00'),
(234, 8, 2, 1, '2024-10-10', 'Present', NULL, NULL, '2026-04-24 19:05:01', '2026-04-24 19:05:01'),
(235, 8, 2, 1, '2024-10-11', 'Present', NULL, NULL, '2026-04-24 19:05:01', '2026-04-24 19:05:01'),
(236, 8, 2, 1, '2024-10-14', 'Present', NULL, NULL, '2026-04-24 19:05:01', '2026-04-24 19:05:01'),
(237, 8, 2, 1, '2024-10-15', 'Late', NULL, NULL, '2026-04-24 19:05:01', '2026-04-24 19:05:01'),
(238, 8, 2, 1, '2024-10-16', 'Present', NULL, NULL, '2026-04-24 19:05:01', '2026-04-24 19:05:01'),
(239, 8, 2, 1, '2024-10-17', 'Present', NULL, NULL, '2026-04-24 19:05:01', '2026-04-24 19:05:01'),
(240, 8, 2, 1, '2024-10-18', 'Present', NULL, NULL, '2026-04-24 19:05:01', '2026-04-24 19:05:01'),
(241, 9, 2, 1, '2024-09-09', 'Present', NULL, NULL, '2026-04-24 19:05:01', '2026-04-24 19:05:01'),
(242, 9, 2, 1, '2024-09-10', 'Present', NULL, NULL, '2026-04-24 19:05:01', '2026-04-24 19:05:01'),
(243, 9, 2, 1, '2024-09-11', 'Present', NULL, NULL, '2026-04-24 19:05:01', '2026-04-24 19:05:01'),
(244, 9, 2, 1, '2024-09-12', 'Present', NULL, NULL, '2026-04-24 19:05:01', '2026-04-24 19:05:01'),
(245, 9, 2, 1, '2024-09-13', 'Present', NULL, NULL, '2026-04-24 19:05:01', '2026-04-24 19:05:01'),
(246, 9, 2, 1, '2024-09-16', 'Present', NULL, NULL, '2026-04-24 19:05:01', '2026-04-24 19:05:01'),
(247, 9, 2, 1, '2024-09-17', 'Late', NULL, NULL, '2026-04-24 19:05:01', '2026-04-24 19:05:01'),
(248, 9, 2, 1, '2024-09-18', 'Present', NULL, NULL, '2026-04-24 19:05:01', '2026-04-24 19:05:01'),
(249, 9, 2, 1, '2024-09-19', 'Late', NULL, NULL, '2026-04-24 19:05:01', '2026-04-24 19:05:01'),
(250, 9, 2, 1, '2024-09-20', 'Present', NULL, NULL, '2026-04-24 19:05:01', '2026-04-24 19:05:01'),
(251, 9, 2, 1, '2024-09-23', 'Present', NULL, NULL, '2026-04-24 19:05:01', '2026-04-24 19:05:01'),
(252, 9, 2, 1, '2024-09-24', 'Present', NULL, NULL, '2026-04-24 19:05:01', '2026-04-24 19:05:01'),
(253, 9, 2, 1, '2024-09-25', 'Present', NULL, NULL, '2026-04-24 19:05:01', '2026-04-24 19:05:01'),
(254, 9, 2, 1, '2024-09-26', 'Late', NULL, NULL, '2026-04-24 19:05:01', '2026-04-24 19:05:01'),
(255, 9, 2, 1, '2024-09-27', 'Present', NULL, NULL, '2026-04-24 19:05:01', '2026-04-24 19:05:01'),
(256, 9, 2, 1, '2024-09-30', 'Present', NULL, NULL, '2026-04-24 19:05:01', '2026-04-24 19:05:01'),
(257, 9, 2, 1, '2024-10-01', 'Present', NULL, NULL, '2026-04-24 19:05:01', '2026-04-24 19:05:01'),
(258, 9, 2, 1, '2024-10-02', 'Absent', NULL, NULL, '2026-04-24 19:05:01', '2026-04-24 19:05:01'),
(259, 9, 2, 1, '2024-10-03', 'Late', NULL, NULL, '2026-04-24 19:05:01', '2026-04-24 19:05:01'),
(260, 9, 2, 1, '2024-10-04', 'Present', NULL, NULL, '2026-04-24 19:05:01', '2026-04-24 19:05:01'),
(261, 9, 2, 1, '2024-10-07', 'Present', NULL, NULL, '2026-04-24 19:05:01', '2026-04-24 19:05:01'),
(262, 9, 2, 1, '2024-10-08', 'Present', NULL, NULL, '2026-04-24 19:05:01', '2026-04-24 19:05:01'),
(263, 9, 2, 1, '2024-10-09', 'Present', NULL, NULL, '2026-04-24 19:05:01', '2026-04-24 19:05:01'),
(264, 9, 2, 1, '2024-10-10', 'Present', NULL, NULL, '2026-04-24 19:05:01', '2026-04-24 19:05:01'),
(265, 9, 2, 1, '2024-10-11', 'Present', NULL, NULL, '2026-04-24 19:05:01', '2026-04-24 19:05:01'),
(266, 9, 2, 1, '2024-10-14', 'Present', NULL, NULL, '2026-04-24 19:05:01', '2026-04-24 19:05:01'),
(267, 9, 2, 1, '2024-10-15', 'Present', NULL, NULL, '2026-04-24 19:05:01', '2026-04-24 19:05:01'),
(268, 9, 2, 1, '2024-10-16', 'Late', NULL, NULL, '2026-04-24 19:05:01', '2026-04-24 19:05:01'),
(269, 9, 2, 1, '2024-10-17', 'Present', NULL, NULL, '2026-04-24 19:05:01', '2026-04-24 19:05:01'),
(270, 9, 2, 1, '2024-10-18', 'Present', NULL, NULL, '2026-04-24 19:05:01', '2026-04-24 19:05:01'),
(271, 10, 2, 1, '2024-09-09', 'Present', NULL, NULL, '2026-04-24 19:05:01', '2026-04-24 19:05:01'),
(272, 10, 2, 1, '2024-09-10', 'Present', NULL, NULL, '2026-04-24 19:05:01', '2026-04-24 19:05:01'),
(273, 10, 2, 1, '2024-09-11', 'Present', NULL, NULL, '2026-04-24 19:05:01', '2026-04-24 19:05:01'),
(274, 10, 2, 1, '2024-09-12', 'Present', NULL, NULL, '2026-04-24 19:05:01', '2026-04-24 19:05:01'),
(275, 10, 2, 1, '2024-09-13', 'Present', NULL, NULL, '2026-04-24 19:05:01', '2026-04-24 19:05:01'),
(276, 10, 2, 1, '2024-09-16', 'Absent', NULL, NULL, '2026-04-24 19:05:01', '2026-04-24 19:05:01'),
(277, 10, 2, 1, '2024-09-17', 'Present', NULL, NULL, '2026-04-24 19:05:01', '2026-04-24 19:05:01'),
(278, 10, 2, 1, '2024-09-18', 'Present', NULL, NULL, '2026-04-24 19:05:01', '2026-04-24 19:05:01'),
(279, 10, 2, 1, '2024-09-19', 'Present', NULL, NULL, '2026-04-24 19:05:01', '2026-04-24 19:05:01'),
(280, 10, 2, 1, '2024-09-20', 'Present', NULL, NULL, '2026-04-24 19:05:01', '2026-04-24 19:05:01'),
(281, 10, 2, 1, '2024-09-23', 'Present', NULL, NULL, '2026-04-24 19:05:01', '2026-04-24 19:05:01'),
(282, 10, 2, 1, '2024-09-24', 'Present', NULL, NULL, '2026-04-24 19:05:01', '2026-04-24 19:05:01'),
(283, 10, 2, 1, '2024-09-25', 'Late', NULL, NULL, '2026-04-24 19:05:01', '2026-04-24 19:05:01'),
(284, 10, 2, 1, '2024-09-26', 'Absent', NULL, NULL, '2026-04-24 19:05:01', '2026-04-24 19:05:01'),
(285, 10, 2, 1, '2024-09-27', 'Late', NULL, NULL, '2026-04-24 19:05:01', '2026-04-24 19:05:01'),
(286, 10, 2, 1, '2024-09-30', 'Present', NULL, NULL, '2026-04-24 19:05:01', '2026-04-24 19:05:01'),
(287, 10, 2, 1, '2024-10-01', 'Present', NULL, NULL, '2026-04-24 19:05:01', '2026-04-24 19:05:01'),
(288, 10, 2, 1, '2024-10-02', 'Present', NULL, NULL, '2026-04-24 19:05:01', '2026-04-24 19:05:01'),
(289, 10, 2, 1, '2024-10-03', 'Present', NULL, NULL, '2026-04-24 19:05:01', '2026-04-24 19:05:01'),
(290, 10, 2, 1, '2024-10-04', 'Present', NULL, NULL, '2026-04-24 19:05:01', '2026-04-24 19:05:01'),
(291, 10, 2, 1, '2024-10-07', 'Present', NULL, NULL, '2026-04-24 19:05:01', '2026-04-24 19:05:01'),
(292, 10, 2, 1, '2024-10-08', 'Present', NULL, NULL, '2026-04-24 19:05:01', '2026-04-24 19:05:01'),
(293, 10, 2, 1, '2024-10-09', 'Present', NULL, NULL, '2026-04-24 19:05:01', '2026-04-24 19:05:01'),
(294, 10, 2, 1, '2024-10-10', 'Present', NULL, NULL, '2026-04-24 19:05:01', '2026-04-24 19:05:01'),
(295, 10, 2, 1, '2024-10-11', 'Late', NULL, NULL, '2026-04-24 19:05:01', '2026-04-24 19:05:01'),
(296, 10, 2, 1, '2024-10-14', 'Present', NULL, NULL, '2026-04-24 19:05:01', '2026-04-24 19:05:01'),
(297, 10, 2, 1, '2024-10-15', 'Present', NULL, NULL, '2026-04-24 19:05:01', '2026-04-24 19:05:01'),
(298, 10, 2, 1, '2024-10-16', 'Present', NULL, NULL, '2026-04-24 19:05:01', '2026-04-24 19:05:01'),
(299, 10, 2, 1, '2024-10-17', 'Present', NULL, NULL, '2026-04-24 19:05:01', '2026-04-24 19:05:01'),
(300, 10, 2, 1, '2024-10-18', 'Present', NULL, NULL, '2026-04-24 19:05:01', '2026-04-24 19:05:01'),
(301, 11, 3, 1, '2024-09-09', 'Late', NULL, NULL, '2026-04-24 19:05:01', '2026-04-24 19:05:01'),
(302, 11, 3, 1, '2024-09-10', 'Present', NULL, NULL, '2026-04-24 19:05:01', '2026-04-24 19:05:01'),
(303, 11, 3, 1, '2024-09-11', 'Absent', NULL, NULL, '2026-04-24 19:05:01', '2026-04-24 19:05:01'),
(304, 11, 3, 1, '2024-09-12', 'Absent', NULL, NULL, '2026-04-24 19:05:01', '2026-04-24 19:05:01'),
(305, 11, 3, 1, '2024-09-13', 'Present', NULL, NULL, '2026-04-24 19:05:01', '2026-04-24 19:05:01'),
(306, 11, 3, 1, '2024-09-16', 'Present', NULL, NULL, '2026-04-24 19:05:01', '2026-04-24 19:05:01'),
(307, 11, 3, 1, '2024-09-17', 'Absent', NULL, NULL, '2026-04-24 19:05:01', '2026-04-24 19:05:01'),
(308, 11, 3, 1, '2024-09-18', 'Present', NULL, NULL, '2026-04-24 19:05:01', '2026-04-24 19:05:01'),
(309, 11, 3, 1, '2024-09-19', 'Present', NULL, NULL, '2026-04-24 19:05:01', '2026-04-24 19:05:01'),
(310, 11, 3, 1, '2024-09-20', 'Present', NULL, NULL, '2026-04-24 19:05:01', '2026-04-24 19:05:01'),
(311, 11, 3, 1, '2024-09-23', 'Present', NULL, NULL, '2026-04-24 19:05:01', '2026-04-24 19:05:01'),
(312, 11, 3, 1, '2024-09-24', 'Present', NULL, NULL, '2026-04-24 19:05:01', '2026-04-24 19:05:01'),
(313, 11, 3, 1, '2024-09-25', 'Present', NULL, NULL, '2026-04-24 19:05:01', '2026-04-24 19:05:01'),
(314, 11, 3, 1, '2024-09-26', 'Present', NULL, NULL, '2026-04-24 19:05:01', '2026-04-24 19:05:01'),
(315, 11, 3, 1, '2024-09-27', 'Present', NULL, NULL, '2026-04-24 19:05:01', '2026-04-24 19:05:01'),
(316, 11, 3, 1, '2024-09-30', 'Absent', NULL, NULL, '2026-04-24 19:05:01', '2026-04-24 19:05:01'),
(317, 11, 3, 1, '2024-10-01', 'Present', NULL, NULL, '2026-04-24 19:05:01', '2026-04-24 19:05:01'),
(318, 11, 3, 1, '2024-10-02', 'Present', NULL, NULL, '2026-04-24 19:05:01', '2026-04-24 19:05:01'),
(319, 11, 3, 1, '2024-10-03', 'Present', NULL, NULL, '2026-04-24 19:05:01', '2026-04-24 19:05:01'),
(320, 11, 3, 1, '2024-10-04', 'Present', NULL, NULL, '2026-04-24 19:05:01', '2026-04-24 19:05:01'),
(321, 11, 3, 1, '2024-10-07', 'Present', NULL, NULL, '2026-04-24 19:05:01', '2026-04-24 19:05:01'),
(322, 11, 3, 1, '2024-10-08', 'Present', NULL, NULL, '2026-04-24 19:05:01', '2026-04-24 19:05:01'),
(323, 11, 3, 1, '2024-10-09', 'Late', NULL, NULL, '2026-04-24 19:05:01', '2026-04-24 19:05:01'),
(324, 11, 3, 1, '2024-10-10', 'Present', NULL, NULL, '2026-04-24 19:05:01', '2026-04-24 19:05:01'),
(325, 11, 3, 1, '2024-10-11', 'Present', NULL, NULL, '2026-04-24 19:05:01', '2026-04-24 19:05:01'),
(326, 11, 3, 1, '2024-10-14', 'Present', NULL, NULL, '2026-04-24 19:05:01', '2026-04-24 19:05:01'),
(327, 11, 3, 1, '2024-10-15', 'Present', NULL, NULL, '2026-04-24 19:05:01', '2026-04-24 19:05:01'),
(328, 11, 3, 1, '2024-10-16', 'Present', NULL, NULL, '2026-04-24 19:05:01', '2026-04-24 19:05:01'),
(329, 11, 3, 1, '2024-10-17', 'Present', NULL, NULL, '2026-04-24 19:05:01', '2026-04-24 19:05:01'),
(330, 11, 3, 1, '2024-10-18', 'Present', NULL, NULL, '2026-04-24 19:05:01', '2026-04-24 19:05:01'),
(331, 12, 3, 1, '2024-09-09', 'Present', NULL, NULL, '2026-04-24 19:05:01', '2026-04-24 19:05:01'),
(332, 12, 3, 1, '2024-09-10', 'Present', NULL, NULL, '2026-04-24 19:05:01', '2026-04-24 19:05:01'),
(333, 12, 3, 1, '2024-09-11', 'Present', NULL, NULL, '2026-04-24 19:05:01', '2026-04-24 19:05:01'),
(334, 12, 3, 1, '2024-09-12', 'Present', NULL, NULL, '2026-04-24 19:05:01', '2026-04-24 19:05:01'),
(335, 12, 3, 1, '2024-09-13', 'Late', NULL, NULL, '2026-04-24 19:05:01', '2026-04-24 19:05:01'),
(336, 12, 3, 1, '2024-09-16', 'Present', NULL, NULL, '2026-04-24 19:05:01', '2026-04-24 19:05:01'),
(337, 12, 3, 1, '2024-09-17', 'Present', NULL, NULL, '2026-04-24 19:05:01', '2026-04-24 19:05:01'),
(338, 12, 3, 1, '2024-09-18', 'Absent', NULL, NULL, '2026-04-24 19:05:01', '2026-04-24 19:05:01'),
(339, 12, 3, 1, '2024-09-19', 'Present', NULL, NULL, '2026-04-24 19:05:01', '2026-04-24 19:05:01'),
(340, 12, 3, 1, '2024-09-20', 'Present', NULL, NULL, '2026-04-24 19:05:01', '2026-04-24 19:05:01'),
(341, 12, 3, 1, '2024-09-23', 'Present', NULL, NULL, '2026-04-24 19:05:01', '2026-04-24 19:05:01'),
(342, 12, 3, 1, '2024-09-24', 'Present', NULL, NULL, '2026-04-24 19:05:01', '2026-04-24 19:05:01'),
(343, 12, 3, 1, '2024-09-25', 'Present', NULL, NULL, '2026-04-24 19:05:01', '2026-04-24 19:05:01'),
(344, 12, 3, 1, '2024-09-26', 'Absent', NULL, NULL, '2026-04-24 19:05:01', '2026-04-24 19:05:01'),
(345, 12, 3, 1, '2024-09-27', 'Present', NULL, NULL, '2026-04-24 19:05:01', '2026-04-24 19:05:01'),
(346, 12, 3, 1, '2024-09-30', 'Present', NULL, NULL, '2026-04-24 19:05:01', '2026-04-24 19:05:01'),
(347, 12, 3, 1, '2024-10-01', 'Late', NULL, NULL, '2026-04-24 19:05:01', '2026-04-24 19:05:01'),
(348, 12, 3, 1, '2024-10-02', 'Present', NULL, NULL, '2026-04-24 19:05:01', '2026-04-24 19:05:01'),
(349, 12, 3, 1, '2024-10-03', 'Present', NULL, NULL, '2026-04-24 19:05:01', '2026-04-24 19:05:01'),
(350, 12, 3, 1, '2024-10-04', 'Present', NULL, NULL, '2026-04-24 19:05:01', '2026-04-24 19:05:01'),
(351, 12, 3, 1, '2024-10-07', 'Present', NULL, NULL, '2026-04-24 19:05:01', '2026-04-24 19:05:01'),
(352, 12, 3, 1, '2024-10-08', 'Absent', NULL, NULL, '2026-04-24 19:05:01', '2026-04-24 19:05:01'),
(353, 12, 3, 1, '2024-10-09', 'Present', NULL, NULL, '2026-04-24 19:05:01', '2026-04-24 19:05:01'),
(354, 12, 3, 1, '2024-10-10', 'Absent', NULL, NULL, '2026-04-24 19:05:01', '2026-04-24 19:05:01'),
(355, 12, 3, 1, '2024-10-11', 'Present', NULL, NULL, '2026-04-24 19:05:01', '2026-04-24 19:05:01'),
(356, 12, 3, 1, '2024-10-14', 'Present', NULL, NULL, '2026-04-24 19:05:01', '2026-04-24 19:05:01'),
(357, 12, 3, 1, '2024-10-15', 'Present', NULL, NULL, '2026-04-24 19:05:01', '2026-04-24 19:05:01'),
(358, 12, 3, 1, '2024-10-16', 'Present', NULL, NULL, '2026-04-24 19:05:01', '2026-04-24 19:05:01'),
(359, 12, 3, 1, '2024-10-17', 'Present', NULL, NULL, '2026-04-24 19:05:01', '2026-04-24 19:05:01'),
(360, 12, 3, 1, '2024-10-18', 'Present', NULL, NULL, '2026-04-24 19:05:01', '2026-04-24 19:05:01'),
(361, 13, 3, 1, '2024-09-09', 'Present', NULL, NULL, '2026-04-24 19:05:01', '2026-04-24 19:05:01'),
(362, 13, 3, 1, '2024-09-10', 'Present', NULL, NULL, '2026-04-24 19:05:01', '2026-04-24 19:05:01'),
(363, 13, 3, 1, '2024-09-11', 'Present', NULL, NULL, '2026-04-24 19:05:01', '2026-04-24 19:05:01'),
(364, 13, 3, 1, '2024-09-12', 'Present', NULL, NULL, '2026-04-24 19:05:01', '2026-04-24 19:05:01'),
(365, 13, 3, 1, '2024-09-13', 'Present', NULL, NULL, '2026-04-24 19:05:01', '2026-04-24 19:05:01'),
(366, 13, 3, 1, '2024-09-16', 'Absent', NULL, NULL, '2026-04-24 19:05:01', '2026-04-24 19:05:01'),
(367, 13, 3, 1, '2024-09-17', 'Present', NULL, NULL, '2026-04-24 19:05:01', '2026-04-24 19:05:01'),
(368, 13, 3, 1, '2024-09-18', 'Present', NULL, NULL, '2026-04-24 19:05:01', '2026-04-24 19:05:01'),
(369, 13, 3, 1, '2024-09-19', 'Present', NULL, NULL, '2026-04-24 19:05:01', '2026-04-24 19:05:01'),
(370, 13, 3, 1, '2024-09-20', 'Late', NULL, NULL, '2026-04-24 19:05:01', '2026-04-24 19:05:01'),
(371, 13, 3, 1, '2024-09-23', 'Present', NULL, NULL, '2026-04-24 19:05:01', '2026-04-24 19:05:01'),
(372, 13, 3, 1, '2024-09-24', 'Late', NULL, NULL, '2026-04-24 19:05:01', '2026-04-24 19:05:01'),
(373, 13, 3, 1, '2024-09-25', 'Present', NULL, NULL, '2026-04-24 19:05:01', '2026-04-24 19:05:01'),
(374, 13, 3, 1, '2024-09-26', 'Present', NULL, NULL, '2026-04-24 19:05:01', '2026-04-24 19:05:01'),
(375, 13, 3, 1, '2024-09-27', 'Absent', NULL, NULL, '2026-04-24 19:05:01', '2026-04-24 19:05:01'),
(376, 13, 3, 1, '2024-09-30', 'Present', NULL, NULL, '2026-04-24 19:05:01', '2026-04-24 19:05:01'),
(377, 13, 3, 1, '2024-10-01', 'Late', NULL, NULL, '2026-04-24 19:05:01', '2026-04-24 19:05:01'),
(378, 13, 3, 1, '2024-10-02', 'Present', NULL, NULL, '2026-04-24 19:05:01', '2026-04-24 19:05:01'),
(379, 13, 3, 1, '2024-10-03', 'Late', NULL, NULL, '2026-04-24 19:05:01', '2026-04-24 19:05:01'),
(380, 13, 3, 1, '2024-10-04', 'Present', NULL, NULL, '2026-04-24 19:05:01', '2026-04-24 19:05:01'),
(381, 13, 3, 1, '2024-10-07', 'Present', NULL, NULL, '2026-04-24 19:05:01', '2026-04-24 19:05:01'),
(382, 13, 3, 1, '2024-10-08', 'Present', NULL, NULL, '2026-04-24 19:05:01', '2026-04-24 19:05:01'),
(383, 13, 3, 1, '2024-10-09', 'Present', NULL, NULL, '2026-04-24 19:05:01', '2026-04-24 19:05:01'),
(384, 13, 3, 1, '2024-10-10', 'Present', NULL, NULL, '2026-04-24 19:05:01', '2026-04-24 19:05:01'),
(385, 13, 3, 1, '2024-10-11', 'Absent', NULL, NULL, '2026-04-24 19:05:01', '2026-04-24 19:05:01'),
(386, 13, 3, 1, '2024-10-14', 'Late', NULL, NULL, '2026-04-24 19:05:01', '2026-04-24 19:05:01'),
(387, 13, 3, 1, '2024-10-15', 'Present', NULL, NULL, '2026-04-24 19:05:01', '2026-04-24 19:05:01'),
(388, 13, 3, 1, '2024-10-16', 'Present', NULL, NULL, '2026-04-24 19:05:01', '2026-04-24 19:05:01'),
(389, 13, 3, 1, '2024-10-17', 'Present', NULL, NULL, '2026-04-24 19:05:01', '2026-04-24 19:05:01'),
(390, 13, 3, 1, '2024-10-18', 'Present', NULL, NULL, '2026-04-24 19:05:01', '2026-04-24 19:05:01'),
(391, 14, 3, 1, '2024-09-09', 'Present', NULL, NULL, '2026-04-24 19:05:01', '2026-04-24 19:05:01'),
(392, 14, 3, 1, '2024-09-10', 'Late', NULL, NULL, '2026-04-24 19:05:01', '2026-04-24 19:05:01'),
(393, 14, 3, 1, '2024-09-11', 'Present', NULL, NULL, '2026-04-24 19:05:01', '2026-04-24 19:05:01'),
(394, 14, 3, 1, '2024-09-12', 'Present', NULL, NULL, '2026-04-24 19:05:01', '2026-04-24 19:05:01'),
(395, 14, 3, 1, '2024-09-13', 'Present', NULL, NULL, '2026-04-24 19:05:01', '2026-04-24 19:05:01'),
(396, 14, 3, 1, '2024-09-16', 'Present', NULL, NULL, '2026-04-24 19:05:01', '2026-04-24 19:05:01'),
(397, 14, 3, 1, '2024-09-17', 'Present', NULL, NULL, '2026-04-24 19:05:01', '2026-04-24 19:05:01'),
(398, 14, 3, 1, '2024-09-18', 'Present', NULL, NULL, '2026-04-24 19:05:01', '2026-04-24 19:05:01'),
(399, 14, 3, 1, '2024-09-19', 'Absent', NULL, NULL, '2026-04-24 19:05:01', '2026-04-24 19:05:01'),
(400, 14, 3, 1, '2024-09-20', 'Absent', NULL, NULL, '2026-04-24 19:05:01', '2026-04-24 19:05:01'),
(401, 14, 3, 1, '2024-09-23', 'Present', NULL, NULL, '2026-04-24 19:05:01', '2026-04-24 19:05:01'),
(402, 14, 3, 1, '2024-09-24', 'Present', NULL, NULL, '2026-04-24 19:05:01', '2026-04-24 19:05:01'),
(403, 14, 3, 1, '2024-09-25', 'Present', NULL, NULL, '2026-04-24 19:05:01', '2026-04-24 19:05:01'),
(404, 14, 3, 1, '2024-09-26', 'Present', NULL, NULL, '2026-04-24 19:05:01', '2026-04-24 19:05:01'),
(405, 14, 3, 1, '2024-09-27', 'Present', NULL, NULL, '2026-04-24 19:05:01', '2026-04-24 19:05:01'),
(406, 14, 3, 1, '2024-09-30', 'Absent', NULL, NULL, '2026-04-24 19:05:01', '2026-04-24 19:05:01'),
(407, 14, 3, 1, '2024-10-01', 'Absent', NULL, NULL, '2026-04-24 19:05:01', '2026-04-24 19:05:01'),
(408, 14, 3, 1, '2024-10-02', 'Present', NULL, NULL, '2026-04-24 19:05:01', '2026-04-24 19:05:01'),
(409, 14, 3, 1, '2024-10-03', 'Present', NULL, NULL, '2026-04-24 19:05:01', '2026-04-24 19:05:01'),
(410, 14, 3, 1, '2024-10-04', 'Present', NULL, NULL, '2026-04-24 19:05:01', '2026-04-24 19:05:01'),
(411, 14, 3, 1, '2024-10-07', 'Present', NULL, NULL, '2026-04-24 19:05:01', '2026-04-24 19:05:01'),
(412, 14, 3, 1, '2024-10-08', 'Absent', NULL, NULL, '2026-04-24 19:05:01', '2026-04-24 19:05:01'),
(413, 14, 3, 1, '2024-10-09', 'Present', NULL, NULL, '2026-04-24 19:05:01', '2026-04-24 19:05:01'),
(414, 14, 3, 1, '2024-10-10', 'Present', NULL, NULL, '2026-04-24 19:05:01', '2026-04-24 19:05:01'),
(415, 14, 3, 1, '2024-10-11', 'Present', NULL, NULL, '2026-04-24 19:05:01', '2026-04-24 19:05:01'),
(416, 14, 3, 1, '2024-10-14', 'Present', NULL, NULL, '2026-04-24 19:05:01', '2026-04-24 19:05:01'),
(417, 14, 3, 1, '2024-10-15', 'Present', NULL, NULL, '2026-04-24 19:05:01', '2026-04-24 19:05:01'),
(418, 14, 3, 1, '2024-10-16', 'Present', NULL, NULL, '2026-04-24 19:05:01', '2026-04-24 19:05:01'),
(419, 14, 3, 1, '2024-10-17', 'Present', NULL, NULL, '2026-04-24 19:05:01', '2026-04-24 19:05:01'),
(420, 14, 3, 1, '2024-10-18', 'Present', NULL, NULL, '2026-04-24 19:05:01', '2026-04-24 19:05:01'),
(421, 15, 3, 1, '2024-09-09', 'Late', NULL, NULL, '2026-04-24 19:05:01', '2026-04-24 19:05:01'),
(422, 15, 3, 1, '2024-09-10', 'Present', NULL, NULL, '2026-04-24 19:05:01', '2026-04-24 19:05:01'),
(423, 15, 3, 1, '2024-09-11', 'Present', NULL, NULL, '2026-04-24 19:05:01', '2026-04-24 19:05:01'),
(424, 15, 3, 1, '2024-09-12', 'Present', NULL, NULL, '2026-04-24 19:05:01', '2026-04-24 19:05:01'),
(425, 15, 3, 1, '2024-09-13', 'Present', NULL, NULL, '2026-04-24 19:05:01', '2026-04-24 19:05:01'),
(426, 15, 3, 1, '2024-09-16', 'Present', NULL, NULL, '2026-04-24 19:05:01', '2026-04-24 19:05:01'),
(427, 15, 3, 1, '2024-09-17', 'Present', NULL, NULL, '2026-04-24 19:05:01', '2026-04-24 19:05:01'),
(428, 15, 3, 1, '2024-09-18', 'Present', NULL, NULL, '2026-04-24 19:05:01', '2026-04-24 19:05:01'),
(429, 15, 3, 1, '2024-09-19', 'Present', NULL, NULL, '2026-04-24 19:05:01', '2026-04-24 19:05:01'),
(430, 15, 3, 1, '2024-09-20', 'Present', NULL, NULL, '2026-04-24 19:05:01', '2026-04-24 19:05:01'),
(431, 15, 3, 1, '2024-09-23', 'Present', NULL, NULL, '2026-04-24 19:05:01', '2026-04-24 19:05:01'),
(432, 15, 3, 1, '2024-09-24', 'Present', NULL, NULL, '2026-04-24 19:05:01', '2026-04-24 19:05:01'),
(433, 15, 3, 1, '2024-09-25', 'Present', NULL, NULL, '2026-04-24 19:05:01', '2026-04-24 19:05:01'),
(434, 15, 3, 1, '2024-09-26', 'Present', NULL, NULL, '2026-04-24 19:05:01', '2026-04-24 19:05:01'),
(435, 15, 3, 1, '2024-09-27', 'Present', NULL, NULL, '2026-04-24 19:05:01', '2026-04-24 19:05:01'),
(436, 15, 3, 1, '2024-09-30', 'Present', NULL, NULL, '2026-04-24 19:05:01', '2026-04-24 19:05:01'),
(437, 15, 3, 1, '2024-10-01', 'Present', NULL, NULL, '2026-04-24 19:05:01', '2026-04-24 19:05:01'),
(438, 15, 3, 1, '2024-10-02', 'Present', NULL, NULL, '2026-04-24 19:05:01', '2026-04-24 19:05:01'),
(439, 15, 3, 1, '2024-10-03', 'Present', NULL, NULL, '2026-04-24 19:05:01', '2026-04-24 19:05:01'),
(440, 15, 3, 1, '2024-10-04', 'Late', NULL, NULL, '2026-04-24 19:05:01', '2026-04-24 19:05:01'),
(441, 15, 3, 1, '2024-10-07', 'Late', NULL, NULL, '2026-04-24 19:05:01', '2026-04-24 19:05:01'),
(442, 15, 3, 1, '2024-10-08', 'Late', NULL, NULL, '2026-04-24 19:05:01', '2026-04-24 19:05:01'),
(443, 15, 3, 1, '2024-10-09', 'Present', NULL, NULL, '2026-04-24 19:05:01', '2026-04-24 19:05:01'),
(444, 15, 3, 1, '2024-10-10', 'Present', NULL, NULL, '2026-04-24 19:05:01', '2026-04-24 19:05:01'),
(445, 15, 3, 1, '2024-10-11', 'Present', NULL, NULL, '2026-04-24 19:05:01', '2026-04-24 19:05:01'),
(446, 15, 3, 1, '2024-10-14', 'Present', NULL, NULL, '2026-04-24 19:05:01', '2026-04-24 19:05:01'),
(447, 15, 3, 1, '2024-10-15', 'Present', NULL, NULL, '2026-04-24 19:05:01', '2026-04-24 19:05:01'),
(448, 15, 3, 1, '2024-10-16', 'Present', NULL, NULL, '2026-04-24 19:05:01', '2026-04-24 19:05:01'),
(449, 15, 3, 1, '2024-10-17', 'Present', NULL, NULL, '2026-04-24 19:05:01', '2026-04-24 19:05:01'),
(450, 15, 3, 1, '2024-10-18', 'Present', NULL, NULL, '2026-04-24 19:05:01', '2026-04-24 19:05:01'),
(451, 16, 4, 1, '2024-09-09', 'Present', NULL, NULL, '2026-04-24 19:05:01', '2026-04-24 19:05:01'),
(452, 16, 4, 1, '2024-09-10', 'Present', NULL, NULL, '2026-04-24 19:05:01', '2026-04-24 19:05:01'),
(453, 16, 4, 1, '2024-09-11', 'Late', NULL, NULL, '2026-04-24 19:05:01', '2026-04-24 19:05:01'),
(454, 16, 4, 1, '2024-09-12', 'Present', NULL, NULL, '2026-04-24 19:05:01', '2026-04-24 19:05:01'),
(455, 16, 4, 1, '2024-09-13', 'Present', NULL, NULL, '2026-04-24 19:05:01', '2026-04-24 19:05:01'),
(456, 16, 4, 1, '2024-09-16', 'Present', NULL, NULL, '2026-04-24 19:05:01', '2026-04-24 19:05:01'),
(457, 16, 4, 1, '2024-09-17', 'Present', NULL, NULL, '2026-04-24 19:05:01', '2026-04-24 19:05:01'),
(458, 16, 4, 1, '2024-09-18', 'Present', NULL, NULL, '2026-04-24 19:05:01', '2026-04-24 19:05:01'),
(459, 16, 4, 1, '2024-09-19', 'Present', NULL, NULL, '2026-04-24 19:05:01', '2026-04-24 19:05:01'),
(460, 16, 4, 1, '2024-09-20', 'Present', NULL, NULL, '2026-04-24 19:05:01', '2026-04-24 19:05:01'),
(461, 16, 4, 1, '2024-09-23', 'Present', NULL, NULL, '2026-04-24 19:05:01', '2026-04-24 19:05:01'),
(462, 16, 4, 1, '2024-09-24', 'Present', NULL, NULL, '2026-04-24 19:05:01', '2026-04-24 19:05:01'),
(463, 16, 4, 1, '2024-09-25', 'Present', NULL, NULL, '2026-04-24 19:05:01', '2026-04-24 19:05:01'),
(464, 16, 4, 1, '2024-09-26', 'Present', NULL, NULL, '2026-04-24 19:05:01', '2026-04-24 19:05:01'),
(465, 16, 4, 1, '2024-09-27', 'Present', NULL, NULL, '2026-04-24 19:05:01', '2026-04-24 19:05:01'),
(466, 16, 4, 1, '2024-09-30', 'Present', NULL, NULL, '2026-04-24 19:05:01', '2026-04-24 19:05:01'),
(467, 16, 4, 1, '2024-10-01', 'Present', NULL, NULL, '2026-04-24 19:05:01', '2026-04-24 19:05:01'),
(468, 16, 4, 1, '2024-10-02', 'Present', NULL, NULL, '2026-04-24 19:05:01', '2026-04-24 19:05:01'),
(469, 16, 4, 1, '2024-10-03', 'Present', NULL, NULL, '2026-04-24 19:05:01', '2026-04-24 19:05:01'),
(470, 16, 4, 1, '2024-10-04', 'Present', NULL, NULL, '2026-04-24 19:05:01', '2026-04-24 19:05:01'),
(471, 16, 4, 1, '2024-10-07', 'Absent', NULL, NULL, '2026-04-24 19:05:01', '2026-04-24 19:05:01'),
(472, 16, 4, 1, '2024-10-08', 'Late', NULL, NULL, '2026-04-24 19:05:01', '2026-04-24 19:05:01'),
(473, 16, 4, 1, '2024-10-09', 'Present', NULL, NULL, '2026-04-24 19:05:01', '2026-04-24 19:05:01'),
(474, 16, 4, 1, '2024-10-10', 'Present', NULL, NULL, '2026-04-24 19:05:01', '2026-04-24 19:05:01'),
(475, 16, 4, 1, '2024-10-11', 'Present', NULL, NULL, '2026-04-24 19:05:01', '2026-04-24 19:05:01'),
(476, 16, 4, 1, '2024-10-14', 'Absent', NULL, NULL, '2026-04-24 19:05:01', '2026-04-24 19:05:01'),
(477, 16, 4, 1, '2024-10-15', 'Present', NULL, NULL, '2026-04-24 19:05:01', '2026-04-24 19:05:01'),
(478, 16, 4, 1, '2024-10-16', 'Present', NULL, NULL, '2026-04-24 19:05:01', '2026-04-24 19:05:01'),
(479, 16, 4, 1, '2024-10-17', 'Late', NULL, NULL, '2026-04-24 19:05:01', '2026-04-24 19:05:01'),
(480, 16, 4, 1, '2024-10-18', 'Late', NULL, NULL, '2026-04-24 19:05:01', '2026-04-24 19:05:01'),
(481, 17, 4, 1, '2024-09-09', 'Absent', NULL, NULL, '2026-04-24 19:05:01', '2026-04-24 19:05:01'),
(482, 17, 4, 1, '2024-09-10', 'Late', NULL, NULL, '2026-04-24 19:05:01', '2026-04-24 19:05:01'),
(483, 17, 4, 1, '2024-09-11', 'Present', NULL, NULL, '2026-04-24 19:05:01', '2026-04-24 19:05:01'),
(484, 17, 4, 1, '2024-09-12', 'Present', NULL, NULL, '2026-04-24 19:05:01', '2026-04-24 19:05:01'),
(485, 17, 4, 1, '2024-09-13', 'Absent', NULL, NULL, '2026-04-24 19:05:01', '2026-04-24 19:05:01'),
(486, 17, 4, 1, '2024-09-16', 'Present', NULL, NULL, '2026-04-24 19:05:01', '2026-04-24 19:05:01'),
(487, 17, 4, 1, '2024-09-17', 'Absent', NULL, NULL, '2026-04-24 19:05:01', '2026-04-24 19:05:01'),
(488, 17, 4, 1, '2024-09-18', 'Present', NULL, NULL, '2026-04-24 19:05:01', '2026-04-24 19:05:01'),
(489, 17, 4, 1, '2024-09-19', 'Present', NULL, NULL, '2026-04-24 19:05:01', '2026-04-24 19:05:01'),
(490, 17, 4, 1, '2024-09-20', 'Present', NULL, NULL, '2026-04-24 19:05:01', '2026-04-24 19:05:01'),
(491, 17, 4, 1, '2024-09-23', 'Present', NULL, NULL, '2026-04-24 19:05:01', '2026-04-24 19:05:01'),
(492, 17, 4, 1, '2024-09-24', 'Present', NULL, NULL, '2026-04-24 19:05:01', '2026-04-24 19:05:01'),
(493, 17, 4, 1, '2024-09-25', 'Present', NULL, NULL, '2026-04-24 19:05:01', '2026-04-24 19:05:01'),
(494, 17, 4, 1, '2024-09-26', 'Present', NULL, NULL, '2026-04-24 19:05:01', '2026-04-24 19:05:01'),
(495, 17, 4, 1, '2024-09-27', 'Late', NULL, NULL, '2026-04-24 19:05:01', '2026-04-24 19:05:01'),
(496, 17, 4, 1, '2024-09-30', 'Present', NULL, NULL, '2026-04-24 19:05:01', '2026-04-24 19:05:01'),
(497, 17, 4, 1, '2024-10-01', 'Present', NULL, NULL, '2026-04-24 19:05:01', '2026-04-24 19:05:01'),
(498, 17, 4, 1, '2024-10-02', 'Absent', NULL, NULL, '2026-04-24 19:05:01', '2026-04-24 19:05:01'),
(499, 17, 4, 1, '2024-10-03', 'Present', NULL, NULL, '2026-04-24 19:05:01', '2026-04-24 19:05:01'),
(500, 17, 4, 1, '2024-10-04', 'Present', NULL, NULL, '2026-04-24 19:05:01', '2026-04-24 19:05:01'),
(501, 17, 4, 1, '2024-10-07', 'Absent', NULL, NULL, '2026-04-24 19:05:01', '2026-04-24 19:05:01'),
(502, 17, 4, 1, '2024-10-08', 'Absent', NULL, NULL, '2026-04-24 19:05:01', '2026-04-24 19:05:01'),
(503, 17, 4, 1, '2024-10-09', 'Present', NULL, NULL, '2026-04-24 19:05:01', '2026-04-24 19:05:01'),
(504, 17, 4, 1, '2024-10-10', 'Present', NULL, NULL, '2026-04-24 19:05:01', '2026-04-24 19:05:01'),
(505, 17, 4, 1, '2024-10-11', 'Present', NULL, NULL, '2026-04-24 19:05:01', '2026-04-24 19:05:01'),
(506, 17, 4, 1, '2024-10-14', 'Late', NULL, NULL, '2026-04-24 19:05:01', '2026-04-24 19:05:01'),
(507, 17, 4, 1, '2024-10-15', 'Present', NULL, NULL, '2026-04-24 19:05:01', '2026-04-24 19:05:01'),
(508, 17, 4, 1, '2024-10-16', 'Present', NULL, NULL, '2026-04-24 19:05:01', '2026-04-24 19:05:01'),
(509, 17, 4, 1, '2024-10-17', 'Present', NULL, NULL, '2026-04-24 19:05:01', '2026-04-24 19:05:01'),
(510, 17, 4, 1, '2024-10-18', 'Present', NULL, NULL, '2026-04-24 19:05:01', '2026-04-24 19:05:01'),
(511, 18, 4, 1, '2024-09-09', 'Present', NULL, NULL, '2026-04-24 19:05:01', '2026-04-24 19:05:01'),
(512, 18, 4, 1, '2024-09-10', 'Late', NULL, NULL, '2026-04-24 19:05:01', '2026-04-24 19:05:01'),
(513, 18, 4, 1, '2024-09-11', 'Present', NULL, NULL, '2026-04-24 19:05:01', '2026-04-24 19:05:01'),
(514, 18, 4, 1, '2024-09-12', 'Present', NULL, NULL, '2026-04-24 19:05:01', '2026-04-24 19:05:01');
INSERT INTO `attendance_records` (`id`, `student_id`, `class_arm_id`, `term_id`, `attendance_date`, `status`, `remarks`, `marked_by`, `created_at`, `updated_at`) VALUES
(515, 18, 4, 1, '2024-09-13', 'Late', NULL, NULL, '2026-04-24 19:05:01', '2026-04-24 19:05:01'),
(516, 18, 4, 1, '2024-09-16', 'Present', NULL, NULL, '2026-04-24 19:05:01', '2026-04-24 19:05:01'),
(517, 18, 4, 1, '2024-09-17', 'Absent', NULL, NULL, '2026-04-24 19:05:01', '2026-04-24 19:05:01'),
(518, 18, 4, 1, '2024-09-18', 'Late', NULL, NULL, '2026-04-24 19:05:01', '2026-04-24 19:05:01'),
(519, 18, 4, 1, '2024-09-19', 'Present', NULL, NULL, '2026-04-24 19:05:01', '2026-04-24 19:05:01'),
(520, 18, 4, 1, '2024-09-20', 'Absent', NULL, NULL, '2026-04-24 19:05:01', '2026-04-24 19:05:01'),
(521, 18, 4, 1, '2024-09-23', 'Present', NULL, NULL, '2026-04-24 19:05:01', '2026-04-24 19:05:01'),
(522, 18, 4, 1, '2024-09-24', 'Present', NULL, NULL, '2026-04-24 19:05:01', '2026-04-24 19:05:01'),
(523, 18, 4, 1, '2024-09-25', 'Present', NULL, NULL, '2026-04-24 19:05:01', '2026-04-24 19:05:01'),
(524, 18, 4, 1, '2024-09-26', 'Present', NULL, NULL, '2026-04-24 19:05:01', '2026-04-24 19:05:01'),
(525, 18, 4, 1, '2024-09-27', 'Present', NULL, NULL, '2026-04-24 19:05:01', '2026-04-24 19:05:01'),
(526, 18, 4, 1, '2024-09-30', 'Present', NULL, NULL, '2026-04-24 19:05:01', '2026-04-24 19:05:01'),
(527, 18, 4, 1, '2024-10-01', 'Present', NULL, NULL, '2026-04-24 19:05:01', '2026-04-24 19:05:01'),
(528, 18, 4, 1, '2024-10-02', 'Present', NULL, NULL, '2026-04-24 19:05:01', '2026-04-24 19:05:01'),
(529, 18, 4, 1, '2024-10-03', 'Present', NULL, NULL, '2026-04-24 19:05:01', '2026-04-24 19:05:01'),
(530, 18, 4, 1, '2024-10-04', 'Late', NULL, NULL, '2026-04-24 19:05:01', '2026-04-24 19:05:01'),
(531, 18, 4, 1, '2024-10-07', 'Present', NULL, NULL, '2026-04-24 19:05:01', '2026-04-24 19:05:01'),
(532, 18, 4, 1, '2024-10-08', 'Present', NULL, NULL, '2026-04-24 19:05:01', '2026-04-24 19:05:01'),
(533, 18, 4, 1, '2024-10-09', 'Present', NULL, NULL, '2026-04-24 19:05:01', '2026-04-24 19:05:01'),
(534, 18, 4, 1, '2024-10-10', 'Present', NULL, NULL, '2026-04-24 19:05:01', '2026-04-24 19:05:01'),
(535, 18, 4, 1, '2024-10-11', 'Present', NULL, NULL, '2026-04-24 19:05:01', '2026-04-24 19:05:01'),
(536, 18, 4, 1, '2024-10-14', 'Late', NULL, NULL, '2026-04-24 19:05:01', '2026-04-24 19:05:01'),
(537, 18, 4, 1, '2024-10-15', 'Present', NULL, NULL, '2026-04-24 19:05:01', '2026-04-24 19:05:01'),
(538, 18, 4, 1, '2024-10-16', 'Late', NULL, NULL, '2026-04-24 19:05:01', '2026-04-24 19:05:01'),
(539, 18, 4, 1, '2024-10-17', 'Present', NULL, NULL, '2026-04-24 19:05:01', '2026-04-24 19:05:01'),
(540, 18, 4, 1, '2024-10-18', 'Present', NULL, NULL, '2026-04-24 19:05:01', '2026-04-24 19:05:01'),
(541, 19, 4, 1, '2024-09-09', 'Late', NULL, NULL, '2026-04-24 19:05:01', '2026-04-24 19:05:01'),
(542, 19, 4, 1, '2024-09-10', 'Late', NULL, NULL, '2026-04-24 19:05:01', '2026-04-24 19:05:01'),
(543, 19, 4, 1, '2024-09-11', 'Present', NULL, NULL, '2026-04-24 19:05:01', '2026-04-24 19:05:01'),
(544, 19, 4, 1, '2024-09-12', 'Present', NULL, NULL, '2026-04-24 19:05:01', '2026-04-24 19:05:01'),
(545, 19, 4, 1, '2024-09-13', 'Late', NULL, NULL, '2026-04-24 19:05:01', '2026-04-24 19:05:01'),
(546, 19, 4, 1, '2024-09-16', 'Present', NULL, NULL, '2026-04-24 19:05:01', '2026-04-24 19:05:01'),
(547, 19, 4, 1, '2024-09-17', 'Present', NULL, NULL, '2026-04-24 19:05:01', '2026-04-24 19:05:01'),
(548, 19, 4, 1, '2024-09-18', 'Present', NULL, NULL, '2026-04-24 19:05:01', '2026-04-24 19:05:01'),
(549, 19, 4, 1, '2024-09-19', 'Present', NULL, NULL, '2026-04-24 19:05:01', '2026-04-24 19:05:01'),
(550, 19, 4, 1, '2024-09-20', 'Absent', NULL, NULL, '2026-04-24 19:05:01', '2026-04-24 19:05:01'),
(551, 19, 4, 1, '2024-09-23', 'Present', NULL, NULL, '2026-04-24 19:05:01', '2026-04-24 19:05:01'),
(552, 19, 4, 1, '2024-09-24', 'Present', NULL, NULL, '2026-04-24 19:05:01', '2026-04-24 19:05:01'),
(553, 19, 4, 1, '2024-09-25', 'Present', NULL, NULL, '2026-04-24 19:05:01', '2026-04-24 19:05:01'),
(554, 19, 4, 1, '2024-09-26', 'Late', NULL, NULL, '2026-04-24 19:05:01', '2026-04-24 19:05:01'),
(555, 19, 4, 1, '2024-09-27', 'Present', NULL, NULL, '2026-04-24 19:05:01', '2026-04-24 19:05:01'),
(556, 19, 4, 1, '2024-09-30', 'Present', NULL, NULL, '2026-04-24 19:05:01', '2026-04-24 19:05:01'),
(557, 19, 4, 1, '2024-10-01', 'Present', NULL, NULL, '2026-04-24 19:05:01', '2026-04-24 19:05:01'),
(558, 19, 4, 1, '2024-10-02', 'Present', NULL, NULL, '2026-04-24 19:05:01', '2026-04-24 19:05:01'),
(559, 19, 4, 1, '2024-10-03', 'Present', NULL, NULL, '2026-04-24 19:05:01', '2026-04-24 19:05:01'),
(560, 19, 4, 1, '2024-10-04', 'Present', NULL, NULL, '2026-04-24 19:05:01', '2026-04-24 19:05:01'),
(561, 19, 4, 1, '2024-10-07', 'Present', NULL, NULL, '2026-04-24 19:05:01', '2026-04-24 19:05:01'),
(562, 19, 4, 1, '2024-10-08', 'Present', NULL, NULL, '2026-04-24 19:05:01', '2026-04-24 19:05:01'),
(563, 19, 4, 1, '2024-10-09', 'Present', NULL, NULL, '2026-04-24 19:05:01', '2026-04-24 19:05:01'),
(564, 19, 4, 1, '2024-10-10', 'Present', NULL, NULL, '2026-04-24 19:05:01', '2026-04-24 19:05:01'),
(565, 19, 4, 1, '2024-10-11', 'Present', NULL, NULL, '2026-04-24 19:05:01', '2026-04-24 19:05:01'),
(566, 19, 4, 1, '2024-10-14', 'Present', NULL, NULL, '2026-04-24 19:05:01', '2026-04-24 19:05:01'),
(567, 19, 4, 1, '2024-10-15', 'Present', NULL, NULL, '2026-04-24 19:05:01', '2026-04-24 19:05:01'),
(568, 19, 4, 1, '2024-10-16', 'Present', NULL, NULL, '2026-04-24 19:05:01', '2026-04-24 19:05:01'),
(569, 19, 4, 1, '2024-10-17', 'Present', NULL, NULL, '2026-04-24 19:05:01', '2026-04-24 19:05:01'),
(570, 19, 4, 1, '2024-10-18', 'Present', NULL, NULL, '2026-04-24 19:05:01', '2026-04-24 19:05:01'),
(571, 20, 4, 1, '2024-09-09', 'Absent', NULL, NULL, '2026-04-24 19:05:01', '2026-04-24 19:05:01'),
(572, 20, 4, 1, '2024-09-10', 'Present', NULL, NULL, '2026-04-24 19:05:01', '2026-04-24 19:05:01'),
(573, 20, 4, 1, '2024-09-11', 'Absent', NULL, NULL, '2026-04-24 19:05:01', '2026-04-24 19:05:01'),
(574, 20, 4, 1, '2024-09-12', 'Present', NULL, NULL, '2026-04-24 19:05:01', '2026-04-24 19:05:01'),
(575, 20, 4, 1, '2024-09-13', 'Absent', NULL, NULL, '2026-04-24 19:05:01', '2026-04-24 19:05:01'),
(576, 20, 4, 1, '2024-09-16', 'Present', NULL, NULL, '2026-04-24 19:05:01', '2026-04-24 19:05:01'),
(577, 20, 4, 1, '2024-09-17', 'Late', NULL, NULL, '2026-04-24 19:05:01', '2026-04-24 19:05:01'),
(578, 20, 4, 1, '2024-09-18', 'Present', NULL, NULL, '2026-04-24 19:05:01', '2026-04-24 19:05:01'),
(579, 20, 4, 1, '2024-09-19', 'Present', NULL, NULL, '2026-04-24 19:05:01', '2026-04-24 19:05:01'),
(580, 20, 4, 1, '2024-09-20', 'Present', NULL, NULL, '2026-04-24 19:05:01', '2026-04-24 19:05:01'),
(581, 20, 4, 1, '2024-09-23', 'Present', NULL, NULL, '2026-04-24 19:05:01', '2026-04-24 19:05:01'),
(582, 20, 4, 1, '2024-09-24', 'Late', NULL, NULL, '2026-04-24 19:05:01', '2026-04-24 19:05:01'),
(583, 20, 4, 1, '2024-09-25', 'Present', NULL, NULL, '2026-04-24 19:05:01', '2026-04-24 19:05:01'),
(584, 20, 4, 1, '2024-09-26', 'Present', NULL, NULL, '2026-04-24 19:05:01', '2026-04-24 19:05:01'),
(585, 20, 4, 1, '2024-09-27', 'Present', NULL, NULL, '2026-04-24 19:05:01', '2026-04-24 19:05:01'),
(586, 20, 4, 1, '2024-09-30', 'Present', NULL, NULL, '2026-04-24 19:05:01', '2026-04-24 19:05:01'),
(587, 20, 4, 1, '2024-10-01', 'Present', NULL, NULL, '2026-04-24 19:05:01', '2026-04-24 19:05:01'),
(588, 20, 4, 1, '2024-10-02', 'Absent', NULL, NULL, '2026-04-24 19:05:01', '2026-04-24 19:05:01'),
(589, 20, 4, 1, '2024-10-03', 'Present', NULL, NULL, '2026-04-24 19:05:01', '2026-04-24 19:05:01'),
(590, 20, 4, 1, '2024-10-04', 'Present', NULL, NULL, '2026-04-24 19:05:01', '2026-04-24 19:05:01'),
(591, 20, 4, 1, '2024-10-07', 'Present', NULL, NULL, '2026-04-24 19:05:01', '2026-04-24 19:05:01'),
(592, 20, 4, 1, '2024-10-08', 'Late', NULL, NULL, '2026-04-24 19:05:01', '2026-04-24 19:05:01'),
(593, 20, 4, 1, '2024-10-09', 'Present', NULL, NULL, '2026-04-24 19:05:01', '2026-04-24 19:05:01'),
(594, 20, 4, 1, '2024-10-10', 'Present', NULL, NULL, '2026-04-24 19:05:01', '2026-04-24 19:05:01'),
(595, 20, 4, 1, '2024-10-11', 'Late', NULL, NULL, '2026-04-24 19:05:01', '2026-04-24 19:05:01'),
(596, 20, 4, 1, '2024-10-14', 'Present', NULL, NULL, '2026-04-24 19:05:01', '2026-04-24 19:05:01'),
(597, 20, 4, 1, '2024-10-15', 'Absent', NULL, NULL, '2026-04-24 19:05:01', '2026-04-24 19:05:01'),
(598, 20, 4, 1, '2024-10-16', 'Present', NULL, NULL, '2026-04-24 19:05:01', '2026-04-24 19:05:01'),
(599, 20, 4, 1, '2024-10-17', 'Present', NULL, NULL, '2026-04-24 19:05:01', '2026-04-24 19:05:01'),
(600, 20, 4, 1, '2024-10-18', 'Present', NULL, NULL, '2026-04-24 19:05:01', '2026-04-24 19:05:01'),
(601, 21, 5, 1, '2024-09-09', 'Present', NULL, NULL, '2026-04-24 19:05:01', '2026-04-24 19:05:01'),
(602, 21, 5, 1, '2024-09-10', 'Late', NULL, NULL, '2026-04-24 19:05:01', '2026-04-24 19:05:01'),
(603, 21, 5, 1, '2024-09-11', 'Present', NULL, NULL, '2026-04-24 19:05:01', '2026-04-24 19:05:01'),
(604, 21, 5, 1, '2024-09-12', 'Present', NULL, NULL, '2026-04-24 19:05:01', '2026-04-24 19:05:01'),
(605, 21, 5, 1, '2024-09-13', 'Present', NULL, NULL, '2026-04-24 19:05:01', '2026-04-24 19:05:01'),
(606, 21, 5, 1, '2024-09-16', 'Absent', NULL, NULL, '2026-04-24 19:05:01', '2026-04-24 19:05:01'),
(607, 21, 5, 1, '2024-09-17', 'Present', NULL, NULL, '2026-04-24 19:05:01', '2026-04-24 19:05:01'),
(608, 21, 5, 1, '2024-09-18', 'Present', NULL, NULL, '2026-04-24 19:05:01', '2026-04-24 19:05:01'),
(609, 21, 5, 1, '2024-09-19', 'Present', NULL, NULL, '2026-04-24 19:05:01', '2026-04-24 19:05:01'),
(610, 21, 5, 1, '2024-09-20', 'Present', NULL, NULL, '2026-04-24 19:05:01', '2026-04-24 19:05:01'),
(611, 21, 5, 1, '2024-09-23', 'Absent', NULL, NULL, '2026-04-24 19:05:01', '2026-04-24 19:05:01'),
(612, 21, 5, 1, '2024-09-24', 'Present', NULL, NULL, '2026-04-24 19:05:01', '2026-04-24 19:05:01'),
(613, 21, 5, 1, '2024-09-25', 'Present', NULL, NULL, '2026-04-24 19:05:01', '2026-04-24 19:05:01'),
(614, 21, 5, 1, '2024-09-26', 'Late', NULL, NULL, '2026-04-24 19:05:01', '2026-04-24 19:05:01'),
(615, 21, 5, 1, '2024-09-27', 'Present', NULL, NULL, '2026-04-24 19:05:01', '2026-04-24 19:05:01'),
(616, 21, 5, 1, '2024-09-30', 'Present', NULL, NULL, '2026-04-24 19:05:01', '2026-04-24 19:05:01'),
(617, 21, 5, 1, '2024-10-01', 'Present', NULL, NULL, '2026-04-24 19:05:01', '2026-04-24 19:05:01'),
(618, 21, 5, 1, '2024-10-02', 'Present', NULL, NULL, '2026-04-24 19:05:01', '2026-04-24 19:05:01'),
(619, 21, 5, 1, '2024-10-03', 'Present', NULL, NULL, '2026-04-24 19:05:01', '2026-04-24 19:05:01'),
(620, 21, 5, 1, '2024-10-04', 'Present', NULL, NULL, '2026-04-24 19:05:01', '2026-04-24 19:05:01'),
(621, 21, 5, 1, '2024-10-07', 'Present', NULL, NULL, '2026-04-24 19:05:01', '2026-04-24 19:05:01'),
(622, 21, 5, 1, '2024-10-08', 'Present', NULL, NULL, '2026-04-24 19:05:01', '2026-04-24 19:05:01'),
(623, 21, 5, 1, '2024-10-09', 'Absent', NULL, NULL, '2026-04-24 19:05:01', '2026-04-24 19:05:01'),
(624, 21, 5, 1, '2024-10-10', 'Present', NULL, NULL, '2026-04-24 19:05:01', '2026-04-24 19:05:01'),
(625, 21, 5, 1, '2024-10-11', 'Absent', NULL, NULL, '2026-04-24 19:05:01', '2026-04-24 19:05:01'),
(626, 21, 5, 1, '2024-10-14', 'Absent', NULL, NULL, '2026-04-24 19:05:01', '2026-04-24 19:05:01'),
(627, 21, 5, 1, '2024-10-15', 'Present', NULL, NULL, '2026-04-24 19:05:01', '2026-04-24 19:05:01'),
(628, 21, 5, 1, '2024-10-16', 'Present', NULL, NULL, '2026-04-24 19:05:01', '2026-04-24 19:05:01'),
(629, 21, 5, 1, '2024-10-17', 'Present', NULL, NULL, '2026-04-24 19:05:01', '2026-04-24 19:05:01'),
(630, 21, 5, 1, '2024-10-18', 'Late', NULL, NULL, '2026-04-24 19:05:01', '2026-04-24 19:05:01'),
(631, 22, 5, 1, '2024-09-09', 'Present', NULL, NULL, '2026-04-24 19:05:01', '2026-04-24 19:05:01'),
(632, 22, 5, 1, '2024-09-10', 'Absent', NULL, NULL, '2026-04-24 19:05:01', '2026-04-24 19:05:01'),
(633, 22, 5, 1, '2024-09-11', 'Present', NULL, NULL, '2026-04-24 19:05:01', '2026-04-24 19:05:01'),
(634, 22, 5, 1, '2024-09-12', 'Absent', NULL, NULL, '2026-04-24 19:05:01', '2026-04-24 19:05:01'),
(635, 22, 5, 1, '2024-09-13', 'Present', NULL, NULL, '2026-04-24 19:05:01', '2026-04-24 19:05:01'),
(636, 22, 5, 1, '2024-09-16', 'Present', NULL, NULL, '2026-04-24 19:05:01', '2026-04-24 19:05:01'),
(637, 22, 5, 1, '2024-09-17', 'Present', NULL, NULL, '2026-04-24 19:05:01', '2026-04-24 19:05:01'),
(638, 22, 5, 1, '2024-09-18', 'Present', NULL, NULL, '2026-04-24 19:05:01', '2026-04-24 19:05:01'),
(639, 22, 5, 1, '2024-09-19', 'Absent', NULL, NULL, '2026-04-24 19:05:01', '2026-04-24 19:05:01'),
(640, 22, 5, 1, '2024-09-20', 'Present', NULL, NULL, '2026-04-24 19:05:01', '2026-04-24 19:05:01'),
(641, 22, 5, 1, '2024-09-23', 'Present', NULL, NULL, '2026-04-24 19:05:01', '2026-04-24 19:05:01'),
(642, 22, 5, 1, '2024-09-24', 'Late', NULL, NULL, '2026-04-24 19:05:01', '2026-04-24 19:05:01'),
(643, 22, 5, 1, '2024-09-25', 'Present', NULL, NULL, '2026-04-24 19:05:01', '2026-04-24 19:05:01'),
(644, 22, 5, 1, '2024-09-26', 'Absent', NULL, NULL, '2026-04-24 19:05:01', '2026-04-24 19:05:01'),
(645, 22, 5, 1, '2024-09-27', 'Present', NULL, NULL, '2026-04-24 19:05:01', '2026-04-24 19:05:01'),
(646, 22, 5, 1, '2024-09-30', 'Absent', NULL, NULL, '2026-04-24 19:05:01', '2026-04-24 19:05:01'),
(647, 22, 5, 1, '2024-10-01', 'Present', NULL, NULL, '2026-04-24 19:05:01', '2026-04-24 19:05:01'),
(648, 22, 5, 1, '2024-10-02', 'Present', NULL, NULL, '2026-04-24 19:05:01', '2026-04-24 19:05:01'),
(649, 22, 5, 1, '2024-10-03', 'Present', NULL, NULL, '2026-04-24 19:05:01', '2026-04-24 19:05:01'),
(650, 22, 5, 1, '2024-10-04', 'Present', NULL, NULL, '2026-04-24 19:05:01', '2026-04-24 19:05:01'),
(651, 22, 5, 1, '2024-10-07', 'Absent', NULL, NULL, '2026-04-24 19:05:01', '2026-04-24 19:05:01'),
(652, 22, 5, 1, '2024-10-08', 'Present', NULL, NULL, '2026-04-24 19:05:01', '2026-04-24 19:05:01'),
(653, 22, 5, 1, '2024-10-09', 'Present', NULL, NULL, '2026-04-24 19:05:01', '2026-04-24 19:05:01'),
(654, 22, 5, 1, '2024-10-10', 'Present', NULL, NULL, '2026-04-24 19:05:01', '2026-04-24 19:05:01'),
(655, 22, 5, 1, '2024-10-11', 'Present', NULL, NULL, '2026-04-24 19:05:01', '2026-04-24 19:05:01'),
(656, 22, 5, 1, '2024-10-14', 'Present', NULL, NULL, '2026-04-24 19:05:01', '2026-04-24 19:05:01'),
(657, 22, 5, 1, '2024-10-15', 'Present', NULL, NULL, '2026-04-24 19:05:01', '2026-04-24 19:05:01'),
(658, 22, 5, 1, '2024-10-16', 'Present', NULL, NULL, '2026-04-24 19:05:01', '2026-04-24 19:05:01'),
(659, 22, 5, 1, '2024-10-17', 'Present', NULL, NULL, '2026-04-24 19:05:01', '2026-04-24 19:05:01'),
(660, 22, 5, 1, '2024-10-18', 'Present', NULL, NULL, '2026-04-24 19:05:01', '2026-04-24 19:05:01'),
(661, 23, 5, 1, '2024-09-09', 'Present', NULL, NULL, '2026-04-24 19:05:01', '2026-04-24 19:05:01'),
(662, 23, 5, 1, '2024-09-10', 'Present', NULL, NULL, '2026-04-24 19:05:01', '2026-04-24 19:05:01'),
(663, 23, 5, 1, '2024-09-11', 'Late', NULL, NULL, '2026-04-24 19:05:01', '2026-04-24 19:05:01'),
(664, 23, 5, 1, '2024-09-12', 'Present', NULL, NULL, '2026-04-24 19:05:01', '2026-04-24 19:05:01'),
(665, 23, 5, 1, '2024-09-13', 'Present', NULL, NULL, '2026-04-24 19:05:01', '2026-04-24 19:05:01'),
(666, 23, 5, 1, '2024-09-16', 'Present', NULL, NULL, '2026-04-24 19:05:01', '2026-04-24 19:05:01'),
(667, 23, 5, 1, '2024-09-17', 'Present', NULL, NULL, '2026-04-24 19:05:01', '2026-04-24 19:05:01'),
(668, 23, 5, 1, '2024-09-18', 'Present', NULL, NULL, '2026-04-24 19:05:01', '2026-04-24 19:05:01'),
(669, 23, 5, 1, '2024-09-19', 'Present', NULL, NULL, '2026-04-24 19:05:01', '2026-04-24 19:05:01'),
(670, 23, 5, 1, '2024-09-20', 'Present', NULL, NULL, '2026-04-24 19:05:01', '2026-04-24 19:05:01'),
(671, 23, 5, 1, '2024-09-23', 'Absent', NULL, NULL, '2026-04-24 19:05:01', '2026-04-24 19:05:01'),
(672, 23, 5, 1, '2024-09-24', 'Present', NULL, NULL, '2026-04-24 19:05:01', '2026-04-24 19:05:01'),
(673, 23, 5, 1, '2024-09-25', 'Present', NULL, NULL, '2026-04-24 19:05:01', '2026-04-24 19:05:01'),
(674, 23, 5, 1, '2024-09-26', 'Late', NULL, NULL, '2026-04-24 19:05:01', '2026-04-24 19:05:01'),
(675, 23, 5, 1, '2024-09-27', 'Present', NULL, NULL, '2026-04-24 19:05:01', '2026-04-24 19:05:01'),
(676, 23, 5, 1, '2024-09-30', 'Late', NULL, NULL, '2026-04-24 19:05:01', '2026-04-24 19:05:01'),
(677, 23, 5, 1, '2024-10-01', 'Present', NULL, NULL, '2026-04-24 19:05:01', '2026-04-24 19:05:01'),
(678, 23, 5, 1, '2024-10-02', 'Present', NULL, NULL, '2026-04-24 19:05:01', '2026-04-24 19:05:01'),
(679, 23, 5, 1, '2024-10-03', 'Absent', NULL, NULL, '2026-04-24 19:05:01', '2026-04-24 19:05:01'),
(680, 23, 5, 1, '2024-10-04', 'Absent', NULL, NULL, '2026-04-24 19:05:01', '2026-04-24 19:05:01'),
(681, 23, 5, 1, '2024-10-07', 'Present', NULL, NULL, '2026-04-24 19:05:01', '2026-04-24 19:05:01'),
(682, 23, 5, 1, '2024-10-08', 'Present', NULL, NULL, '2026-04-24 19:05:01', '2026-04-24 19:05:01'),
(683, 23, 5, 1, '2024-10-09', 'Present', NULL, NULL, '2026-04-24 19:05:01', '2026-04-24 19:05:01'),
(684, 23, 5, 1, '2024-10-10', 'Present', NULL, NULL, '2026-04-24 19:05:01', '2026-04-24 19:05:01'),
(685, 23, 5, 1, '2024-10-11', 'Present', NULL, NULL, '2026-04-24 19:05:01', '2026-04-24 19:05:01'),
(686, 23, 5, 1, '2024-10-14', 'Present', NULL, NULL, '2026-04-24 19:05:01', '2026-04-24 19:05:01'),
(687, 23, 5, 1, '2024-10-15', 'Present', NULL, NULL, '2026-04-24 19:05:01', '2026-04-24 19:05:01'),
(688, 23, 5, 1, '2024-10-16', 'Absent', NULL, NULL, '2026-04-24 19:05:01', '2026-04-24 19:05:01'),
(689, 23, 5, 1, '2024-10-17', 'Absent', NULL, NULL, '2026-04-24 19:05:01', '2026-04-24 19:05:01'),
(690, 23, 5, 1, '2024-10-18', 'Present', NULL, NULL, '2026-04-24 19:05:01', '2026-04-24 19:05:01'),
(691, 24, 5, 1, '2024-09-09', 'Present', NULL, NULL, '2026-04-24 19:05:01', '2026-04-24 19:05:01'),
(692, 24, 5, 1, '2024-09-10', 'Present', NULL, NULL, '2026-04-24 19:05:01', '2026-04-24 19:05:01'),
(693, 24, 5, 1, '2024-09-11', 'Present', NULL, NULL, '2026-04-24 19:05:01', '2026-04-24 19:05:01'),
(694, 24, 5, 1, '2024-09-12', 'Present', NULL, NULL, '2026-04-24 19:05:01', '2026-04-24 19:05:01'),
(695, 24, 5, 1, '2024-09-13', 'Late', NULL, NULL, '2026-04-24 19:05:01', '2026-04-24 19:05:01'),
(696, 24, 5, 1, '2024-09-16', 'Present', NULL, NULL, '2026-04-24 19:05:01', '2026-04-24 19:05:01'),
(697, 24, 5, 1, '2024-09-17', 'Late', NULL, NULL, '2026-04-24 19:05:01', '2026-04-24 19:05:01'),
(698, 24, 5, 1, '2024-09-18', 'Present', NULL, NULL, '2026-04-24 19:05:01', '2026-04-24 19:05:01'),
(699, 24, 5, 1, '2024-09-19', 'Present', NULL, NULL, '2026-04-24 19:05:01', '2026-04-24 19:05:01'),
(700, 24, 5, 1, '2024-09-20', 'Present', NULL, NULL, '2026-04-24 19:05:01', '2026-04-24 19:05:01'),
(701, 24, 5, 1, '2024-09-23', 'Present', NULL, NULL, '2026-04-24 19:05:01', '2026-04-24 19:05:01'),
(702, 24, 5, 1, '2024-09-24', 'Present', NULL, NULL, '2026-04-24 19:05:01', '2026-04-24 19:05:01'),
(703, 24, 5, 1, '2024-09-25', 'Present', NULL, NULL, '2026-04-24 19:05:01', '2026-04-24 19:05:01'),
(704, 24, 5, 1, '2024-09-26', 'Present', NULL, NULL, '2026-04-24 19:05:01', '2026-04-24 19:05:01'),
(705, 24, 5, 1, '2024-09-27', 'Present', NULL, NULL, '2026-04-24 19:05:01', '2026-04-24 19:05:01'),
(706, 24, 5, 1, '2024-09-30', 'Present', NULL, NULL, '2026-04-24 19:05:01', '2026-04-24 19:05:01'),
(707, 24, 5, 1, '2024-10-01', 'Late', NULL, NULL, '2026-04-24 19:05:01', '2026-04-24 19:05:01'),
(708, 24, 5, 1, '2024-10-02', 'Present', NULL, NULL, '2026-04-24 19:05:01', '2026-04-24 19:05:01'),
(709, 24, 5, 1, '2024-10-03', 'Present', NULL, NULL, '2026-04-24 19:05:01', '2026-04-24 19:05:01'),
(710, 24, 5, 1, '2024-10-04', 'Present', NULL, NULL, '2026-04-24 19:05:01', '2026-04-24 19:05:01'),
(711, 24, 5, 1, '2024-10-07', 'Present', NULL, NULL, '2026-04-24 19:05:01', '2026-04-24 19:05:01'),
(712, 24, 5, 1, '2024-10-08', 'Absent', NULL, NULL, '2026-04-24 19:05:01', '2026-04-24 19:05:01'),
(713, 24, 5, 1, '2024-10-09', 'Present', NULL, NULL, '2026-04-24 19:05:01', '2026-04-24 19:05:01'),
(714, 24, 5, 1, '2024-10-10', 'Present', NULL, NULL, '2026-04-24 19:05:01', '2026-04-24 19:05:01'),
(715, 24, 5, 1, '2024-10-11', 'Present', NULL, NULL, '2026-04-24 19:05:01', '2026-04-24 19:05:01'),
(716, 24, 5, 1, '2024-10-14', 'Present', NULL, NULL, '2026-04-24 19:05:01', '2026-04-24 19:05:01'),
(717, 24, 5, 1, '2024-10-15', 'Late', NULL, NULL, '2026-04-24 19:05:01', '2026-04-24 19:05:01'),
(718, 24, 5, 1, '2024-10-16', 'Present', NULL, NULL, '2026-04-24 19:05:01', '2026-04-24 19:05:01'),
(719, 24, 5, 1, '2024-10-17', 'Present', NULL, NULL, '2026-04-24 19:05:01', '2026-04-24 19:05:01'),
(720, 24, 5, 1, '2024-10-18', 'Present', NULL, NULL, '2026-04-24 19:05:01', '2026-04-24 19:05:01'),
(721, 25, 5, 1, '2024-09-09', 'Present', NULL, NULL, '2026-04-24 19:05:01', '2026-04-24 19:05:01'),
(722, 25, 5, 1, '2024-09-10', 'Present', NULL, NULL, '2026-04-24 19:05:01', '2026-04-24 19:05:01'),
(723, 25, 5, 1, '2024-09-11', 'Present', NULL, NULL, '2026-04-24 19:05:01', '2026-04-24 19:05:01'),
(724, 25, 5, 1, '2024-09-12', 'Absent', NULL, NULL, '2026-04-24 19:05:01', '2026-04-24 19:05:01'),
(725, 25, 5, 1, '2024-09-13', 'Present', NULL, NULL, '2026-04-24 19:05:01', '2026-04-24 19:05:01'),
(726, 25, 5, 1, '2024-09-16', 'Present', NULL, NULL, '2026-04-24 19:05:02', '2026-04-24 19:05:02'),
(727, 25, 5, 1, '2024-09-17', 'Present', NULL, NULL, '2026-04-24 19:05:02', '2026-04-24 19:05:02'),
(728, 25, 5, 1, '2024-09-18', 'Absent', NULL, NULL, '2026-04-24 19:05:02', '2026-04-24 19:05:02'),
(729, 25, 5, 1, '2024-09-19', 'Absent', NULL, NULL, '2026-04-24 19:05:02', '2026-04-24 19:05:02'),
(730, 25, 5, 1, '2024-09-20', 'Late', NULL, NULL, '2026-04-24 19:05:02', '2026-04-24 19:05:02'),
(731, 25, 5, 1, '2024-09-23', 'Absent', NULL, NULL, '2026-04-24 19:05:02', '2026-04-24 19:05:02'),
(732, 25, 5, 1, '2024-09-24', 'Present', NULL, NULL, '2026-04-24 19:05:02', '2026-04-24 19:05:02'),
(733, 25, 5, 1, '2024-09-25', 'Present', NULL, NULL, '2026-04-24 19:05:02', '2026-04-24 19:05:02'),
(734, 25, 5, 1, '2024-09-26', 'Present', NULL, NULL, '2026-04-24 19:05:02', '2026-04-24 19:05:02'),
(735, 25, 5, 1, '2024-09-27', 'Present', NULL, NULL, '2026-04-24 19:05:02', '2026-04-24 19:05:02'),
(736, 25, 5, 1, '2024-09-30', 'Present', NULL, NULL, '2026-04-24 19:05:02', '2026-04-24 19:05:02'),
(737, 25, 5, 1, '2024-10-01', 'Absent', NULL, NULL, '2026-04-24 19:05:02', '2026-04-24 19:05:02'),
(738, 25, 5, 1, '2024-10-02', 'Present', NULL, NULL, '2026-04-24 19:05:02', '2026-04-24 19:05:02'),
(739, 25, 5, 1, '2024-10-03', 'Late', NULL, NULL, '2026-04-24 19:05:02', '2026-04-24 19:05:02'),
(740, 25, 5, 1, '2024-10-04', 'Present', NULL, NULL, '2026-04-24 19:05:02', '2026-04-24 19:05:02'),
(741, 25, 5, 1, '2024-10-07', 'Present', NULL, NULL, '2026-04-24 19:05:02', '2026-04-24 19:05:02'),
(742, 25, 5, 1, '2024-10-08', 'Present', NULL, NULL, '2026-04-24 19:05:02', '2026-04-24 19:05:02'),
(743, 25, 5, 1, '2024-10-09', 'Late', NULL, NULL, '2026-04-24 19:05:02', '2026-04-24 19:05:02'),
(744, 25, 5, 1, '2024-10-10', 'Present', NULL, NULL, '2026-04-24 19:05:02', '2026-04-24 19:05:02'),
(745, 25, 5, 1, '2024-10-11', 'Absent', NULL, NULL, '2026-04-24 19:05:02', '2026-04-24 19:05:02'),
(746, 25, 5, 1, '2024-10-14', 'Present', NULL, NULL, '2026-04-24 19:05:02', '2026-04-24 19:05:02'),
(747, 25, 5, 1, '2024-10-15', 'Present', NULL, NULL, '2026-04-24 19:05:02', '2026-04-24 19:05:02'),
(748, 25, 5, 1, '2024-10-16', 'Present', NULL, NULL, '2026-04-24 19:05:02', '2026-04-24 19:05:02'),
(749, 25, 5, 1, '2024-10-17', 'Late', NULL, NULL, '2026-04-24 19:05:02', '2026-04-24 19:05:02'),
(750, 25, 5, 1, '2024-10-18', 'Present', NULL, NULL, '2026-04-24 19:05:02', '2026-04-24 19:05:02'),
(751, 26, 6, 1, '2024-09-09', 'Present', NULL, NULL, '2026-04-24 19:05:02', '2026-04-24 19:05:02'),
(752, 26, 6, 1, '2024-09-10', 'Late', NULL, NULL, '2026-04-24 19:05:02', '2026-04-24 19:05:02'),
(753, 26, 6, 1, '2024-09-11', 'Present', NULL, NULL, '2026-04-24 19:05:02', '2026-04-24 19:05:02'),
(754, 26, 6, 1, '2024-09-12', 'Present', NULL, NULL, '2026-04-24 19:05:02', '2026-04-24 19:05:02'),
(755, 26, 6, 1, '2024-09-13', 'Present', NULL, NULL, '2026-04-24 19:05:02', '2026-04-24 19:05:02'),
(756, 26, 6, 1, '2024-09-16', 'Present', NULL, NULL, '2026-04-24 19:05:02', '2026-04-24 19:05:02'),
(757, 26, 6, 1, '2024-09-17', 'Present', NULL, NULL, '2026-04-24 19:05:02', '2026-04-24 19:05:02'),
(758, 26, 6, 1, '2024-09-18', 'Present', NULL, NULL, '2026-04-24 19:05:02', '2026-04-24 19:05:02'),
(759, 26, 6, 1, '2024-09-19', 'Present', NULL, NULL, '2026-04-24 19:05:02', '2026-04-24 19:05:02'),
(760, 26, 6, 1, '2024-09-20', 'Present', NULL, NULL, '2026-04-24 19:05:02', '2026-04-24 19:05:02'),
(761, 26, 6, 1, '2024-09-23', 'Present', NULL, NULL, '2026-04-24 19:05:02', '2026-04-24 19:05:02'),
(762, 26, 6, 1, '2024-09-24', 'Present', NULL, NULL, '2026-04-24 19:05:02', '2026-04-24 19:05:02'),
(763, 26, 6, 1, '2024-09-25', 'Present', NULL, NULL, '2026-04-24 19:05:02', '2026-04-24 19:05:02'),
(764, 26, 6, 1, '2024-09-26', 'Present', NULL, NULL, '2026-04-24 19:05:02', '2026-04-24 19:05:02'),
(765, 26, 6, 1, '2024-09-27', 'Present', NULL, NULL, '2026-04-24 19:05:02', '2026-04-24 19:05:02'),
(766, 26, 6, 1, '2024-09-30', 'Present', NULL, NULL, '2026-04-24 19:05:02', '2026-04-24 19:05:02'),
(767, 26, 6, 1, '2024-10-01', 'Present', NULL, NULL, '2026-04-24 19:05:02', '2026-04-24 19:05:02'),
(768, 26, 6, 1, '2024-10-02', 'Absent', NULL, NULL, '2026-04-24 19:05:02', '2026-04-24 19:05:02'),
(769, 26, 6, 1, '2024-10-03', 'Absent', NULL, NULL, '2026-04-24 19:05:02', '2026-04-24 19:05:02'),
(770, 26, 6, 1, '2024-10-04', 'Present', NULL, NULL, '2026-04-24 19:05:02', '2026-04-24 19:05:02'),
(771, 26, 6, 1, '2024-10-07', 'Present', NULL, NULL, '2026-04-24 19:05:02', '2026-04-24 19:05:02'),
(772, 26, 6, 1, '2024-10-08', 'Present', NULL, NULL, '2026-04-24 19:05:02', '2026-04-24 19:05:02'),
(773, 26, 6, 1, '2024-10-09', 'Present', NULL, NULL, '2026-04-24 19:05:02', '2026-04-24 19:05:02'),
(774, 26, 6, 1, '2024-10-10', 'Present', NULL, NULL, '2026-04-24 19:05:02', '2026-04-24 19:05:02'),
(775, 26, 6, 1, '2024-10-11', 'Present', NULL, NULL, '2026-04-24 19:05:02', '2026-04-24 19:05:02'),
(776, 26, 6, 1, '2024-10-14', 'Present', NULL, NULL, '2026-04-24 19:05:02', '2026-04-24 19:05:02'),
(777, 26, 6, 1, '2024-10-15', 'Late', NULL, NULL, '2026-04-24 19:05:02', '2026-04-24 19:05:02'),
(778, 26, 6, 1, '2024-10-16', 'Present', NULL, NULL, '2026-04-24 19:05:02', '2026-04-24 19:05:02'),
(779, 26, 6, 1, '2024-10-17', 'Present', NULL, NULL, '2026-04-24 19:05:02', '2026-04-24 19:05:02'),
(780, 26, 6, 1, '2024-10-18', 'Absent', NULL, NULL, '2026-04-24 19:05:02', '2026-04-24 19:05:02'),
(781, 27, 6, 1, '2024-09-09', 'Present', NULL, NULL, '2026-04-24 19:05:02', '2026-04-24 19:05:02'),
(782, 27, 6, 1, '2024-09-10', 'Present', NULL, NULL, '2026-04-24 19:05:02', '2026-04-24 19:05:02'),
(783, 27, 6, 1, '2024-09-11', 'Present', NULL, NULL, '2026-04-24 19:05:02', '2026-04-24 19:05:02'),
(784, 27, 6, 1, '2024-09-12', 'Present', NULL, NULL, '2026-04-24 19:05:02', '2026-04-24 19:05:02'),
(785, 27, 6, 1, '2024-09-13', 'Late', NULL, NULL, '2026-04-24 19:05:02', '2026-04-24 19:05:02'),
(786, 27, 6, 1, '2024-09-16', 'Present', NULL, NULL, '2026-04-24 19:05:02', '2026-04-24 19:05:02'),
(787, 27, 6, 1, '2024-09-17', 'Present', NULL, NULL, '2026-04-24 19:05:02', '2026-04-24 19:05:02'),
(788, 27, 6, 1, '2024-09-18', 'Present', NULL, NULL, '2026-04-24 19:05:02', '2026-04-24 19:05:02'),
(789, 27, 6, 1, '2024-09-19', 'Present', NULL, NULL, '2026-04-24 19:05:02', '2026-04-24 19:05:02'),
(790, 27, 6, 1, '2024-09-20', 'Absent', NULL, NULL, '2026-04-24 19:05:02', '2026-04-24 19:05:02'),
(791, 27, 6, 1, '2024-09-23', 'Present', NULL, NULL, '2026-04-24 19:05:02', '2026-04-24 19:05:02'),
(792, 27, 6, 1, '2024-09-24', 'Present', NULL, NULL, '2026-04-24 19:05:02', '2026-04-24 19:05:02'),
(793, 27, 6, 1, '2024-09-25', 'Present', NULL, NULL, '2026-04-24 19:05:02', '2026-04-24 19:05:02'),
(794, 27, 6, 1, '2024-09-26', 'Absent', NULL, NULL, '2026-04-24 19:05:02', '2026-04-24 19:05:02'),
(795, 27, 6, 1, '2024-09-27', 'Present', NULL, NULL, '2026-04-24 19:05:02', '2026-04-24 19:05:02'),
(796, 27, 6, 1, '2024-09-30', 'Present', NULL, NULL, '2026-04-24 19:05:02', '2026-04-24 19:05:02'),
(797, 27, 6, 1, '2024-10-01', 'Present', NULL, NULL, '2026-04-24 19:05:02', '2026-04-24 19:05:02'),
(798, 27, 6, 1, '2024-10-02', 'Present', NULL, NULL, '2026-04-24 19:05:02', '2026-04-24 19:05:02'),
(799, 27, 6, 1, '2024-10-03', 'Present', NULL, NULL, '2026-04-24 19:05:02', '2026-04-24 19:05:02'),
(800, 27, 6, 1, '2024-10-04', 'Present', NULL, NULL, '2026-04-24 19:05:02', '2026-04-24 19:05:02'),
(801, 27, 6, 1, '2024-10-07', 'Present', NULL, NULL, '2026-04-24 19:05:02', '2026-04-24 19:05:02'),
(802, 27, 6, 1, '2024-10-08', 'Present', NULL, NULL, '2026-04-24 19:05:02', '2026-04-24 19:05:02'),
(803, 27, 6, 1, '2024-10-09', 'Present', NULL, NULL, '2026-04-24 19:05:02', '2026-04-24 19:05:02'),
(804, 27, 6, 1, '2024-10-10', 'Absent', NULL, NULL, '2026-04-24 19:05:02', '2026-04-24 19:05:02'),
(805, 27, 6, 1, '2024-10-11', 'Present', NULL, NULL, '2026-04-24 19:05:02', '2026-04-24 19:05:02'),
(806, 27, 6, 1, '2024-10-14', 'Present', NULL, NULL, '2026-04-24 19:05:02', '2026-04-24 19:05:02'),
(807, 27, 6, 1, '2024-10-15', 'Present', NULL, NULL, '2026-04-24 19:05:02', '2026-04-24 19:05:02'),
(808, 27, 6, 1, '2024-10-16', 'Present', NULL, NULL, '2026-04-24 19:05:02', '2026-04-24 19:05:02'),
(809, 27, 6, 1, '2024-10-17', 'Present', NULL, NULL, '2026-04-24 19:05:02', '2026-04-24 19:05:02'),
(810, 27, 6, 1, '2024-10-18', 'Present', NULL, NULL, '2026-04-24 19:05:02', '2026-04-24 19:05:02'),
(811, 28, 6, 1, '2024-09-09', 'Late', NULL, NULL, '2026-04-24 19:05:02', '2026-04-24 19:05:02'),
(812, 28, 6, 1, '2024-09-10', 'Present', NULL, NULL, '2026-04-24 19:05:02', '2026-04-24 19:05:02'),
(813, 28, 6, 1, '2024-09-11', 'Absent', NULL, NULL, '2026-04-24 19:05:02', '2026-04-24 19:05:02'),
(814, 28, 6, 1, '2024-09-12', 'Present', NULL, NULL, '2026-04-24 19:05:02', '2026-04-24 19:05:02'),
(815, 28, 6, 1, '2024-09-13', 'Present', NULL, NULL, '2026-04-24 19:05:02', '2026-04-24 19:05:02'),
(816, 28, 6, 1, '2024-09-16', 'Present', NULL, NULL, '2026-04-24 19:05:02', '2026-04-24 19:05:02'),
(817, 28, 6, 1, '2024-09-17', 'Present', NULL, NULL, '2026-04-24 19:05:02', '2026-04-24 19:05:02'),
(818, 28, 6, 1, '2024-09-18', 'Present', NULL, NULL, '2026-04-24 19:05:02', '2026-04-24 19:05:02'),
(819, 28, 6, 1, '2024-09-19', 'Late', NULL, NULL, '2026-04-24 19:05:02', '2026-04-24 19:05:02'),
(820, 28, 6, 1, '2024-09-20', 'Present', NULL, NULL, '2026-04-24 19:05:02', '2026-04-24 19:05:02'),
(821, 28, 6, 1, '2024-09-23', 'Present', NULL, NULL, '2026-04-24 19:05:02', '2026-04-24 19:05:02'),
(822, 28, 6, 1, '2024-09-24', 'Present', NULL, NULL, '2026-04-24 19:05:02', '2026-04-24 19:05:02'),
(823, 28, 6, 1, '2024-09-25', 'Present', NULL, NULL, '2026-04-24 19:05:02', '2026-04-24 19:05:02'),
(824, 28, 6, 1, '2024-09-26', 'Present', NULL, NULL, '2026-04-24 19:05:02', '2026-04-24 19:05:02'),
(825, 28, 6, 1, '2024-09-27', 'Absent', NULL, NULL, '2026-04-24 19:05:02', '2026-04-24 19:05:02'),
(826, 28, 6, 1, '2024-09-30', 'Absent', NULL, NULL, '2026-04-24 19:05:02', '2026-04-24 19:05:02'),
(827, 28, 6, 1, '2024-10-01', 'Present', NULL, NULL, '2026-04-24 19:05:02', '2026-04-24 19:05:02'),
(828, 28, 6, 1, '2024-10-02', 'Present', NULL, NULL, '2026-04-24 19:05:02', '2026-04-24 19:05:02'),
(829, 28, 6, 1, '2024-10-03', 'Present', NULL, NULL, '2026-04-24 19:05:02', '2026-04-24 19:05:02'),
(830, 28, 6, 1, '2024-10-04', 'Absent', NULL, NULL, '2026-04-24 19:05:02', '2026-04-24 19:05:02'),
(831, 28, 6, 1, '2024-10-07', 'Present', NULL, NULL, '2026-04-24 19:05:02', '2026-04-24 19:05:02'),
(832, 28, 6, 1, '2024-10-08', 'Late', NULL, NULL, '2026-04-24 19:05:02', '2026-04-24 19:05:02'),
(833, 28, 6, 1, '2024-10-09', 'Present', NULL, NULL, '2026-04-24 19:05:02', '2026-04-24 19:05:02'),
(834, 28, 6, 1, '2024-10-10', 'Present', NULL, NULL, '2026-04-24 19:05:02', '2026-04-24 19:05:02'),
(835, 28, 6, 1, '2024-10-11', 'Present', NULL, NULL, '2026-04-24 19:05:02', '2026-04-24 19:05:02'),
(836, 28, 6, 1, '2024-10-14', 'Late', NULL, NULL, '2026-04-24 19:05:02', '2026-04-24 19:05:02'),
(837, 28, 6, 1, '2024-10-15', 'Late', NULL, NULL, '2026-04-24 19:05:02', '2026-04-24 19:05:02'),
(838, 28, 6, 1, '2024-10-16', 'Absent', NULL, NULL, '2026-04-24 19:05:02', '2026-04-24 19:05:02'),
(839, 28, 6, 1, '2024-10-17', 'Present', NULL, NULL, '2026-04-24 19:05:02', '2026-04-24 19:05:02'),
(840, 28, 6, 1, '2024-10-18', 'Absent', NULL, NULL, '2026-04-24 19:05:02', '2026-04-24 19:05:02'),
(841, 29, 6, 1, '2024-09-09', 'Present', NULL, NULL, '2026-04-24 19:05:02', '2026-04-24 19:05:02'),
(842, 29, 6, 1, '2024-09-10', 'Late', NULL, NULL, '2026-04-24 19:05:02', '2026-04-24 19:05:02'),
(843, 29, 6, 1, '2024-09-11', 'Present', NULL, NULL, '2026-04-24 19:05:02', '2026-04-24 19:05:02'),
(844, 29, 6, 1, '2024-09-12', 'Present', NULL, NULL, '2026-04-24 19:05:02', '2026-04-24 19:05:02'),
(845, 29, 6, 1, '2024-09-13', 'Present', NULL, NULL, '2026-04-24 19:05:02', '2026-04-24 19:05:02'),
(846, 29, 6, 1, '2024-09-16', 'Late', NULL, NULL, '2026-04-24 19:05:02', '2026-04-24 19:05:02'),
(847, 29, 6, 1, '2024-09-17', 'Present', NULL, NULL, '2026-04-24 19:05:02', '2026-04-24 19:05:02'),
(848, 29, 6, 1, '2024-09-18', 'Present', NULL, NULL, '2026-04-24 19:05:02', '2026-04-24 19:05:02'),
(849, 29, 6, 1, '2024-09-19', 'Present', NULL, NULL, '2026-04-24 19:05:02', '2026-04-24 19:05:02'),
(850, 29, 6, 1, '2024-09-20', 'Present', NULL, NULL, '2026-04-24 19:05:02', '2026-04-24 19:05:02'),
(851, 29, 6, 1, '2024-09-23', 'Present', NULL, NULL, '2026-04-24 19:05:02', '2026-04-24 19:05:02'),
(852, 29, 6, 1, '2024-09-24', 'Late', NULL, NULL, '2026-04-24 19:05:02', '2026-04-24 19:05:02'),
(853, 29, 6, 1, '2024-09-25', 'Present', NULL, NULL, '2026-04-24 19:05:02', '2026-04-24 19:05:02'),
(854, 29, 6, 1, '2024-09-26', 'Present', NULL, NULL, '2026-04-24 19:05:02', '2026-04-24 19:05:02'),
(855, 29, 6, 1, '2024-09-27', 'Present', NULL, NULL, '2026-04-24 19:05:02', '2026-04-24 19:05:02'),
(856, 29, 6, 1, '2024-09-30', 'Present', NULL, NULL, '2026-04-24 19:05:02', '2026-04-24 19:05:02'),
(857, 29, 6, 1, '2024-10-01', 'Late', NULL, NULL, '2026-04-24 19:05:02', '2026-04-24 19:05:02'),
(858, 29, 6, 1, '2024-10-02', 'Present', NULL, NULL, '2026-04-24 19:05:02', '2026-04-24 19:05:02'),
(859, 29, 6, 1, '2024-10-03', 'Present', NULL, NULL, '2026-04-24 19:05:02', '2026-04-24 19:05:02'),
(860, 29, 6, 1, '2024-10-04', 'Present', NULL, NULL, '2026-04-24 19:05:02', '2026-04-24 19:05:02'),
(861, 29, 6, 1, '2024-10-07', 'Present', NULL, NULL, '2026-04-24 19:05:02', '2026-04-24 19:05:02'),
(862, 29, 6, 1, '2024-10-08', 'Present', NULL, NULL, '2026-04-24 19:05:02', '2026-04-24 19:05:02'),
(863, 29, 6, 1, '2024-10-09', 'Present', NULL, NULL, '2026-04-24 19:05:02', '2026-04-24 19:05:02'),
(864, 29, 6, 1, '2024-10-10', 'Absent', NULL, NULL, '2026-04-24 19:05:02', '2026-04-24 19:05:02'),
(865, 29, 6, 1, '2024-10-11', 'Present', NULL, NULL, '2026-04-24 19:05:02', '2026-04-24 19:05:02'),
(866, 29, 6, 1, '2024-10-14', 'Present', NULL, NULL, '2026-04-24 19:05:02', '2026-04-24 19:05:02'),
(867, 29, 6, 1, '2024-10-15', 'Present', NULL, NULL, '2026-04-24 19:05:02', '2026-04-24 19:05:02'),
(868, 29, 6, 1, '2024-10-16', 'Present', NULL, NULL, '2026-04-24 19:05:02', '2026-04-24 19:05:02'),
(869, 29, 6, 1, '2024-10-17', 'Present', NULL, NULL, '2026-04-24 19:05:02', '2026-04-24 19:05:02'),
(870, 29, 6, 1, '2024-10-18', 'Present', NULL, NULL, '2026-04-24 19:05:02', '2026-04-24 19:05:02'),
(871, 30, 6, 1, '2024-09-09', 'Present', NULL, NULL, '2026-04-24 19:05:02', '2026-04-24 19:05:02'),
(872, 30, 6, 1, '2024-09-10', 'Late', NULL, NULL, '2026-04-24 19:05:02', '2026-04-24 19:05:02'),
(873, 30, 6, 1, '2024-09-11', 'Present', NULL, NULL, '2026-04-24 19:05:02', '2026-04-24 19:05:02'),
(874, 30, 6, 1, '2024-09-12', 'Present', NULL, NULL, '2026-04-24 19:05:02', '2026-04-24 19:05:02'),
(875, 30, 6, 1, '2024-09-13', 'Present', NULL, NULL, '2026-04-24 19:05:02', '2026-04-24 19:05:02'),
(876, 30, 6, 1, '2024-09-16', 'Absent', NULL, NULL, '2026-04-24 19:05:02', '2026-04-24 19:05:02'),
(877, 30, 6, 1, '2024-09-17', 'Present', NULL, NULL, '2026-04-24 19:05:02', '2026-04-24 19:05:02'),
(878, 30, 6, 1, '2024-09-18', 'Present', NULL, NULL, '2026-04-24 19:05:02', '2026-04-24 19:05:02'),
(879, 30, 6, 1, '2024-09-19', 'Absent', NULL, NULL, '2026-04-24 19:05:02', '2026-04-24 19:05:02'),
(880, 30, 6, 1, '2024-09-20', 'Late', NULL, NULL, '2026-04-24 19:05:02', '2026-04-24 19:05:02'),
(881, 30, 6, 1, '2024-09-23', 'Present', NULL, NULL, '2026-04-24 19:05:02', '2026-04-24 19:05:02'),
(882, 30, 6, 1, '2024-09-24', 'Present', NULL, NULL, '2026-04-24 19:05:02', '2026-04-24 19:05:02'),
(883, 30, 6, 1, '2024-09-25', 'Present', NULL, NULL, '2026-04-24 19:05:02', '2026-04-24 19:05:02'),
(884, 30, 6, 1, '2024-09-26', 'Present', NULL, NULL, '2026-04-24 19:05:02', '2026-04-24 19:05:02'),
(885, 30, 6, 1, '2024-09-27', 'Present', NULL, NULL, '2026-04-24 19:05:02', '2026-04-24 19:05:02'),
(886, 30, 6, 1, '2024-09-30', 'Present', NULL, NULL, '2026-04-24 19:05:02', '2026-04-24 19:05:02'),
(887, 30, 6, 1, '2024-10-01', 'Late', NULL, NULL, '2026-04-24 19:05:02', '2026-04-24 19:05:02'),
(888, 30, 6, 1, '2024-10-02', 'Present', NULL, NULL, '2026-04-24 19:05:02', '2026-04-24 19:05:02'),
(889, 30, 6, 1, '2024-10-03', 'Absent', NULL, NULL, '2026-04-24 19:05:02', '2026-04-24 19:05:02'),
(890, 30, 6, 1, '2024-10-04', 'Present', NULL, NULL, '2026-04-24 19:05:02', '2026-04-24 19:05:02'),
(891, 30, 6, 1, '2024-10-07', 'Present', NULL, NULL, '2026-04-24 19:05:02', '2026-04-24 19:05:02'),
(892, 30, 6, 1, '2024-10-08', 'Present', NULL, NULL, '2026-04-24 19:05:02', '2026-04-24 19:05:02'),
(893, 30, 6, 1, '2024-10-09', 'Present', NULL, NULL, '2026-04-24 19:05:02', '2026-04-24 19:05:02'),
(894, 30, 6, 1, '2024-10-10', 'Late', NULL, NULL, '2026-04-24 19:05:02', '2026-04-24 19:05:02'),
(895, 30, 6, 1, '2024-10-11', 'Absent', NULL, NULL, '2026-04-24 19:05:02', '2026-04-24 19:05:02'),
(896, 30, 6, 1, '2024-10-14', 'Absent', NULL, NULL, '2026-04-24 19:05:02', '2026-04-24 19:05:02'),
(897, 30, 6, 1, '2024-10-15', 'Late', NULL, NULL, '2026-04-24 19:05:02', '2026-04-24 19:05:02'),
(898, 30, 6, 1, '2024-10-16', 'Present', NULL, NULL, '2026-04-24 19:05:02', '2026-04-24 19:05:02'),
(899, 30, 6, 1, '2024-10-17', 'Present', NULL, NULL, '2026-04-24 19:05:02', '2026-04-24 19:05:02'),
(900, 30, 6, 1, '2024-10-18', 'Present', NULL, NULL, '2026-04-24 19:05:02', '2026-04-24 19:05:02'),
(901, 31, 7, 1, '2024-09-09', 'Present', NULL, NULL, '2026-04-24 19:05:02', '2026-04-24 19:05:02'),
(902, 31, 7, 1, '2024-09-10', 'Present', NULL, NULL, '2026-04-24 19:05:02', '2026-04-24 19:05:02'),
(903, 31, 7, 1, '2024-09-11', 'Present', NULL, NULL, '2026-04-24 19:05:02', '2026-04-24 19:05:02'),
(904, 31, 7, 1, '2024-09-12', 'Present', NULL, NULL, '2026-04-24 19:05:02', '2026-04-24 19:05:02'),
(905, 31, 7, 1, '2024-09-13', 'Present', NULL, NULL, '2026-04-24 19:05:02', '2026-04-24 19:05:02'),
(906, 31, 7, 1, '2024-09-16', 'Present', NULL, NULL, '2026-04-24 19:05:02', '2026-04-24 19:05:02'),
(907, 31, 7, 1, '2024-09-17', 'Present', NULL, NULL, '2026-04-24 19:05:02', '2026-04-24 19:05:02'),
(908, 31, 7, 1, '2024-09-18', 'Late', NULL, NULL, '2026-04-24 19:05:02', '2026-04-24 19:05:02'),
(909, 31, 7, 1, '2024-09-19', 'Absent', NULL, NULL, '2026-04-24 19:05:02', '2026-04-24 19:05:02'),
(910, 31, 7, 1, '2024-09-20', 'Present', NULL, NULL, '2026-04-24 19:05:02', '2026-04-24 19:05:02'),
(911, 31, 7, 1, '2024-09-23', 'Present', NULL, NULL, '2026-04-24 19:05:02', '2026-04-24 19:05:02'),
(912, 31, 7, 1, '2024-09-24', 'Late', NULL, NULL, '2026-04-24 19:05:02', '2026-04-24 19:05:02'),
(913, 31, 7, 1, '2024-09-25', 'Present', NULL, NULL, '2026-04-24 19:05:02', '2026-04-24 19:05:02'),
(914, 31, 7, 1, '2024-09-26', 'Present', NULL, NULL, '2026-04-24 19:05:02', '2026-04-24 19:05:02'),
(915, 31, 7, 1, '2024-09-27', 'Present', NULL, NULL, '2026-04-24 19:05:02', '2026-04-24 19:05:02'),
(916, 31, 7, 1, '2024-09-30', 'Present', NULL, NULL, '2026-04-24 19:05:02', '2026-04-24 19:05:02'),
(917, 31, 7, 1, '2024-10-01', 'Present', NULL, NULL, '2026-04-24 19:05:02', '2026-04-24 19:05:02'),
(918, 31, 7, 1, '2024-10-02', 'Present', NULL, NULL, '2026-04-24 19:05:02', '2026-04-24 19:05:02'),
(919, 31, 7, 1, '2024-10-03', 'Absent', NULL, NULL, '2026-04-24 19:05:02', '2026-04-24 19:05:02'),
(920, 31, 7, 1, '2024-10-04', 'Present', NULL, NULL, '2026-04-24 19:05:02', '2026-04-24 19:05:02'),
(921, 31, 7, 1, '2024-10-07', 'Absent', NULL, NULL, '2026-04-24 19:05:02', '2026-04-24 19:05:02'),
(922, 31, 7, 1, '2024-10-08', 'Present', NULL, NULL, '2026-04-24 19:05:02', '2026-04-24 19:05:02'),
(923, 31, 7, 1, '2024-10-09', 'Late', NULL, NULL, '2026-04-24 19:05:02', '2026-04-24 19:05:02'),
(924, 31, 7, 1, '2024-10-10', 'Present', NULL, NULL, '2026-04-24 19:05:02', '2026-04-24 19:05:02'),
(925, 31, 7, 1, '2024-10-11', 'Present', NULL, NULL, '2026-04-24 19:05:02', '2026-04-24 19:05:02'),
(926, 31, 7, 1, '2024-10-14', 'Present', NULL, NULL, '2026-04-24 19:05:02', '2026-04-24 19:05:02'),
(927, 31, 7, 1, '2024-10-15', 'Present', NULL, NULL, '2026-04-24 19:05:02', '2026-04-24 19:05:02'),
(928, 31, 7, 1, '2024-10-16', 'Present', NULL, NULL, '2026-04-24 19:05:02', '2026-04-24 19:05:02'),
(929, 31, 7, 1, '2024-10-17', 'Present', NULL, NULL, '2026-04-24 19:05:02', '2026-04-24 19:05:02'),
(930, 31, 7, 1, '2024-10-18', 'Present', NULL, NULL, '2026-04-24 19:05:02', '2026-04-24 19:05:02'),
(931, 32, 7, 1, '2024-09-09', 'Present', NULL, NULL, '2026-04-24 19:05:02', '2026-04-24 19:05:02'),
(932, 32, 7, 1, '2024-09-10', 'Present', NULL, NULL, '2026-04-24 19:05:02', '2026-04-24 19:05:02'),
(933, 32, 7, 1, '2024-09-11', 'Present', NULL, NULL, '2026-04-24 19:05:02', '2026-04-24 19:05:02'),
(934, 32, 7, 1, '2024-09-12', 'Absent', NULL, NULL, '2026-04-24 19:05:02', '2026-04-24 19:05:02'),
(935, 32, 7, 1, '2024-09-13', 'Present', NULL, NULL, '2026-04-24 19:05:02', '2026-04-24 19:05:02'),
(936, 32, 7, 1, '2024-09-16', 'Present', NULL, NULL, '2026-04-24 19:05:02', '2026-04-24 19:05:02'),
(937, 32, 7, 1, '2024-09-17', 'Present', NULL, NULL, '2026-04-24 19:05:02', '2026-04-24 19:05:02'),
(938, 32, 7, 1, '2024-09-18', 'Present', NULL, NULL, '2026-04-24 19:05:02', '2026-04-24 19:05:02'),
(939, 32, 7, 1, '2024-09-19', 'Present', NULL, NULL, '2026-04-24 19:05:02', '2026-04-24 19:05:02'),
(940, 32, 7, 1, '2024-09-20', 'Present', NULL, NULL, '2026-04-24 19:05:02', '2026-04-24 19:05:02'),
(941, 32, 7, 1, '2024-09-23', 'Late', NULL, NULL, '2026-04-24 19:05:02', '2026-04-24 19:05:02'),
(942, 32, 7, 1, '2024-09-24', 'Present', NULL, NULL, '2026-04-24 19:05:02', '2026-04-24 19:05:02'),
(943, 32, 7, 1, '2024-09-25', 'Present', NULL, NULL, '2026-04-24 19:05:02', '2026-04-24 19:05:02'),
(944, 32, 7, 1, '2024-09-26', 'Present', NULL, NULL, '2026-04-24 19:05:02', '2026-04-24 19:05:02'),
(945, 32, 7, 1, '2024-09-27', 'Present', NULL, NULL, '2026-04-24 19:05:02', '2026-04-24 19:05:02'),
(946, 32, 7, 1, '2024-09-30', 'Present', NULL, NULL, '2026-04-24 19:05:02', '2026-04-24 19:05:02'),
(947, 32, 7, 1, '2024-10-01', 'Late', NULL, NULL, '2026-04-24 19:05:02', '2026-04-24 19:05:02'),
(948, 32, 7, 1, '2024-10-02', 'Present', NULL, NULL, '2026-04-24 19:05:02', '2026-04-24 19:05:02'),
(949, 32, 7, 1, '2024-10-03', 'Present', NULL, NULL, '2026-04-24 19:05:02', '2026-04-24 19:05:02'),
(950, 32, 7, 1, '2024-10-04', 'Present', NULL, NULL, '2026-04-24 19:05:02', '2026-04-24 19:05:02'),
(951, 32, 7, 1, '2024-10-07', 'Present', NULL, NULL, '2026-04-24 19:05:02', '2026-04-24 19:05:02'),
(952, 32, 7, 1, '2024-10-08', 'Late', NULL, NULL, '2026-04-24 19:05:02', '2026-04-24 19:05:02'),
(953, 32, 7, 1, '2024-10-09', 'Present', NULL, NULL, '2026-04-24 19:05:02', '2026-04-24 19:05:02'),
(954, 32, 7, 1, '2024-10-10', 'Present', NULL, NULL, '2026-04-24 19:05:02', '2026-04-24 19:05:02'),
(955, 32, 7, 1, '2024-10-11', 'Present', NULL, NULL, '2026-04-24 19:05:02', '2026-04-24 19:05:02'),
(956, 32, 7, 1, '2024-10-14', 'Absent', NULL, NULL, '2026-04-24 19:05:02', '2026-04-24 19:05:02'),
(957, 32, 7, 1, '2024-10-15', 'Present', NULL, NULL, '2026-04-24 19:05:02', '2026-04-24 19:05:02'),
(958, 32, 7, 1, '2024-10-16', 'Absent', NULL, NULL, '2026-04-24 19:05:02', '2026-04-24 19:05:02'),
(959, 32, 7, 1, '2024-10-17', 'Present', NULL, NULL, '2026-04-24 19:05:02', '2026-04-24 19:05:02'),
(960, 32, 7, 1, '2024-10-18', 'Present', NULL, NULL, '2026-04-24 19:05:02', '2026-04-24 19:05:02'),
(961, 33, 7, 1, '2024-09-09', 'Present', NULL, NULL, '2026-04-24 19:05:02', '2026-04-24 19:05:02'),
(962, 33, 7, 1, '2024-09-10', 'Present', NULL, NULL, '2026-04-24 19:05:02', '2026-04-24 19:05:02'),
(963, 33, 7, 1, '2024-09-11', 'Present', NULL, NULL, '2026-04-24 19:05:02', '2026-04-24 19:05:02'),
(964, 33, 7, 1, '2024-09-12', 'Absent', NULL, NULL, '2026-04-24 19:05:02', '2026-04-24 19:05:02'),
(965, 33, 7, 1, '2024-09-13', 'Present', NULL, NULL, '2026-04-24 19:05:02', '2026-04-24 19:05:02'),
(966, 33, 7, 1, '2024-09-16', 'Late', NULL, NULL, '2026-04-24 19:05:02', '2026-04-24 19:05:02'),
(967, 33, 7, 1, '2024-09-17', 'Present', NULL, NULL, '2026-04-24 19:05:02', '2026-04-24 19:05:02'),
(968, 33, 7, 1, '2024-09-18', 'Absent', NULL, NULL, '2026-04-24 19:05:02', '2026-04-24 19:05:02'),
(969, 33, 7, 1, '2024-09-19', 'Present', NULL, NULL, '2026-04-24 19:05:02', '2026-04-24 19:05:02'),
(970, 33, 7, 1, '2024-09-20', 'Present', NULL, NULL, '2026-04-24 19:05:02', '2026-04-24 19:05:02'),
(971, 33, 7, 1, '2024-09-23', 'Present', NULL, NULL, '2026-04-24 19:05:02', '2026-04-24 19:05:02'),
(972, 33, 7, 1, '2024-09-24', 'Present', NULL, NULL, '2026-04-24 19:05:02', '2026-04-24 19:05:02'),
(973, 33, 7, 1, '2024-09-25', 'Late', NULL, NULL, '2026-04-24 19:05:02', '2026-04-24 19:05:02'),
(974, 33, 7, 1, '2024-09-26', 'Present', NULL, NULL, '2026-04-24 19:05:02', '2026-04-24 19:05:02'),
(975, 33, 7, 1, '2024-09-27', 'Present', NULL, NULL, '2026-04-24 19:05:02', '2026-04-24 19:05:02'),
(976, 33, 7, 1, '2024-09-30', 'Present', NULL, NULL, '2026-04-24 19:05:02', '2026-04-24 19:05:02'),
(977, 33, 7, 1, '2024-10-01', 'Present', NULL, NULL, '2026-04-24 19:05:02', '2026-04-24 19:05:02'),
(978, 33, 7, 1, '2024-10-02', 'Late', NULL, NULL, '2026-04-24 19:05:02', '2026-04-24 19:05:02'),
(979, 33, 7, 1, '2024-10-03', 'Present', NULL, NULL, '2026-04-24 19:05:02', '2026-04-24 19:05:02'),
(980, 33, 7, 1, '2024-10-04', 'Present', NULL, NULL, '2026-04-24 19:05:02', '2026-04-24 19:05:02'),
(981, 33, 7, 1, '2024-10-07', 'Present', NULL, NULL, '2026-04-24 19:05:02', '2026-04-24 19:05:02'),
(982, 33, 7, 1, '2024-10-08', 'Present', NULL, NULL, '2026-04-24 19:05:02', '2026-04-24 19:05:02'),
(983, 33, 7, 1, '2024-10-09', 'Present', NULL, NULL, '2026-04-24 19:05:02', '2026-04-24 19:05:02'),
(984, 33, 7, 1, '2024-10-10', 'Present', NULL, NULL, '2026-04-24 19:05:02', '2026-04-24 19:05:02'),
(985, 33, 7, 1, '2024-10-11', 'Late', NULL, NULL, '2026-04-24 19:05:02', '2026-04-24 19:05:02'),
(986, 33, 7, 1, '2024-10-14', 'Present', NULL, NULL, '2026-04-24 19:05:02', '2026-04-24 19:05:02'),
(987, 33, 7, 1, '2024-10-15', 'Present', NULL, NULL, '2026-04-24 19:05:02', '2026-04-24 19:05:02'),
(988, 33, 7, 1, '2024-10-16', 'Present', NULL, NULL, '2026-04-24 19:05:02', '2026-04-24 19:05:02'),
(989, 33, 7, 1, '2024-10-17', 'Present', NULL, NULL, '2026-04-24 19:05:02', '2026-04-24 19:05:02'),
(990, 33, 7, 1, '2024-10-18', 'Present', NULL, NULL, '2026-04-24 19:05:02', '2026-04-24 19:05:02'),
(991, 34, 7, 1, '2024-09-09', 'Present', NULL, NULL, '2026-04-24 19:05:02', '2026-04-24 19:05:02'),
(992, 34, 7, 1, '2024-09-10', 'Present', NULL, NULL, '2026-04-24 19:05:02', '2026-04-24 19:05:02'),
(993, 34, 7, 1, '2024-09-11', 'Present', NULL, NULL, '2026-04-24 19:05:02', '2026-04-24 19:05:02'),
(994, 34, 7, 1, '2024-09-12', 'Present', NULL, NULL, '2026-04-24 19:05:02', '2026-04-24 19:05:02'),
(995, 34, 7, 1, '2024-09-13', 'Present', NULL, NULL, '2026-04-24 19:05:02', '2026-04-24 19:05:02'),
(996, 34, 7, 1, '2024-09-16', 'Late', NULL, NULL, '2026-04-24 19:05:02', '2026-04-24 19:05:02'),
(997, 34, 7, 1, '2024-09-17', 'Late', NULL, NULL, '2026-04-24 19:05:02', '2026-04-24 19:05:02'),
(998, 34, 7, 1, '2024-09-18', 'Present', NULL, NULL, '2026-04-24 19:05:02', '2026-04-24 19:05:02'),
(999, 34, 7, 1, '2024-09-19', 'Present', NULL, NULL, '2026-04-24 19:05:02', '2026-04-24 19:05:02'),
(1000, 34, 7, 1, '2024-09-20', 'Absent', NULL, NULL, '2026-04-24 19:05:02', '2026-04-24 19:05:02'),
(1001, 34, 7, 1, '2024-09-23', 'Present', NULL, NULL, '2026-04-24 19:05:02', '2026-04-24 19:05:02'),
(1002, 34, 7, 1, '2024-09-24', 'Present', NULL, NULL, '2026-04-24 19:05:02', '2026-04-24 19:05:02'),
(1003, 34, 7, 1, '2024-09-25', 'Present', NULL, NULL, '2026-04-24 19:05:02', '2026-04-24 19:05:02'),
(1004, 34, 7, 1, '2024-09-26', 'Present', NULL, NULL, '2026-04-24 19:05:02', '2026-04-24 19:05:02'),
(1005, 34, 7, 1, '2024-09-27', 'Absent', NULL, NULL, '2026-04-24 19:05:02', '2026-04-24 19:05:02'),
(1006, 34, 7, 1, '2024-09-30', 'Present', NULL, NULL, '2026-04-24 19:05:02', '2026-04-24 19:05:02'),
(1007, 34, 7, 1, '2024-10-01', 'Absent', NULL, NULL, '2026-04-24 19:05:02', '2026-04-24 19:05:02'),
(1008, 34, 7, 1, '2024-10-02', 'Absent', NULL, NULL, '2026-04-24 19:05:02', '2026-04-24 19:05:02'),
(1009, 34, 7, 1, '2024-10-03', 'Present', NULL, NULL, '2026-04-24 19:05:02', '2026-04-24 19:05:02'),
(1010, 34, 7, 1, '2024-10-04', 'Present', NULL, NULL, '2026-04-24 19:05:02', '2026-04-24 19:05:02'),
(1011, 34, 7, 1, '2024-10-07', 'Present', NULL, NULL, '2026-04-24 19:05:02', '2026-04-24 19:05:02'),
(1012, 34, 7, 1, '2024-10-08', 'Present', NULL, NULL, '2026-04-24 19:05:02', '2026-04-24 19:05:02'),
(1013, 34, 7, 1, '2024-10-09', 'Present', NULL, NULL, '2026-04-24 19:05:02', '2026-04-24 19:05:02'),
(1014, 34, 7, 1, '2024-10-10', 'Present', NULL, NULL, '2026-04-24 19:05:02', '2026-04-24 19:05:02'),
(1015, 34, 7, 1, '2024-10-11', 'Late', NULL, NULL, '2026-04-24 19:05:02', '2026-04-24 19:05:02'),
(1016, 34, 7, 1, '2024-10-14', 'Present', NULL, NULL, '2026-04-24 19:05:02', '2026-04-24 19:05:02'),
(1017, 34, 7, 1, '2024-10-15', 'Absent', NULL, NULL, '2026-04-24 19:05:02', '2026-04-24 19:05:02'),
(1018, 34, 7, 1, '2024-10-16', 'Absent', NULL, NULL, '2026-04-24 19:05:02', '2026-04-24 19:05:02'),
(1019, 34, 7, 1, '2024-10-17', 'Present', NULL, NULL, '2026-04-24 19:05:02', '2026-04-24 19:05:02'),
(1020, 34, 7, 1, '2024-10-18', 'Absent', NULL, NULL, '2026-04-24 19:05:02', '2026-04-24 19:05:02'),
(1021, 35, 7, 1, '2024-09-09', 'Present', NULL, NULL, '2026-04-24 19:05:02', '2026-04-24 19:05:02'),
(1022, 35, 7, 1, '2024-09-10', 'Present', NULL, NULL, '2026-04-24 19:05:02', '2026-04-24 19:05:02'),
(1023, 35, 7, 1, '2024-09-11', 'Present', NULL, NULL, '2026-04-24 19:05:02', '2026-04-24 19:05:02'),
(1024, 35, 7, 1, '2024-09-12', 'Present', NULL, NULL, '2026-04-24 19:05:02', '2026-04-24 19:05:02');
INSERT INTO `attendance_records` (`id`, `student_id`, `class_arm_id`, `term_id`, `attendance_date`, `status`, `remarks`, `marked_by`, `created_at`, `updated_at`) VALUES
(1025, 35, 7, 1, '2024-09-13', 'Present', NULL, NULL, '2026-04-24 19:05:02', '2026-04-24 19:05:02'),
(1026, 35, 7, 1, '2024-09-16', 'Present', NULL, NULL, '2026-04-24 19:05:02', '2026-04-24 19:05:02'),
(1027, 35, 7, 1, '2024-09-17', 'Present', NULL, NULL, '2026-04-24 19:05:02', '2026-04-24 19:05:02'),
(1028, 35, 7, 1, '2024-09-18', 'Present', NULL, NULL, '2026-04-24 19:05:02', '2026-04-24 19:05:02'),
(1029, 35, 7, 1, '2024-09-19', 'Present', NULL, NULL, '2026-04-24 19:05:02', '2026-04-24 19:05:02'),
(1030, 35, 7, 1, '2024-09-20', 'Present', NULL, NULL, '2026-04-24 19:05:02', '2026-04-24 19:05:02'),
(1031, 35, 7, 1, '2024-09-23', 'Present', NULL, NULL, '2026-04-24 19:05:02', '2026-04-24 19:05:02'),
(1032, 35, 7, 1, '2024-09-24', 'Present', NULL, NULL, '2026-04-24 19:05:02', '2026-04-24 19:05:02'),
(1033, 35, 7, 1, '2024-09-25', 'Present', NULL, NULL, '2026-04-24 19:05:02', '2026-04-24 19:05:02'),
(1034, 35, 7, 1, '2024-09-26', 'Present', NULL, NULL, '2026-04-24 19:05:02', '2026-04-24 19:05:02'),
(1035, 35, 7, 1, '2024-09-27', 'Present', NULL, NULL, '2026-04-24 19:05:02', '2026-04-24 19:05:02'),
(1036, 35, 7, 1, '2024-09-30', 'Absent', NULL, NULL, '2026-04-24 19:05:02', '2026-04-24 19:05:02'),
(1037, 35, 7, 1, '2024-10-01', 'Present', NULL, NULL, '2026-04-24 19:05:02', '2026-04-24 19:05:02'),
(1038, 35, 7, 1, '2024-10-02', 'Present', NULL, NULL, '2026-04-24 19:05:02', '2026-04-24 19:05:02'),
(1039, 35, 7, 1, '2024-10-03', 'Present', NULL, NULL, '2026-04-24 19:05:02', '2026-04-24 19:05:02'),
(1040, 35, 7, 1, '2024-10-04', 'Present', NULL, NULL, '2026-04-24 19:05:02', '2026-04-24 19:05:02'),
(1041, 35, 7, 1, '2024-10-07', 'Present', NULL, NULL, '2026-04-24 19:05:02', '2026-04-24 19:05:02'),
(1042, 35, 7, 1, '2024-10-08', 'Late', NULL, NULL, '2026-04-24 19:05:02', '2026-04-24 19:05:02'),
(1043, 35, 7, 1, '2024-10-09', 'Present', NULL, NULL, '2026-04-24 19:05:02', '2026-04-24 19:05:02'),
(1044, 35, 7, 1, '2024-10-10', 'Present', NULL, NULL, '2026-04-24 19:05:02', '2026-04-24 19:05:02'),
(1045, 35, 7, 1, '2024-10-11', 'Present', NULL, NULL, '2026-04-24 19:05:02', '2026-04-24 19:05:02'),
(1046, 35, 7, 1, '2024-10-14', 'Present', NULL, NULL, '2026-04-24 19:05:02', '2026-04-24 19:05:02'),
(1047, 35, 7, 1, '2024-10-15', 'Late', NULL, NULL, '2026-04-24 19:05:02', '2026-04-24 19:05:02'),
(1048, 35, 7, 1, '2024-10-16', 'Absent', NULL, NULL, '2026-04-24 19:05:02', '2026-04-24 19:05:02'),
(1049, 35, 7, 1, '2024-10-17', 'Present', NULL, NULL, '2026-04-24 19:05:02', '2026-04-24 19:05:02'),
(1050, 35, 7, 1, '2024-10-18', 'Present', NULL, NULL, '2026-04-24 19:05:02', '2026-04-24 19:05:02'),
(1051, 36, 8, 1, '2024-09-09', 'Present', NULL, NULL, '2026-04-24 19:05:02', '2026-04-24 19:05:02'),
(1052, 36, 8, 1, '2024-09-10', 'Present', NULL, NULL, '2026-04-24 19:05:02', '2026-04-24 19:05:02'),
(1053, 36, 8, 1, '2024-09-11', 'Present', NULL, NULL, '2026-04-24 19:05:02', '2026-04-24 19:05:02'),
(1054, 36, 8, 1, '2024-09-12', 'Present', NULL, NULL, '2026-04-24 19:05:02', '2026-04-24 19:05:02'),
(1055, 36, 8, 1, '2024-09-13', 'Present', NULL, NULL, '2026-04-24 19:05:02', '2026-04-24 19:05:02'),
(1056, 36, 8, 1, '2024-09-16', 'Present', NULL, NULL, '2026-04-24 19:05:02', '2026-04-24 19:05:02'),
(1057, 36, 8, 1, '2024-09-17', 'Present', NULL, NULL, '2026-04-24 19:05:02', '2026-04-24 19:05:02'),
(1058, 36, 8, 1, '2024-09-18', 'Present', NULL, NULL, '2026-04-24 19:05:02', '2026-04-24 19:05:02'),
(1059, 36, 8, 1, '2024-09-19', 'Present', NULL, NULL, '2026-04-24 19:05:02', '2026-04-24 19:05:02'),
(1060, 36, 8, 1, '2024-09-20', 'Present', NULL, NULL, '2026-04-24 19:05:02', '2026-04-24 19:05:02'),
(1061, 36, 8, 1, '2024-09-23', 'Present', NULL, NULL, '2026-04-24 19:05:02', '2026-04-24 19:05:02'),
(1062, 36, 8, 1, '2024-09-24', 'Present', NULL, NULL, '2026-04-24 19:05:02', '2026-04-24 19:05:02'),
(1063, 36, 8, 1, '2024-09-25', 'Late', NULL, NULL, '2026-04-24 19:05:02', '2026-04-24 19:05:02'),
(1064, 36, 8, 1, '2024-09-26', 'Present', NULL, NULL, '2026-04-24 19:05:02', '2026-04-24 19:05:02'),
(1065, 36, 8, 1, '2024-09-27', 'Present', NULL, NULL, '2026-04-24 19:05:02', '2026-04-24 19:05:02'),
(1066, 36, 8, 1, '2024-09-30', 'Absent', NULL, NULL, '2026-04-24 19:05:02', '2026-04-24 19:05:02'),
(1067, 36, 8, 1, '2024-10-01', 'Present', NULL, NULL, '2026-04-24 19:05:02', '2026-04-24 19:05:02'),
(1068, 36, 8, 1, '2024-10-02', 'Present', NULL, NULL, '2026-04-24 19:05:02', '2026-04-24 19:05:02'),
(1069, 36, 8, 1, '2024-10-03', 'Present', NULL, NULL, '2026-04-24 19:05:02', '2026-04-24 19:05:02'),
(1070, 36, 8, 1, '2024-10-04', 'Absent', NULL, NULL, '2026-04-24 19:05:02', '2026-04-24 19:05:02'),
(1071, 36, 8, 1, '2024-10-07', 'Present', NULL, NULL, '2026-04-24 19:05:02', '2026-04-24 19:05:02'),
(1072, 36, 8, 1, '2024-10-08', 'Present', NULL, NULL, '2026-04-24 19:05:02', '2026-04-24 19:05:02'),
(1073, 36, 8, 1, '2024-10-09', 'Absent', NULL, NULL, '2026-04-24 19:05:02', '2026-04-24 19:05:02'),
(1074, 36, 8, 1, '2024-10-10', 'Present', NULL, NULL, '2026-04-24 19:05:02', '2026-04-24 19:05:02'),
(1075, 36, 8, 1, '2024-10-11', 'Present', NULL, NULL, '2026-04-24 19:05:02', '2026-04-24 19:05:02'),
(1076, 36, 8, 1, '2024-10-14', 'Absent', NULL, NULL, '2026-04-24 19:05:02', '2026-04-24 19:05:02'),
(1077, 36, 8, 1, '2024-10-15', 'Present', NULL, NULL, '2026-04-24 19:05:02', '2026-04-24 19:05:02'),
(1078, 36, 8, 1, '2024-10-16', 'Absent', NULL, NULL, '2026-04-24 19:05:02', '2026-04-24 19:05:02'),
(1079, 36, 8, 1, '2024-10-17', 'Late', NULL, NULL, '2026-04-24 19:05:02', '2026-04-24 19:05:02'),
(1080, 36, 8, 1, '2024-10-18', 'Present', NULL, NULL, '2026-04-24 19:05:02', '2026-04-24 19:05:02'),
(1081, 37, 8, 1, '2024-09-09', 'Present', NULL, NULL, '2026-04-24 19:05:02', '2026-04-24 19:05:02'),
(1082, 37, 8, 1, '2024-09-10', 'Present', NULL, NULL, '2026-04-24 19:05:02', '2026-04-24 19:05:02'),
(1083, 37, 8, 1, '2024-09-11', 'Present', NULL, NULL, '2026-04-24 19:05:02', '2026-04-24 19:05:02'),
(1084, 37, 8, 1, '2024-09-12', 'Absent', NULL, NULL, '2026-04-24 19:05:02', '2026-04-24 19:05:02'),
(1085, 37, 8, 1, '2024-09-13', 'Present', NULL, NULL, '2026-04-24 19:05:02', '2026-04-24 19:05:02'),
(1086, 37, 8, 1, '2024-09-16', 'Present', NULL, NULL, '2026-04-24 19:05:02', '2026-04-24 19:05:02'),
(1087, 37, 8, 1, '2024-09-17', 'Present', NULL, NULL, '2026-04-24 19:05:02', '2026-04-24 19:05:02'),
(1088, 37, 8, 1, '2024-09-18', 'Present', NULL, NULL, '2026-04-24 19:05:02', '2026-04-24 19:05:02'),
(1089, 37, 8, 1, '2024-09-19', 'Present', NULL, NULL, '2026-04-24 19:05:02', '2026-04-24 19:05:02'),
(1090, 37, 8, 1, '2024-09-20', 'Present', NULL, NULL, '2026-04-24 19:05:02', '2026-04-24 19:05:02'),
(1091, 37, 8, 1, '2024-09-23', 'Present', NULL, NULL, '2026-04-24 19:05:02', '2026-04-24 19:05:02'),
(1092, 37, 8, 1, '2024-09-24', 'Late', NULL, NULL, '2026-04-24 19:05:02', '2026-04-24 19:05:02'),
(1093, 37, 8, 1, '2024-09-25', 'Late', NULL, NULL, '2026-04-24 19:05:02', '2026-04-24 19:05:02'),
(1094, 37, 8, 1, '2024-09-26', 'Present', NULL, NULL, '2026-04-24 19:05:02', '2026-04-24 19:05:02'),
(1095, 37, 8, 1, '2024-09-27', 'Absent', NULL, NULL, '2026-04-24 19:05:02', '2026-04-24 19:05:02'),
(1096, 37, 8, 1, '2024-09-30', 'Absent', NULL, NULL, '2026-04-24 19:05:02', '2026-04-24 19:05:02'),
(1097, 37, 8, 1, '2024-10-01', 'Late', NULL, NULL, '2026-04-24 19:05:02', '2026-04-24 19:05:02'),
(1098, 37, 8, 1, '2024-10-02', 'Present', NULL, NULL, '2026-04-24 19:05:02', '2026-04-24 19:05:02'),
(1099, 37, 8, 1, '2024-10-03', 'Present', NULL, NULL, '2026-04-24 19:05:02', '2026-04-24 19:05:02'),
(1100, 37, 8, 1, '2024-10-04', 'Late', NULL, NULL, '2026-04-24 19:05:02', '2026-04-24 19:05:02'),
(1101, 37, 8, 1, '2024-10-07', 'Present', NULL, NULL, '2026-04-24 19:05:02', '2026-04-24 19:05:02'),
(1102, 37, 8, 1, '2024-10-08', 'Present', NULL, NULL, '2026-04-24 19:05:02', '2026-04-24 19:05:02'),
(1103, 37, 8, 1, '2024-10-09', 'Present', NULL, NULL, '2026-04-24 19:05:02', '2026-04-24 19:05:02'),
(1104, 37, 8, 1, '2024-10-10', 'Present', NULL, NULL, '2026-04-24 19:05:02', '2026-04-24 19:05:02'),
(1105, 37, 8, 1, '2024-10-11', 'Present', NULL, NULL, '2026-04-24 19:05:02', '2026-04-24 19:05:02'),
(1106, 37, 8, 1, '2024-10-14', 'Present', NULL, NULL, '2026-04-24 19:05:02', '2026-04-24 19:05:02'),
(1107, 37, 8, 1, '2024-10-15', 'Present', NULL, NULL, '2026-04-24 19:05:02', '2026-04-24 19:05:02'),
(1108, 37, 8, 1, '2024-10-16', 'Late', NULL, NULL, '2026-04-24 19:05:02', '2026-04-24 19:05:02'),
(1109, 37, 8, 1, '2024-10-17', 'Absent', NULL, NULL, '2026-04-24 19:05:02', '2026-04-24 19:05:02'),
(1110, 37, 8, 1, '2024-10-18', 'Present', NULL, NULL, '2026-04-24 19:05:02', '2026-04-24 19:05:02'),
(1111, 38, 8, 1, '2024-09-09', 'Present', NULL, NULL, '2026-04-24 19:05:02', '2026-04-24 19:05:02'),
(1112, 38, 8, 1, '2024-09-10', 'Present', NULL, NULL, '2026-04-24 19:05:02', '2026-04-24 19:05:02'),
(1113, 38, 8, 1, '2024-09-11', 'Late', NULL, NULL, '2026-04-24 19:05:02', '2026-04-24 19:05:02'),
(1114, 38, 8, 1, '2024-09-12', 'Absent', NULL, NULL, '2026-04-24 19:05:02', '2026-04-24 19:05:02'),
(1115, 38, 8, 1, '2024-09-13', 'Present', NULL, NULL, '2026-04-24 19:05:02', '2026-04-24 19:05:02'),
(1116, 38, 8, 1, '2024-09-16', 'Present', NULL, NULL, '2026-04-24 19:05:02', '2026-04-24 19:05:02'),
(1117, 38, 8, 1, '2024-09-17', 'Present', NULL, NULL, '2026-04-24 19:05:02', '2026-04-24 19:05:02'),
(1118, 38, 8, 1, '2024-09-18', 'Present', NULL, NULL, '2026-04-24 19:05:02', '2026-04-24 19:05:02'),
(1119, 38, 8, 1, '2024-09-19', 'Present', NULL, NULL, '2026-04-24 19:05:02', '2026-04-24 19:05:02'),
(1120, 38, 8, 1, '2024-09-20', 'Present', NULL, NULL, '2026-04-24 19:05:02', '2026-04-24 19:05:02'),
(1121, 38, 8, 1, '2024-09-23', 'Absent', NULL, NULL, '2026-04-24 19:05:02', '2026-04-24 19:05:02'),
(1122, 38, 8, 1, '2024-09-24', 'Late', NULL, NULL, '2026-04-24 19:05:02', '2026-04-24 19:05:02'),
(1123, 38, 8, 1, '2024-09-25', 'Present', NULL, NULL, '2026-04-24 19:05:02', '2026-04-24 19:05:02'),
(1124, 38, 8, 1, '2024-09-26', 'Present', NULL, NULL, '2026-04-24 19:05:02', '2026-04-24 19:05:02'),
(1125, 38, 8, 1, '2024-09-27', 'Present', NULL, NULL, '2026-04-24 19:05:02', '2026-04-24 19:05:02'),
(1126, 38, 8, 1, '2024-09-30', 'Present', NULL, NULL, '2026-04-24 19:05:02', '2026-04-24 19:05:02'),
(1127, 38, 8, 1, '2024-10-01', 'Present', NULL, NULL, '2026-04-24 19:05:02', '2026-04-24 19:05:02'),
(1128, 38, 8, 1, '2024-10-02', 'Present', NULL, NULL, '2026-04-24 19:05:02', '2026-04-24 19:05:02'),
(1129, 38, 8, 1, '2024-10-03', 'Absent', NULL, NULL, '2026-04-24 19:05:02', '2026-04-24 19:05:02'),
(1130, 38, 8, 1, '2024-10-04', 'Absent', NULL, NULL, '2026-04-24 19:05:02', '2026-04-24 19:05:02'),
(1131, 38, 8, 1, '2024-10-07', 'Present', NULL, NULL, '2026-04-24 19:05:02', '2026-04-24 19:05:02'),
(1132, 38, 8, 1, '2024-10-08', 'Absent', NULL, NULL, '2026-04-24 19:05:02', '2026-04-24 19:05:02'),
(1133, 38, 8, 1, '2024-10-09', 'Absent', NULL, NULL, '2026-04-24 19:05:02', '2026-04-24 19:05:02'),
(1134, 38, 8, 1, '2024-10-10', 'Present', NULL, NULL, '2026-04-24 19:05:02', '2026-04-24 19:05:02'),
(1135, 38, 8, 1, '2024-10-11', 'Present', NULL, NULL, '2026-04-24 19:05:02', '2026-04-24 19:05:02'),
(1136, 38, 8, 1, '2024-10-14', 'Late', NULL, NULL, '2026-04-24 19:05:02', '2026-04-24 19:05:02'),
(1137, 38, 8, 1, '2024-10-15', 'Present', NULL, NULL, '2026-04-24 19:05:02', '2026-04-24 19:05:02'),
(1138, 38, 8, 1, '2024-10-16', 'Present', NULL, NULL, '2026-04-24 19:05:02', '2026-04-24 19:05:02'),
(1139, 38, 8, 1, '2024-10-17', 'Present', NULL, NULL, '2026-04-24 19:05:02', '2026-04-24 19:05:02'),
(1140, 38, 8, 1, '2024-10-18', 'Present', NULL, NULL, '2026-04-24 19:05:02', '2026-04-24 19:05:02'),
(1141, 39, 8, 1, '2024-09-09', 'Present', NULL, NULL, '2026-04-24 19:05:02', '2026-04-24 19:05:02'),
(1142, 39, 8, 1, '2024-09-10', 'Absent', NULL, NULL, '2026-04-24 19:05:02', '2026-04-24 19:05:02'),
(1143, 39, 8, 1, '2024-09-11', 'Present', NULL, NULL, '2026-04-24 19:05:02', '2026-04-24 19:05:02'),
(1144, 39, 8, 1, '2024-09-12', 'Present', NULL, NULL, '2026-04-24 19:05:02', '2026-04-24 19:05:02'),
(1145, 39, 8, 1, '2024-09-13', 'Present', NULL, NULL, '2026-04-24 19:05:02', '2026-04-24 19:05:02'),
(1146, 39, 8, 1, '2024-09-16', 'Late', NULL, NULL, '2026-04-24 19:05:02', '2026-04-24 19:05:02'),
(1147, 39, 8, 1, '2024-09-17', 'Present', NULL, NULL, '2026-04-24 19:05:02', '2026-04-24 19:05:02'),
(1148, 39, 8, 1, '2024-09-18', 'Present', NULL, NULL, '2026-04-24 19:05:02', '2026-04-24 19:05:02'),
(1149, 39, 8, 1, '2024-09-19', 'Present', NULL, NULL, '2026-04-24 19:05:02', '2026-04-24 19:05:02'),
(1150, 39, 8, 1, '2024-09-20', 'Present', NULL, NULL, '2026-04-24 19:05:02', '2026-04-24 19:05:02'),
(1151, 39, 8, 1, '2024-09-23', 'Present', NULL, NULL, '2026-04-24 19:05:02', '2026-04-24 19:05:02'),
(1152, 39, 8, 1, '2024-09-24', 'Present', NULL, NULL, '2026-04-24 19:05:02', '2026-04-24 19:05:02'),
(1153, 39, 8, 1, '2024-09-25', 'Present', NULL, NULL, '2026-04-24 19:05:02', '2026-04-24 19:05:02'),
(1154, 39, 8, 1, '2024-09-26', 'Late', NULL, NULL, '2026-04-24 19:05:02', '2026-04-24 19:05:02'),
(1155, 39, 8, 1, '2024-09-27', 'Present', NULL, NULL, '2026-04-24 19:05:02', '2026-04-24 19:05:02'),
(1156, 39, 8, 1, '2024-09-30', 'Present', NULL, NULL, '2026-04-24 19:05:02', '2026-04-24 19:05:02'),
(1157, 39, 8, 1, '2024-10-01', 'Present', NULL, NULL, '2026-04-24 19:05:02', '2026-04-24 19:05:02'),
(1158, 39, 8, 1, '2024-10-02', 'Present', NULL, NULL, '2026-04-24 19:05:02', '2026-04-24 19:05:02'),
(1159, 39, 8, 1, '2024-10-03', 'Absent', NULL, NULL, '2026-04-24 19:05:02', '2026-04-24 19:05:02'),
(1160, 39, 8, 1, '2024-10-04', 'Present', NULL, NULL, '2026-04-24 19:05:02', '2026-04-24 19:05:02'),
(1161, 39, 8, 1, '2024-10-07', 'Present', NULL, NULL, '2026-04-24 19:05:02', '2026-04-24 19:05:02'),
(1162, 39, 8, 1, '2024-10-08', 'Present', NULL, NULL, '2026-04-24 19:05:02', '2026-04-24 19:05:02'),
(1163, 39, 8, 1, '2024-10-09', 'Present', NULL, NULL, '2026-04-24 19:05:02', '2026-04-24 19:05:02'),
(1164, 39, 8, 1, '2024-10-10', 'Present', NULL, NULL, '2026-04-24 19:05:02', '2026-04-24 19:05:02'),
(1165, 39, 8, 1, '2024-10-11', 'Present', NULL, NULL, '2026-04-24 19:05:02', '2026-04-24 19:05:02'),
(1166, 39, 8, 1, '2024-10-14', 'Present', NULL, NULL, '2026-04-24 19:05:02', '2026-04-24 19:05:02'),
(1167, 39, 8, 1, '2024-10-15', 'Present', NULL, NULL, '2026-04-24 19:05:02', '2026-04-24 19:05:02'),
(1168, 39, 8, 1, '2024-10-16', 'Present', NULL, NULL, '2026-04-24 19:05:02', '2026-04-24 19:05:02'),
(1169, 39, 8, 1, '2024-10-17', 'Present', NULL, NULL, '2026-04-24 19:05:02', '2026-04-24 19:05:02'),
(1170, 39, 8, 1, '2024-10-18', 'Late', NULL, NULL, '2026-04-24 19:05:02', '2026-04-24 19:05:02'),
(1171, 40, 8, 1, '2024-09-09', 'Present', NULL, NULL, '2026-04-24 19:05:02', '2026-04-24 19:05:02'),
(1172, 40, 8, 1, '2024-09-10', 'Present', NULL, NULL, '2026-04-24 19:05:02', '2026-04-24 19:05:02'),
(1173, 40, 8, 1, '2024-09-11', 'Present', NULL, NULL, '2026-04-24 19:05:02', '2026-04-24 19:05:02'),
(1174, 40, 8, 1, '2024-09-12', 'Late', NULL, NULL, '2026-04-24 19:05:02', '2026-04-24 19:05:02'),
(1175, 40, 8, 1, '2024-09-13', 'Present', NULL, NULL, '2026-04-24 19:05:02', '2026-04-24 19:05:02'),
(1176, 40, 8, 1, '2024-09-16', 'Present', NULL, NULL, '2026-04-24 19:05:02', '2026-04-24 19:05:02'),
(1177, 40, 8, 1, '2024-09-17', 'Present', NULL, NULL, '2026-04-24 19:05:02', '2026-04-24 19:05:02'),
(1178, 40, 8, 1, '2024-09-18', 'Present', NULL, NULL, '2026-04-24 19:05:02', '2026-04-24 19:05:02'),
(1179, 40, 8, 1, '2024-09-19', 'Present', NULL, NULL, '2026-04-24 19:05:02', '2026-04-24 19:05:02'),
(1180, 40, 8, 1, '2024-09-20', 'Present', NULL, NULL, '2026-04-24 19:05:02', '2026-04-24 19:05:02'),
(1181, 40, 8, 1, '2024-09-23', 'Present', NULL, NULL, '2026-04-24 19:05:02', '2026-04-24 19:05:02'),
(1182, 40, 8, 1, '2024-09-24', 'Present', NULL, NULL, '2026-04-24 19:05:02', '2026-04-24 19:05:02'),
(1183, 40, 8, 1, '2024-09-25', 'Present', NULL, NULL, '2026-04-24 19:05:02', '2026-04-24 19:05:02'),
(1184, 40, 8, 1, '2024-09-26', 'Late', NULL, NULL, '2026-04-24 19:05:02', '2026-04-24 19:05:02'),
(1185, 40, 8, 1, '2024-09-27', 'Absent', NULL, NULL, '2026-04-24 19:05:02', '2026-04-24 19:05:02'),
(1186, 40, 8, 1, '2024-09-30', 'Absent', NULL, NULL, '2026-04-24 19:05:02', '2026-04-24 19:05:02'),
(1187, 40, 8, 1, '2024-10-01', 'Present', NULL, NULL, '2026-04-24 19:05:02', '2026-04-24 19:05:02'),
(1188, 40, 8, 1, '2024-10-02', 'Present', NULL, NULL, '2026-04-24 19:05:02', '2026-04-24 19:05:02'),
(1189, 40, 8, 1, '2024-10-03', 'Present', NULL, NULL, '2026-04-24 19:05:02', '2026-04-24 19:05:02'),
(1190, 40, 8, 1, '2024-10-04', 'Late', NULL, NULL, '2026-04-24 19:05:02', '2026-04-24 19:05:02'),
(1191, 40, 8, 1, '2024-10-07', 'Present', NULL, NULL, '2026-04-24 19:05:02', '2026-04-24 19:05:02'),
(1192, 40, 8, 1, '2024-10-08', 'Present', NULL, NULL, '2026-04-24 19:05:02', '2026-04-24 19:05:02'),
(1193, 40, 8, 1, '2024-10-09', 'Present', NULL, NULL, '2026-04-24 19:05:02', '2026-04-24 19:05:02'),
(1194, 40, 8, 1, '2024-10-10', 'Present', NULL, NULL, '2026-04-24 19:05:02', '2026-04-24 19:05:02'),
(1195, 40, 8, 1, '2024-10-11', 'Present', NULL, NULL, '2026-04-24 19:05:02', '2026-04-24 19:05:02'),
(1196, 40, 8, 1, '2024-10-14', 'Present', NULL, NULL, '2026-04-24 19:05:02', '2026-04-24 19:05:02'),
(1197, 40, 8, 1, '2024-10-15', 'Present', NULL, NULL, '2026-04-24 19:05:02', '2026-04-24 19:05:02'),
(1198, 40, 8, 1, '2024-10-16', 'Present', NULL, NULL, '2026-04-24 19:05:02', '2026-04-24 19:05:02'),
(1199, 40, 8, 1, '2024-10-17', 'Absent', NULL, NULL, '2026-04-24 19:05:02', '2026-04-24 19:05:02'),
(1200, 40, 8, 1, '2024-10-18', 'Present', NULL, NULL, '2026-04-24 19:05:02', '2026-04-24 19:05:02'),
(1201, 41, 9, 1, '2024-09-09', 'Present', NULL, NULL, '2026-04-24 19:05:02', '2026-04-24 19:05:02'),
(1202, 41, 9, 1, '2024-09-10', 'Present', NULL, NULL, '2026-04-24 19:05:02', '2026-04-24 19:05:02'),
(1203, 41, 9, 1, '2024-09-11', 'Present', NULL, NULL, '2026-04-24 19:05:02', '2026-04-24 19:05:02'),
(1204, 41, 9, 1, '2024-09-12', 'Present', NULL, NULL, '2026-04-24 19:05:02', '2026-04-24 19:05:02'),
(1205, 41, 9, 1, '2024-09-13', 'Present', NULL, NULL, '2026-04-24 19:05:02', '2026-04-24 19:05:02'),
(1206, 41, 9, 1, '2024-09-16', 'Present', NULL, NULL, '2026-04-24 19:05:02', '2026-04-24 19:05:02'),
(1207, 41, 9, 1, '2024-09-17', 'Absent', NULL, NULL, '2026-04-24 19:05:02', '2026-04-24 19:05:02'),
(1208, 41, 9, 1, '2024-09-18', 'Present', NULL, NULL, '2026-04-24 19:05:02', '2026-04-24 19:05:02'),
(1209, 41, 9, 1, '2024-09-19', 'Present', NULL, NULL, '2026-04-24 19:05:02', '2026-04-24 19:05:02'),
(1210, 41, 9, 1, '2024-09-20', 'Present', NULL, NULL, '2026-04-24 19:05:02', '2026-04-24 19:05:02'),
(1211, 41, 9, 1, '2024-09-23', 'Absent', NULL, NULL, '2026-04-24 19:05:02', '2026-04-24 19:05:02'),
(1212, 41, 9, 1, '2024-09-24', 'Present', NULL, NULL, '2026-04-24 19:05:02', '2026-04-24 19:05:02'),
(1213, 41, 9, 1, '2024-09-25', 'Present', NULL, NULL, '2026-04-24 19:05:02', '2026-04-24 19:05:02'),
(1214, 41, 9, 1, '2024-09-26', 'Present', NULL, NULL, '2026-04-24 19:05:02', '2026-04-24 19:05:02'),
(1215, 41, 9, 1, '2024-09-27', 'Present', NULL, NULL, '2026-04-24 19:05:02', '2026-04-24 19:05:02'),
(1216, 41, 9, 1, '2024-09-30', 'Present', NULL, NULL, '2026-04-24 19:05:02', '2026-04-24 19:05:02'),
(1217, 41, 9, 1, '2024-10-01', 'Late', NULL, NULL, '2026-04-24 19:05:02', '2026-04-24 19:05:02'),
(1218, 41, 9, 1, '2024-10-02', 'Present', NULL, NULL, '2026-04-24 19:05:02', '2026-04-24 19:05:02'),
(1219, 41, 9, 1, '2024-10-03', 'Present', NULL, NULL, '2026-04-24 19:05:02', '2026-04-24 19:05:02'),
(1220, 41, 9, 1, '2024-10-04', 'Present', NULL, NULL, '2026-04-24 19:05:02', '2026-04-24 19:05:02'),
(1221, 41, 9, 1, '2024-10-07', 'Present', NULL, NULL, '2026-04-24 19:05:02', '2026-04-24 19:05:02'),
(1222, 41, 9, 1, '2024-10-08', 'Present', NULL, NULL, '2026-04-24 19:05:02', '2026-04-24 19:05:02'),
(1223, 41, 9, 1, '2024-10-09', 'Present', NULL, NULL, '2026-04-24 19:05:02', '2026-04-24 19:05:02'),
(1224, 41, 9, 1, '2024-10-10', 'Present', NULL, NULL, '2026-04-24 19:05:02', '2026-04-24 19:05:02'),
(1225, 41, 9, 1, '2024-10-11', 'Present', NULL, NULL, '2026-04-24 19:05:02', '2026-04-24 19:05:02'),
(1226, 41, 9, 1, '2024-10-14', 'Present', NULL, NULL, '2026-04-24 19:05:02', '2026-04-24 19:05:02'),
(1227, 41, 9, 1, '2024-10-15', 'Present', NULL, NULL, '2026-04-24 19:05:02', '2026-04-24 19:05:02'),
(1228, 41, 9, 1, '2024-10-16', 'Present', NULL, NULL, '2026-04-24 19:05:02', '2026-04-24 19:05:02'),
(1229, 41, 9, 1, '2024-10-17', 'Present', NULL, NULL, '2026-04-24 19:05:02', '2026-04-24 19:05:02'),
(1230, 41, 9, 1, '2024-10-18', 'Present', NULL, NULL, '2026-04-24 19:05:02', '2026-04-24 19:05:02'),
(1231, 42, 9, 1, '2024-09-09', 'Present', NULL, NULL, '2026-04-24 19:05:02', '2026-04-24 19:05:02'),
(1232, 42, 9, 1, '2024-09-10', 'Present', NULL, NULL, '2026-04-24 19:05:02', '2026-04-24 19:05:02'),
(1233, 42, 9, 1, '2024-09-11', 'Present', NULL, NULL, '2026-04-24 19:05:02', '2026-04-24 19:05:02'),
(1234, 42, 9, 1, '2024-09-12', 'Present', NULL, NULL, '2026-04-24 19:05:02', '2026-04-24 19:05:02'),
(1235, 42, 9, 1, '2024-09-13', 'Present', NULL, NULL, '2026-04-24 19:05:02', '2026-04-24 19:05:02'),
(1236, 42, 9, 1, '2024-09-16', 'Present', NULL, NULL, '2026-04-24 19:05:02', '2026-04-24 19:05:02'),
(1237, 42, 9, 1, '2024-09-17', 'Present', NULL, NULL, '2026-04-24 19:05:02', '2026-04-24 19:05:02'),
(1238, 42, 9, 1, '2024-09-18', 'Absent', NULL, NULL, '2026-04-24 19:05:02', '2026-04-24 19:05:02'),
(1239, 42, 9, 1, '2024-09-19', 'Present', NULL, NULL, '2026-04-24 19:05:02', '2026-04-24 19:05:02'),
(1240, 42, 9, 1, '2024-09-20', 'Absent', NULL, NULL, '2026-04-24 19:05:02', '2026-04-24 19:05:02'),
(1241, 42, 9, 1, '2024-09-23', 'Present', NULL, NULL, '2026-04-24 19:05:02', '2026-04-24 19:05:02'),
(1242, 42, 9, 1, '2024-09-24', 'Present', NULL, NULL, '2026-04-24 19:05:02', '2026-04-24 19:05:02'),
(1243, 42, 9, 1, '2024-09-25', 'Present', NULL, NULL, '2026-04-24 19:05:02', '2026-04-24 19:05:02'),
(1244, 42, 9, 1, '2024-09-26', 'Present', NULL, NULL, '2026-04-24 19:05:02', '2026-04-24 19:05:02'),
(1245, 42, 9, 1, '2024-09-27', 'Present', NULL, NULL, '2026-04-24 19:05:02', '2026-04-24 19:05:02'),
(1246, 42, 9, 1, '2024-09-30', 'Present', NULL, NULL, '2026-04-24 19:05:02', '2026-04-24 19:05:02'),
(1247, 42, 9, 1, '2024-10-01', 'Absent', NULL, NULL, '2026-04-24 19:05:02', '2026-04-24 19:05:02'),
(1248, 42, 9, 1, '2024-10-02', 'Present', NULL, NULL, '2026-04-24 19:05:02', '2026-04-24 19:05:02'),
(1249, 42, 9, 1, '2024-10-03', 'Present', NULL, NULL, '2026-04-24 19:05:02', '2026-04-24 19:05:02'),
(1250, 42, 9, 1, '2024-10-04', 'Late', NULL, NULL, '2026-04-24 19:05:02', '2026-04-24 19:05:02'),
(1251, 42, 9, 1, '2024-10-07', 'Present', NULL, NULL, '2026-04-24 19:05:02', '2026-04-24 19:05:02'),
(1252, 42, 9, 1, '2024-10-08', 'Absent', NULL, NULL, '2026-04-24 19:05:02', '2026-04-24 19:05:02'),
(1253, 42, 9, 1, '2024-10-09', 'Present', NULL, NULL, '2026-04-24 19:05:02', '2026-04-24 19:05:02'),
(1254, 42, 9, 1, '2024-10-10', 'Present', NULL, NULL, '2026-04-24 19:05:02', '2026-04-24 19:05:02'),
(1255, 42, 9, 1, '2024-10-11', 'Present', NULL, NULL, '2026-04-24 19:05:02', '2026-04-24 19:05:02'),
(1256, 42, 9, 1, '2024-10-14', 'Present', NULL, NULL, '2026-04-24 19:05:02', '2026-04-24 19:05:02'),
(1257, 42, 9, 1, '2024-10-15', 'Late', NULL, NULL, '2026-04-24 19:05:02', '2026-04-24 19:05:02'),
(1258, 42, 9, 1, '2024-10-16', 'Present', NULL, NULL, '2026-04-24 19:05:02', '2026-04-24 19:05:02'),
(1259, 42, 9, 1, '2024-10-17', 'Late', NULL, NULL, '2026-04-24 19:05:02', '2026-04-24 19:05:02'),
(1260, 42, 9, 1, '2024-10-18', 'Present', NULL, NULL, '2026-04-24 19:05:02', '2026-04-24 19:05:02'),
(1261, 43, 9, 1, '2024-09-09', 'Present', NULL, NULL, '2026-04-24 19:05:02', '2026-04-24 19:05:02'),
(1262, 43, 9, 1, '2024-09-10', 'Late', NULL, NULL, '2026-04-24 19:05:02', '2026-04-24 19:05:02'),
(1263, 43, 9, 1, '2024-09-11', 'Present', NULL, NULL, '2026-04-24 19:05:02', '2026-04-24 19:05:02'),
(1264, 43, 9, 1, '2024-09-12', 'Present', NULL, NULL, '2026-04-24 19:05:02', '2026-04-24 19:05:02'),
(1265, 43, 9, 1, '2024-09-13', 'Present', NULL, NULL, '2026-04-24 19:05:02', '2026-04-24 19:05:02'),
(1266, 43, 9, 1, '2024-09-16', 'Present', NULL, NULL, '2026-04-24 19:05:02', '2026-04-24 19:05:02'),
(1267, 43, 9, 1, '2024-09-17', 'Absent', NULL, NULL, '2026-04-24 19:05:02', '2026-04-24 19:05:02'),
(1268, 43, 9, 1, '2024-09-18', 'Present', NULL, NULL, '2026-04-24 19:05:03', '2026-04-24 19:05:03'),
(1269, 43, 9, 1, '2024-09-19', 'Present', NULL, NULL, '2026-04-24 19:05:03', '2026-04-24 19:05:03'),
(1270, 43, 9, 1, '2024-09-20', 'Present', NULL, NULL, '2026-04-24 19:05:03', '2026-04-24 19:05:03'),
(1271, 43, 9, 1, '2024-09-23', 'Present', NULL, NULL, '2026-04-24 19:05:03', '2026-04-24 19:05:03'),
(1272, 43, 9, 1, '2024-09-24', 'Present', NULL, NULL, '2026-04-24 19:05:03', '2026-04-24 19:05:03'),
(1273, 43, 9, 1, '2024-09-25', 'Present', NULL, NULL, '2026-04-24 19:05:03', '2026-04-24 19:05:03'),
(1274, 43, 9, 1, '2024-09-26', 'Present', NULL, NULL, '2026-04-24 19:05:03', '2026-04-24 19:05:03'),
(1275, 43, 9, 1, '2024-09-27', 'Present', NULL, NULL, '2026-04-24 19:05:03', '2026-04-24 19:05:03'),
(1276, 43, 9, 1, '2024-09-30', 'Present', NULL, NULL, '2026-04-24 19:05:03', '2026-04-24 19:05:03'),
(1277, 43, 9, 1, '2024-10-01', 'Present', NULL, NULL, '2026-04-24 19:05:03', '2026-04-24 19:05:03'),
(1278, 43, 9, 1, '2024-10-02', 'Present', NULL, NULL, '2026-04-24 19:05:03', '2026-04-24 19:05:03'),
(1279, 43, 9, 1, '2024-10-03', 'Present', NULL, NULL, '2026-04-24 19:05:03', '2026-04-24 19:05:03'),
(1280, 43, 9, 1, '2024-10-04', 'Present', NULL, NULL, '2026-04-24 19:05:03', '2026-04-24 19:05:03'),
(1281, 43, 9, 1, '2024-10-07', 'Present', NULL, NULL, '2026-04-24 19:05:03', '2026-04-24 19:05:03'),
(1282, 43, 9, 1, '2024-10-08', 'Present', NULL, NULL, '2026-04-24 19:05:03', '2026-04-24 19:05:03'),
(1283, 43, 9, 1, '2024-10-09', 'Present', NULL, NULL, '2026-04-24 19:05:03', '2026-04-24 19:05:03'),
(1284, 43, 9, 1, '2024-10-10', 'Present', NULL, NULL, '2026-04-24 19:05:03', '2026-04-24 19:05:03'),
(1285, 43, 9, 1, '2024-10-11', 'Present', NULL, NULL, '2026-04-24 19:05:03', '2026-04-24 19:05:03'),
(1286, 43, 9, 1, '2024-10-14', 'Present', NULL, NULL, '2026-04-24 19:05:03', '2026-04-24 19:05:03'),
(1287, 43, 9, 1, '2024-10-15', 'Absent', NULL, NULL, '2026-04-24 19:05:03', '2026-04-24 19:05:03'),
(1288, 43, 9, 1, '2024-10-16', 'Absent', NULL, NULL, '2026-04-24 19:05:03', '2026-04-24 19:05:03'),
(1289, 43, 9, 1, '2024-10-17', 'Present', NULL, NULL, '2026-04-24 19:05:03', '2026-04-24 19:05:03'),
(1290, 43, 9, 1, '2024-10-18', 'Late', NULL, NULL, '2026-04-24 19:05:03', '2026-04-24 19:05:03'),
(1291, 44, 9, 1, '2024-09-09', 'Present', NULL, NULL, '2026-04-24 19:05:03', '2026-04-24 19:05:03'),
(1292, 44, 9, 1, '2024-09-10', 'Late', NULL, NULL, '2026-04-24 19:05:03', '2026-04-24 19:05:03'),
(1293, 44, 9, 1, '2024-09-11', 'Late', NULL, NULL, '2026-04-24 19:05:03', '2026-04-24 19:05:03'),
(1294, 44, 9, 1, '2024-09-12', 'Present', NULL, NULL, '2026-04-24 19:05:03', '2026-04-24 19:05:03'),
(1295, 44, 9, 1, '2024-09-13', 'Present', NULL, NULL, '2026-04-24 19:05:03', '2026-04-24 19:05:03'),
(1296, 44, 9, 1, '2024-09-16', 'Present', NULL, NULL, '2026-04-24 19:05:03', '2026-04-24 19:05:03'),
(1297, 44, 9, 1, '2024-09-17', 'Present', NULL, NULL, '2026-04-24 19:05:03', '2026-04-24 19:05:03'),
(1298, 44, 9, 1, '2024-09-18', 'Present', NULL, NULL, '2026-04-24 19:05:03', '2026-04-24 19:05:03'),
(1299, 44, 9, 1, '2024-09-19', 'Present', NULL, NULL, '2026-04-24 19:05:03', '2026-04-24 19:05:03'),
(1300, 44, 9, 1, '2024-09-20', 'Present', NULL, NULL, '2026-04-24 19:05:03', '2026-04-24 19:05:03'),
(1301, 44, 9, 1, '2024-09-23', 'Present', NULL, NULL, '2026-04-24 19:05:03', '2026-04-24 19:05:03'),
(1302, 44, 9, 1, '2024-09-24', 'Present', NULL, NULL, '2026-04-24 19:05:03', '2026-04-24 19:05:03'),
(1303, 44, 9, 1, '2024-09-25', 'Present', NULL, NULL, '2026-04-24 19:05:03', '2026-04-24 19:05:03'),
(1304, 44, 9, 1, '2024-09-26', 'Present', NULL, NULL, '2026-04-24 19:05:03', '2026-04-24 19:05:03'),
(1305, 44, 9, 1, '2024-09-27', 'Present', NULL, NULL, '2026-04-24 19:05:03', '2026-04-24 19:05:03'),
(1306, 44, 9, 1, '2024-09-30', 'Present', NULL, NULL, '2026-04-24 19:05:03', '2026-04-24 19:05:03'),
(1307, 44, 9, 1, '2024-10-01', 'Present', NULL, NULL, '2026-04-24 19:05:03', '2026-04-24 19:05:03'),
(1308, 44, 9, 1, '2024-10-02', 'Present', NULL, NULL, '2026-04-24 19:05:03', '2026-04-24 19:05:03'),
(1309, 44, 9, 1, '2024-10-03', 'Absent', NULL, NULL, '2026-04-24 19:05:03', '2026-04-24 19:05:03'),
(1310, 44, 9, 1, '2024-10-04', 'Absent', NULL, NULL, '2026-04-24 19:05:03', '2026-04-24 19:05:03'),
(1311, 44, 9, 1, '2024-10-07', 'Present', NULL, NULL, '2026-04-24 19:05:03', '2026-04-24 19:05:03'),
(1312, 44, 9, 1, '2024-10-08', 'Present', NULL, NULL, '2026-04-24 19:05:03', '2026-04-24 19:05:03'),
(1313, 44, 9, 1, '2024-10-09', 'Late', NULL, NULL, '2026-04-24 19:05:03', '2026-04-24 19:05:03'),
(1314, 44, 9, 1, '2024-10-10', 'Present', NULL, NULL, '2026-04-24 19:05:03', '2026-04-24 19:05:03'),
(1315, 44, 9, 1, '2024-10-11', 'Present', NULL, NULL, '2026-04-24 19:05:03', '2026-04-24 19:05:03'),
(1316, 44, 9, 1, '2024-10-14', 'Present', NULL, NULL, '2026-04-24 19:05:03', '2026-04-24 19:05:03'),
(1317, 44, 9, 1, '2024-10-15', 'Present', NULL, NULL, '2026-04-24 19:05:03', '2026-04-24 19:05:03'),
(1318, 44, 9, 1, '2024-10-16', 'Present', NULL, NULL, '2026-04-24 19:05:03', '2026-04-24 19:05:03'),
(1319, 44, 9, 1, '2024-10-17', 'Present', NULL, NULL, '2026-04-24 19:05:03', '2026-04-24 19:05:03'),
(1320, 44, 9, 1, '2024-10-18', 'Present', NULL, NULL, '2026-04-24 19:05:03', '2026-04-24 19:05:03'),
(1321, 45, 9, 1, '2024-09-09', 'Present', NULL, NULL, '2026-04-24 19:05:03', '2026-04-24 19:05:03'),
(1322, 45, 9, 1, '2024-09-10', 'Present', NULL, NULL, '2026-04-24 19:05:03', '2026-04-24 19:05:03'),
(1323, 45, 9, 1, '2024-09-11', 'Present', NULL, NULL, '2026-04-24 19:05:03', '2026-04-24 19:05:03'),
(1324, 45, 9, 1, '2024-09-12', 'Present', NULL, NULL, '2026-04-24 19:05:03', '2026-04-24 19:05:03'),
(1325, 45, 9, 1, '2024-09-13', 'Present', NULL, NULL, '2026-04-24 19:05:03', '2026-04-24 19:05:03'),
(1326, 45, 9, 1, '2024-09-16', 'Present', NULL, NULL, '2026-04-24 19:05:03', '2026-04-24 19:05:03'),
(1327, 45, 9, 1, '2024-09-17', 'Present', NULL, NULL, '2026-04-24 19:05:03', '2026-04-24 19:05:03'),
(1328, 45, 9, 1, '2024-09-18', 'Present', NULL, NULL, '2026-04-24 19:05:03', '2026-04-24 19:05:03'),
(1329, 45, 9, 1, '2024-09-19', 'Present', NULL, NULL, '2026-04-24 19:05:03', '2026-04-24 19:05:03'),
(1330, 45, 9, 1, '2024-09-20', 'Present', NULL, NULL, '2026-04-24 19:05:03', '2026-04-24 19:05:03'),
(1331, 45, 9, 1, '2024-09-23', 'Present', NULL, NULL, '2026-04-24 19:05:03', '2026-04-24 19:05:03'),
(1332, 45, 9, 1, '2024-09-24', 'Present', NULL, NULL, '2026-04-24 19:05:03', '2026-04-24 19:05:03'),
(1333, 45, 9, 1, '2024-09-25', 'Late', NULL, NULL, '2026-04-24 19:05:03', '2026-04-24 19:05:03'),
(1334, 45, 9, 1, '2024-09-26', 'Present', NULL, NULL, '2026-04-24 19:05:03', '2026-04-24 19:05:03'),
(1335, 45, 9, 1, '2024-09-27', 'Late', NULL, NULL, '2026-04-24 19:05:03', '2026-04-24 19:05:03'),
(1336, 45, 9, 1, '2024-09-30', 'Present', NULL, NULL, '2026-04-24 19:05:03', '2026-04-24 19:05:03'),
(1337, 45, 9, 1, '2024-10-01', 'Present', NULL, NULL, '2026-04-24 19:05:03', '2026-04-24 19:05:03'),
(1338, 45, 9, 1, '2024-10-02', 'Present', NULL, NULL, '2026-04-24 19:05:03', '2026-04-24 19:05:03'),
(1339, 45, 9, 1, '2024-10-03', 'Present', NULL, NULL, '2026-04-24 19:05:03', '2026-04-24 19:05:03'),
(1340, 45, 9, 1, '2024-10-04', 'Absent', NULL, NULL, '2026-04-24 19:05:03', '2026-04-24 19:05:03'),
(1341, 45, 9, 1, '2024-10-07', 'Present', NULL, NULL, '2026-04-24 19:05:03', '2026-04-24 19:05:03'),
(1342, 45, 9, 1, '2024-10-08', 'Present', NULL, NULL, '2026-04-24 19:05:03', '2026-04-24 19:05:03'),
(1343, 45, 9, 1, '2024-10-09', 'Absent', NULL, NULL, '2026-04-24 19:05:03', '2026-04-24 19:05:03'),
(1344, 45, 9, 1, '2024-10-10', 'Present', NULL, NULL, '2026-04-24 19:05:03', '2026-04-24 19:05:03'),
(1345, 45, 9, 1, '2024-10-11', 'Absent', NULL, NULL, '2026-04-24 19:05:03', '2026-04-24 19:05:03'),
(1346, 45, 9, 1, '2024-10-14', 'Absent', NULL, NULL, '2026-04-24 19:05:03', '2026-04-24 19:05:03'),
(1347, 45, 9, 1, '2024-10-15', 'Late', NULL, NULL, '2026-04-24 19:05:03', '2026-04-24 19:05:03'),
(1348, 45, 9, 1, '2024-10-16', 'Absent', NULL, NULL, '2026-04-24 19:05:03', '2026-04-24 19:05:03'),
(1349, 45, 9, 1, '2024-10-17', 'Present', NULL, NULL, '2026-04-24 19:05:03', '2026-04-24 19:05:03'),
(1350, 45, 9, 1, '2024-10-18', 'Present', NULL, NULL, '2026-04-24 19:05:03', '2026-04-24 19:05:03'),
(1351, 46, 10, 1, '2024-09-09', 'Present', NULL, NULL, '2026-04-24 19:05:03', '2026-04-24 19:05:03'),
(1352, 46, 10, 1, '2024-09-10', 'Present', NULL, NULL, '2026-04-24 19:05:03', '2026-04-24 19:05:03'),
(1353, 46, 10, 1, '2024-09-11', 'Present', NULL, NULL, '2026-04-24 19:05:03', '2026-04-24 19:05:03'),
(1354, 46, 10, 1, '2024-09-12', 'Present', NULL, NULL, '2026-04-24 19:05:03', '2026-04-24 19:05:03'),
(1355, 46, 10, 1, '2024-09-13', 'Present', NULL, NULL, '2026-04-24 19:05:03', '2026-04-24 19:05:03'),
(1356, 46, 10, 1, '2024-09-16', 'Present', NULL, NULL, '2026-04-24 19:05:03', '2026-04-24 19:05:03'),
(1357, 46, 10, 1, '2024-09-17', 'Absent', NULL, NULL, '2026-04-24 19:05:03', '2026-04-24 19:05:03'),
(1358, 46, 10, 1, '2024-09-18', 'Absent', NULL, NULL, '2026-04-24 19:05:03', '2026-04-24 19:05:03'),
(1359, 46, 10, 1, '2024-09-19', 'Present', NULL, NULL, '2026-04-24 19:05:03', '2026-04-24 19:05:03'),
(1360, 46, 10, 1, '2024-09-20', 'Present', NULL, NULL, '2026-04-24 19:05:03', '2026-04-24 19:05:03'),
(1361, 46, 10, 1, '2024-09-23', 'Present', NULL, NULL, '2026-04-24 19:05:03', '2026-04-24 19:05:03'),
(1362, 46, 10, 1, '2024-09-24', 'Present', NULL, NULL, '2026-04-24 19:05:03', '2026-04-24 19:05:03'),
(1363, 46, 10, 1, '2024-09-25', 'Present', NULL, NULL, '2026-04-24 19:05:03', '2026-04-24 19:05:03'),
(1364, 46, 10, 1, '2024-09-26', 'Present', NULL, NULL, '2026-04-24 19:05:03', '2026-04-24 19:05:03'),
(1365, 46, 10, 1, '2024-09-27', 'Absent', NULL, NULL, '2026-04-24 19:05:03', '2026-04-24 19:05:03'),
(1366, 46, 10, 1, '2024-09-30', 'Present', NULL, NULL, '2026-04-24 19:05:03', '2026-04-24 19:05:03'),
(1367, 46, 10, 1, '2024-10-01', 'Present', NULL, NULL, '2026-04-24 19:05:03', '2026-04-24 19:05:03'),
(1368, 46, 10, 1, '2024-10-02', 'Late', NULL, NULL, '2026-04-24 19:05:03', '2026-04-24 19:05:03'),
(1369, 46, 10, 1, '2024-10-03', 'Present', NULL, NULL, '2026-04-24 19:05:03', '2026-04-24 19:05:03'),
(1370, 46, 10, 1, '2024-10-04', 'Present', NULL, NULL, '2026-04-24 19:05:03', '2026-04-24 19:05:03'),
(1371, 46, 10, 1, '2024-10-07', 'Present', NULL, NULL, '2026-04-24 19:05:03', '2026-04-24 19:05:03'),
(1372, 46, 10, 1, '2024-10-08', 'Present', NULL, NULL, '2026-04-24 19:05:03', '2026-04-24 19:05:03'),
(1373, 46, 10, 1, '2024-10-09', 'Present', NULL, NULL, '2026-04-24 19:05:03', '2026-04-24 19:05:03'),
(1374, 46, 10, 1, '2024-10-10', 'Present', NULL, NULL, '2026-04-24 19:05:03', '2026-04-24 19:05:03'),
(1375, 46, 10, 1, '2024-10-11', 'Absent', NULL, NULL, '2026-04-24 19:05:03', '2026-04-24 19:05:03'),
(1376, 46, 10, 1, '2024-10-14', 'Present', NULL, NULL, '2026-04-24 19:05:03', '2026-04-24 19:05:03'),
(1377, 46, 10, 1, '2024-10-15', 'Absent', NULL, NULL, '2026-04-24 19:05:03', '2026-04-24 19:05:03'),
(1378, 46, 10, 1, '2024-10-16', 'Present', NULL, NULL, '2026-04-24 19:05:03', '2026-04-24 19:05:03'),
(1379, 46, 10, 1, '2024-10-17', 'Present', NULL, NULL, '2026-04-24 19:05:03', '2026-04-24 19:05:03'),
(1380, 46, 10, 1, '2024-10-18', 'Present', NULL, NULL, '2026-04-24 19:05:03', '2026-04-24 19:05:03'),
(1381, 47, 10, 1, '2024-09-09', 'Present', NULL, NULL, '2026-04-24 19:05:03', '2026-04-24 19:05:03'),
(1382, 47, 10, 1, '2024-09-10', 'Present', NULL, NULL, '2026-04-24 19:05:03', '2026-04-24 19:05:03'),
(1383, 47, 10, 1, '2024-09-11', 'Present', NULL, NULL, '2026-04-24 19:05:03', '2026-04-24 19:05:03'),
(1384, 47, 10, 1, '2024-09-12', 'Present', NULL, NULL, '2026-04-24 19:05:03', '2026-04-24 19:05:03'),
(1385, 47, 10, 1, '2024-09-13', 'Present', NULL, NULL, '2026-04-24 19:05:03', '2026-04-24 19:05:03'),
(1386, 47, 10, 1, '2024-09-16', 'Present', NULL, NULL, '2026-04-24 19:05:03', '2026-04-24 19:05:03'),
(1387, 47, 10, 1, '2024-09-17', 'Present', NULL, NULL, '2026-04-24 19:05:03', '2026-04-24 19:05:03'),
(1388, 47, 10, 1, '2024-09-18', 'Present', NULL, NULL, '2026-04-24 19:05:03', '2026-04-24 19:05:03'),
(1389, 47, 10, 1, '2024-09-19', 'Present', NULL, NULL, '2026-04-24 19:05:03', '2026-04-24 19:05:03'),
(1390, 47, 10, 1, '2024-09-20', 'Absent', NULL, NULL, '2026-04-24 19:05:03', '2026-04-24 19:05:03'),
(1391, 47, 10, 1, '2024-09-23', 'Present', NULL, NULL, '2026-04-24 19:05:03', '2026-04-24 19:05:03'),
(1392, 47, 10, 1, '2024-09-24', 'Present', NULL, NULL, '2026-04-24 19:05:03', '2026-04-24 19:05:03'),
(1393, 47, 10, 1, '2024-09-25', 'Present', NULL, NULL, '2026-04-24 19:05:03', '2026-04-24 19:05:03'),
(1394, 47, 10, 1, '2024-09-26', 'Present', NULL, NULL, '2026-04-24 19:05:03', '2026-04-24 19:05:03'),
(1395, 47, 10, 1, '2024-09-27', 'Absent', NULL, NULL, '2026-04-24 19:05:03', '2026-04-24 19:05:03'),
(1396, 47, 10, 1, '2024-09-30', 'Present', NULL, NULL, '2026-04-24 19:05:03', '2026-04-24 19:05:03'),
(1397, 47, 10, 1, '2024-10-01', 'Absent', NULL, NULL, '2026-04-24 19:05:03', '2026-04-24 19:05:03'),
(1398, 47, 10, 1, '2024-10-02', 'Present', NULL, NULL, '2026-04-24 19:05:03', '2026-04-24 19:05:03'),
(1399, 47, 10, 1, '2024-10-03', 'Late', NULL, NULL, '2026-04-24 19:05:03', '2026-04-24 19:05:03'),
(1400, 47, 10, 1, '2024-10-04', 'Present', NULL, NULL, '2026-04-24 19:05:03', '2026-04-24 19:05:03'),
(1401, 47, 10, 1, '2024-10-07', 'Present', NULL, NULL, '2026-04-24 19:05:03', '2026-04-24 19:05:03'),
(1402, 47, 10, 1, '2024-10-08', 'Present', NULL, NULL, '2026-04-24 19:05:03', '2026-04-24 19:05:03'),
(1403, 47, 10, 1, '2024-10-09', 'Present', NULL, NULL, '2026-04-24 19:05:03', '2026-04-24 19:05:03'),
(1404, 47, 10, 1, '2024-10-10', 'Present', NULL, NULL, '2026-04-24 19:05:03', '2026-04-24 19:05:03'),
(1405, 47, 10, 1, '2024-10-11', 'Present', NULL, NULL, '2026-04-24 19:05:03', '2026-04-24 19:05:03'),
(1406, 47, 10, 1, '2024-10-14', 'Present', NULL, NULL, '2026-04-24 19:05:03', '2026-04-24 19:05:03'),
(1407, 47, 10, 1, '2024-10-15', 'Present', NULL, NULL, '2026-04-24 19:05:03', '2026-04-24 19:05:03'),
(1408, 47, 10, 1, '2024-10-16', 'Present', NULL, NULL, '2026-04-24 19:05:03', '2026-04-24 19:05:03'),
(1409, 47, 10, 1, '2024-10-17', 'Present', NULL, NULL, '2026-04-24 19:05:03', '2026-04-24 19:05:03'),
(1410, 47, 10, 1, '2024-10-18', 'Present', NULL, NULL, '2026-04-24 19:05:03', '2026-04-24 19:05:03'),
(1411, 48, 10, 1, '2024-09-09', 'Present', NULL, NULL, '2026-04-24 19:05:03', '2026-04-24 19:05:03'),
(1412, 48, 10, 1, '2024-09-10', 'Present', NULL, NULL, '2026-04-24 19:05:03', '2026-04-24 19:05:03'),
(1413, 48, 10, 1, '2024-09-11', 'Present', NULL, NULL, '2026-04-24 19:05:03', '2026-04-24 19:05:03'),
(1414, 48, 10, 1, '2024-09-12', 'Absent', NULL, NULL, '2026-04-24 19:05:03', '2026-04-24 19:05:03'),
(1415, 48, 10, 1, '2024-09-13', 'Present', NULL, NULL, '2026-04-24 19:05:03', '2026-04-24 19:05:03'),
(1416, 48, 10, 1, '2024-09-16', 'Present', NULL, NULL, '2026-04-24 19:05:03', '2026-04-24 19:05:03'),
(1417, 48, 10, 1, '2024-09-17', 'Present', NULL, NULL, '2026-04-24 19:05:03', '2026-04-24 19:05:03'),
(1418, 48, 10, 1, '2024-09-18', 'Absent', NULL, NULL, '2026-04-24 19:05:03', '2026-04-24 19:05:03'),
(1419, 48, 10, 1, '2024-09-19', 'Present', NULL, NULL, '2026-04-24 19:05:03', '2026-04-24 19:05:03'),
(1420, 48, 10, 1, '2024-09-20', 'Present', NULL, NULL, '2026-04-24 19:05:03', '2026-04-24 19:05:03'),
(1421, 48, 10, 1, '2024-09-23', 'Present', NULL, NULL, '2026-04-24 19:05:03', '2026-04-24 19:05:03'),
(1422, 48, 10, 1, '2024-09-24', 'Present', NULL, NULL, '2026-04-24 19:05:03', '2026-04-24 19:05:03'),
(1423, 48, 10, 1, '2024-09-25', 'Present', NULL, NULL, '2026-04-24 19:05:03', '2026-04-24 19:05:03'),
(1424, 48, 10, 1, '2024-09-26', 'Present', NULL, NULL, '2026-04-24 19:05:03', '2026-04-24 19:05:03'),
(1425, 48, 10, 1, '2024-09-27', 'Present', NULL, NULL, '2026-04-24 19:05:03', '2026-04-24 19:05:03'),
(1426, 48, 10, 1, '2024-09-30', 'Present', NULL, NULL, '2026-04-24 19:05:03', '2026-04-24 19:05:03'),
(1427, 48, 10, 1, '2024-10-01', 'Present', NULL, NULL, '2026-04-24 19:05:03', '2026-04-24 19:05:03'),
(1428, 48, 10, 1, '2024-10-02', 'Present', NULL, NULL, '2026-04-24 19:05:03', '2026-04-24 19:05:03'),
(1429, 48, 10, 1, '2024-10-03', 'Present', NULL, NULL, '2026-04-24 19:05:03', '2026-04-24 19:05:03'),
(1430, 48, 10, 1, '2024-10-04', 'Late', NULL, NULL, '2026-04-24 19:05:03', '2026-04-24 19:05:03'),
(1431, 48, 10, 1, '2024-10-07', 'Present', NULL, NULL, '2026-04-24 19:05:03', '2026-04-24 19:05:03'),
(1432, 48, 10, 1, '2024-10-08', 'Absent', NULL, NULL, '2026-04-24 19:05:03', '2026-04-24 19:05:03'),
(1433, 48, 10, 1, '2024-10-09', 'Late', NULL, NULL, '2026-04-24 19:05:03', '2026-04-24 19:05:03'),
(1434, 48, 10, 1, '2024-10-10', 'Present', NULL, NULL, '2026-04-24 19:05:03', '2026-04-24 19:05:03'),
(1435, 48, 10, 1, '2024-10-11', 'Present', NULL, NULL, '2026-04-24 19:05:03', '2026-04-24 19:05:03'),
(1436, 48, 10, 1, '2024-10-14', 'Present', NULL, NULL, '2026-04-24 19:05:03', '2026-04-24 19:05:03'),
(1437, 48, 10, 1, '2024-10-15', 'Present', NULL, NULL, '2026-04-24 19:05:03', '2026-04-24 19:05:03'),
(1438, 48, 10, 1, '2024-10-16', 'Present', NULL, NULL, '2026-04-24 19:05:03', '2026-04-24 19:05:03'),
(1439, 48, 10, 1, '2024-10-17', 'Present', NULL, NULL, '2026-04-24 19:05:03', '2026-04-24 19:05:03'),
(1440, 48, 10, 1, '2024-10-18', 'Present', NULL, NULL, '2026-04-24 19:05:03', '2026-04-24 19:05:03'),
(1441, 49, 10, 1, '2024-09-09', 'Present', NULL, NULL, '2026-04-24 19:05:03', '2026-04-24 19:05:03'),
(1442, 49, 10, 1, '2024-09-10', 'Present', NULL, NULL, '2026-04-24 19:05:03', '2026-04-24 19:05:03'),
(1443, 49, 10, 1, '2024-09-11', 'Present', NULL, NULL, '2026-04-24 19:05:03', '2026-04-24 19:05:03'),
(1444, 49, 10, 1, '2024-09-12', 'Present', NULL, NULL, '2026-04-24 19:05:03', '2026-04-24 19:05:03'),
(1445, 49, 10, 1, '2024-09-13', 'Present', NULL, NULL, '2026-04-24 19:05:03', '2026-04-24 19:05:03'),
(1446, 49, 10, 1, '2024-09-16', 'Absent', NULL, NULL, '2026-04-24 19:05:03', '2026-04-24 19:05:03'),
(1447, 49, 10, 1, '2024-09-17', 'Present', NULL, NULL, '2026-04-24 19:05:03', '2026-04-24 19:05:03'),
(1448, 49, 10, 1, '2024-09-18', 'Present', NULL, NULL, '2026-04-24 19:05:03', '2026-04-24 19:05:03'),
(1449, 49, 10, 1, '2024-09-19', 'Present', NULL, NULL, '2026-04-24 19:05:03', '2026-04-24 19:05:03'),
(1450, 49, 10, 1, '2024-09-20', 'Absent', NULL, NULL, '2026-04-24 19:05:03', '2026-04-24 19:05:03'),
(1451, 49, 10, 1, '2024-09-23', 'Present', NULL, NULL, '2026-04-24 19:05:03', '2026-04-24 19:05:03'),
(1452, 49, 10, 1, '2024-09-24', 'Present', NULL, NULL, '2026-04-24 19:05:03', '2026-04-24 19:05:03'),
(1453, 49, 10, 1, '2024-09-25', 'Present', NULL, NULL, '2026-04-24 19:05:03', '2026-04-24 19:05:03'),
(1454, 49, 10, 1, '2024-09-26', 'Present', NULL, NULL, '2026-04-24 19:05:03', '2026-04-24 19:05:03'),
(1455, 49, 10, 1, '2024-09-27', 'Present', NULL, NULL, '2026-04-24 19:05:03', '2026-04-24 19:05:03'),
(1456, 49, 10, 1, '2024-09-30', 'Present', NULL, NULL, '2026-04-24 19:05:03', '2026-04-24 19:05:03'),
(1457, 49, 10, 1, '2024-10-01', 'Present', NULL, NULL, '2026-04-24 19:05:03', '2026-04-24 19:05:03'),
(1458, 49, 10, 1, '2024-10-02', 'Present', NULL, NULL, '2026-04-24 19:05:03', '2026-04-24 19:05:03'),
(1459, 49, 10, 1, '2024-10-03', 'Present', NULL, NULL, '2026-04-24 19:05:03', '2026-04-24 19:05:03'),
(1460, 49, 10, 1, '2024-10-04', 'Late', NULL, NULL, '2026-04-24 19:05:03', '2026-04-24 19:05:03'),
(1461, 49, 10, 1, '2024-10-07', 'Present', NULL, NULL, '2026-04-24 19:05:03', '2026-04-24 19:05:03'),
(1462, 49, 10, 1, '2024-10-08', 'Present', NULL, NULL, '2026-04-24 19:05:03', '2026-04-24 19:05:03'),
(1463, 49, 10, 1, '2024-10-09', 'Present', NULL, NULL, '2026-04-24 19:05:03', '2026-04-24 19:05:03'),
(1464, 49, 10, 1, '2024-10-10', 'Present', NULL, NULL, '2026-04-24 19:05:03', '2026-04-24 19:05:03'),
(1465, 49, 10, 1, '2024-10-11', 'Present', NULL, NULL, '2026-04-24 19:05:03', '2026-04-24 19:05:03'),
(1466, 49, 10, 1, '2024-10-14', 'Absent', NULL, NULL, '2026-04-24 19:05:03', '2026-04-24 19:05:03'),
(1467, 49, 10, 1, '2024-10-15', 'Present', NULL, NULL, '2026-04-24 19:05:03', '2026-04-24 19:05:03'),
(1468, 49, 10, 1, '2024-10-16', 'Present', NULL, NULL, '2026-04-24 19:05:03', '2026-04-24 19:05:03'),
(1469, 49, 10, 1, '2024-10-17', 'Present', NULL, NULL, '2026-04-24 19:05:03', '2026-04-24 19:05:03'),
(1470, 49, 10, 1, '2024-10-18', 'Present', NULL, NULL, '2026-04-24 19:05:03', '2026-04-24 19:05:03'),
(1471, 50, 10, 1, '2024-09-09', 'Absent', NULL, NULL, '2026-04-24 19:05:03', '2026-04-24 19:05:03'),
(1472, 50, 10, 1, '2024-09-10', 'Present', NULL, NULL, '2026-04-24 19:05:03', '2026-04-24 19:05:03'),
(1473, 50, 10, 1, '2024-09-11', 'Present', NULL, NULL, '2026-04-24 19:05:03', '2026-04-24 19:05:03'),
(1474, 50, 10, 1, '2024-09-12', 'Present', NULL, NULL, '2026-04-24 19:05:03', '2026-04-24 19:05:03'),
(1475, 50, 10, 1, '2024-09-13', 'Present', NULL, NULL, '2026-04-24 19:05:03', '2026-04-24 19:05:03'),
(1476, 50, 10, 1, '2024-09-16', 'Present', NULL, NULL, '2026-04-24 19:05:03', '2026-04-24 19:05:03'),
(1477, 50, 10, 1, '2024-09-17', 'Absent', NULL, NULL, '2026-04-24 19:05:03', '2026-04-24 19:05:03'),
(1478, 50, 10, 1, '2024-09-18', 'Absent', NULL, NULL, '2026-04-24 19:05:03', '2026-04-24 19:05:03'),
(1479, 50, 10, 1, '2024-09-19', 'Present', NULL, NULL, '2026-04-24 19:05:03', '2026-04-24 19:05:03'),
(1480, 50, 10, 1, '2024-09-20', 'Present', NULL, NULL, '2026-04-24 19:05:03', '2026-04-24 19:05:03'),
(1481, 50, 10, 1, '2024-09-23', 'Present', NULL, NULL, '2026-04-24 19:05:03', '2026-04-24 19:05:03'),
(1482, 50, 10, 1, '2024-09-24', 'Late', NULL, NULL, '2026-04-24 19:05:03', '2026-04-24 19:05:03'),
(1483, 50, 10, 1, '2024-09-25', 'Late', NULL, NULL, '2026-04-24 19:05:03', '2026-04-24 19:05:03'),
(1484, 50, 10, 1, '2024-09-26', 'Present', NULL, NULL, '2026-04-24 19:05:03', '2026-04-24 19:05:03'),
(1485, 50, 10, 1, '2024-09-27', 'Present', NULL, NULL, '2026-04-24 19:05:03', '2026-04-24 19:05:03'),
(1486, 50, 10, 1, '2024-09-30', 'Present', NULL, NULL, '2026-04-24 19:05:03', '2026-04-24 19:05:03'),
(1487, 50, 10, 1, '2024-10-01', 'Present', NULL, NULL, '2026-04-24 19:05:03', '2026-04-24 19:05:03'),
(1488, 50, 10, 1, '2024-10-02', 'Present', NULL, NULL, '2026-04-24 19:05:03', '2026-04-24 19:05:03'),
(1489, 50, 10, 1, '2024-10-03', 'Present', NULL, NULL, '2026-04-24 19:05:03', '2026-04-24 19:05:03'),
(1490, 50, 10, 1, '2024-10-04', 'Present', NULL, NULL, '2026-04-24 19:05:03', '2026-04-24 19:05:03'),
(1491, 50, 10, 1, '2024-10-07', 'Absent', NULL, NULL, '2026-04-24 19:05:03', '2026-04-24 19:05:03'),
(1492, 50, 10, 1, '2024-10-08', 'Present', NULL, NULL, '2026-04-24 19:05:03', '2026-04-24 19:05:03'),
(1493, 50, 10, 1, '2024-10-09', 'Present', NULL, NULL, '2026-04-24 19:05:03', '2026-04-24 19:05:03'),
(1494, 50, 10, 1, '2024-10-10', 'Present', NULL, NULL, '2026-04-24 19:05:03', '2026-04-24 19:05:03'),
(1495, 50, 10, 1, '2024-10-11', 'Present', NULL, NULL, '2026-04-24 19:05:03', '2026-04-24 19:05:03'),
(1496, 50, 10, 1, '2024-10-14', 'Present', NULL, NULL, '2026-04-24 19:05:03', '2026-04-24 19:05:03'),
(1497, 50, 10, 1, '2024-10-15', 'Present', NULL, NULL, '2026-04-24 19:05:03', '2026-04-24 19:05:03'),
(1498, 50, 10, 1, '2024-10-16', 'Present', NULL, NULL, '2026-04-24 19:05:03', '2026-04-24 19:05:03'),
(1499, 50, 10, 1, '2024-10-17', 'Present', NULL, NULL, '2026-04-24 19:05:03', '2026-04-24 19:05:03'),
(1500, 50, 10, 1, '2024-10-18', 'Present', NULL, NULL, '2026-04-24 19:05:03', '2026-04-24 19:05:03'),
(1501, 51, 11, 1, '2024-09-09', 'Present', NULL, NULL, '2026-04-24 19:05:03', '2026-04-24 19:05:03'),
(1502, 51, 11, 1, '2024-09-10', 'Present', NULL, NULL, '2026-04-24 19:05:03', '2026-04-24 19:05:03'),
(1503, 51, 11, 1, '2024-09-11', 'Absent', NULL, NULL, '2026-04-24 19:05:03', '2026-04-24 19:05:03'),
(1504, 51, 11, 1, '2024-09-12', 'Present', NULL, NULL, '2026-04-24 19:05:03', '2026-04-24 19:05:03'),
(1505, 51, 11, 1, '2024-09-13', 'Present', NULL, NULL, '2026-04-24 19:05:03', '2026-04-24 19:05:03'),
(1506, 51, 11, 1, '2024-09-16', 'Present', NULL, NULL, '2026-04-24 19:05:03', '2026-04-24 19:05:03'),
(1507, 51, 11, 1, '2024-09-17', 'Present', NULL, NULL, '2026-04-24 19:05:03', '2026-04-24 19:05:03'),
(1508, 51, 11, 1, '2024-09-18', 'Present', NULL, NULL, '2026-04-24 19:05:03', '2026-04-24 19:05:03'),
(1509, 51, 11, 1, '2024-09-19', 'Present', NULL, NULL, '2026-04-24 19:05:03', '2026-04-24 19:05:03'),
(1510, 51, 11, 1, '2024-09-20', 'Present', NULL, NULL, '2026-04-24 19:05:03', '2026-04-24 19:05:03'),
(1511, 51, 11, 1, '2024-09-23', 'Present', NULL, NULL, '2026-04-24 19:05:03', '2026-04-24 19:05:03'),
(1512, 51, 11, 1, '2024-09-24', 'Present', NULL, NULL, '2026-04-24 19:05:03', '2026-04-24 19:05:03'),
(1513, 51, 11, 1, '2024-09-25', 'Present', NULL, NULL, '2026-04-24 19:05:03', '2026-04-24 19:05:03'),
(1514, 51, 11, 1, '2024-09-26', 'Present', NULL, NULL, '2026-04-24 19:05:03', '2026-04-24 19:05:03'),
(1515, 51, 11, 1, '2024-09-27', 'Present', NULL, NULL, '2026-04-24 19:05:03', '2026-04-24 19:05:03'),
(1516, 51, 11, 1, '2024-09-30', 'Present', NULL, NULL, '2026-04-24 19:05:03', '2026-04-24 19:05:03'),
(1517, 51, 11, 1, '2024-10-01', 'Late', NULL, NULL, '2026-04-24 19:05:03', '2026-04-24 19:05:03'),
(1518, 51, 11, 1, '2024-10-02', 'Present', NULL, NULL, '2026-04-24 19:05:03', '2026-04-24 19:05:03'),
(1519, 51, 11, 1, '2024-10-03', 'Present', NULL, NULL, '2026-04-24 19:05:03', '2026-04-24 19:05:03'),
(1520, 51, 11, 1, '2024-10-04', 'Present', NULL, NULL, '2026-04-24 19:05:03', '2026-04-24 19:05:03'),
(1521, 51, 11, 1, '2024-10-07', 'Present', NULL, NULL, '2026-04-24 19:05:03', '2026-04-24 19:05:03'),
(1522, 51, 11, 1, '2024-10-08', 'Late', NULL, NULL, '2026-04-24 19:05:03', '2026-04-24 19:05:03'),
(1523, 51, 11, 1, '2024-10-09', 'Late', NULL, NULL, '2026-04-24 19:05:03', '2026-04-24 19:05:03'),
(1524, 51, 11, 1, '2024-10-10', 'Present', NULL, NULL, '2026-04-24 19:05:03', '2026-04-24 19:05:03'),
(1525, 51, 11, 1, '2024-10-11', 'Present', NULL, NULL, '2026-04-24 19:05:03', '2026-04-24 19:05:03'),
(1526, 51, 11, 1, '2024-10-14', 'Present', NULL, NULL, '2026-04-24 19:05:03', '2026-04-24 19:05:03'),
(1527, 51, 11, 1, '2024-10-15', 'Present', NULL, NULL, '2026-04-24 19:05:03', '2026-04-24 19:05:03');
INSERT INTO `attendance_records` (`id`, `student_id`, `class_arm_id`, `term_id`, `attendance_date`, `status`, `remarks`, `marked_by`, `created_at`, `updated_at`) VALUES
(1528, 51, 11, 1, '2024-10-16', 'Present', NULL, NULL, '2026-04-24 19:05:03', '2026-04-24 19:05:03'),
(1529, 51, 11, 1, '2024-10-17', 'Present', NULL, NULL, '2026-04-24 19:05:03', '2026-04-24 19:05:03'),
(1530, 51, 11, 1, '2024-10-18', 'Late', NULL, NULL, '2026-04-24 19:05:03', '2026-04-24 19:05:03'),
(1531, 52, 11, 1, '2024-09-09', 'Present', NULL, NULL, '2026-04-24 19:05:03', '2026-04-24 19:05:03'),
(1532, 52, 11, 1, '2024-09-10', 'Late', NULL, NULL, '2026-04-24 19:05:03', '2026-04-24 19:05:03'),
(1533, 52, 11, 1, '2024-09-11', 'Present', NULL, NULL, '2026-04-24 19:05:03', '2026-04-24 19:05:03'),
(1534, 52, 11, 1, '2024-09-12', 'Present', NULL, NULL, '2026-04-24 19:05:03', '2026-04-24 19:05:03'),
(1535, 52, 11, 1, '2024-09-13', 'Present', NULL, NULL, '2026-04-24 19:05:03', '2026-04-24 19:05:03'),
(1536, 52, 11, 1, '2024-09-16', 'Present', NULL, NULL, '2026-04-24 19:05:03', '2026-04-24 19:05:03'),
(1537, 52, 11, 1, '2024-09-17', 'Present', NULL, NULL, '2026-04-24 19:05:03', '2026-04-24 19:05:03'),
(1538, 52, 11, 1, '2024-09-18', 'Present', NULL, NULL, '2026-04-24 19:05:03', '2026-04-24 19:05:03'),
(1539, 52, 11, 1, '2024-09-19', 'Present', NULL, NULL, '2026-04-24 19:05:03', '2026-04-24 19:05:03'),
(1540, 52, 11, 1, '2024-09-20', 'Present', NULL, NULL, '2026-04-24 19:05:03', '2026-04-24 19:05:03'),
(1541, 52, 11, 1, '2024-09-23', 'Present', NULL, NULL, '2026-04-24 19:05:03', '2026-04-24 19:05:03'),
(1542, 52, 11, 1, '2024-09-24', 'Present', NULL, NULL, '2026-04-24 19:05:03', '2026-04-24 19:05:03'),
(1543, 52, 11, 1, '2024-09-25', 'Present', NULL, NULL, '2026-04-24 19:05:03', '2026-04-24 19:05:03'),
(1544, 52, 11, 1, '2024-09-26', 'Present', NULL, NULL, '2026-04-24 19:05:03', '2026-04-24 19:05:03'),
(1545, 52, 11, 1, '2024-09-27', 'Present', NULL, NULL, '2026-04-24 19:05:03', '2026-04-24 19:05:03'),
(1546, 52, 11, 1, '2024-09-30', 'Present', NULL, NULL, '2026-04-24 19:05:03', '2026-04-24 19:05:03'),
(1547, 52, 11, 1, '2024-10-01', 'Present', NULL, NULL, '2026-04-24 19:05:03', '2026-04-24 19:05:03'),
(1548, 52, 11, 1, '2024-10-02', 'Late', NULL, NULL, '2026-04-24 19:05:03', '2026-04-24 19:05:03'),
(1549, 52, 11, 1, '2024-10-03', 'Present', NULL, NULL, '2026-04-24 19:05:03', '2026-04-24 19:05:03'),
(1550, 52, 11, 1, '2024-10-04', 'Present', NULL, NULL, '2026-04-24 19:05:03', '2026-04-24 19:05:03'),
(1551, 52, 11, 1, '2024-10-07', 'Present', NULL, NULL, '2026-04-24 19:05:03', '2026-04-24 19:05:03'),
(1552, 52, 11, 1, '2024-10-08', 'Present', NULL, NULL, '2026-04-24 19:05:03', '2026-04-24 19:05:03'),
(1553, 52, 11, 1, '2024-10-09', 'Present', NULL, NULL, '2026-04-24 19:05:03', '2026-04-24 19:05:03'),
(1554, 52, 11, 1, '2024-10-10', 'Present', NULL, NULL, '2026-04-24 19:05:03', '2026-04-24 19:05:03'),
(1555, 52, 11, 1, '2024-10-11', 'Present', NULL, NULL, '2026-04-24 19:05:03', '2026-04-24 19:05:03'),
(1556, 52, 11, 1, '2024-10-14', 'Present', NULL, NULL, '2026-04-24 19:05:03', '2026-04-24 19:05:03'),
(1557, 52, 11, 1, '2024-10-15', 'Late', NULL, NULL, '2026-04-24 19:05:03', '2026-04-24 19:05:03'),
(1558, 52, 11, 1, '2024-10-16', 'Late', NULL, NULL, '2026-04-24 19:05:03', '2026-04-24 19:05:03'),
(1559, 52, 11, 1, '2024-10-17', 'Present', NULL, NULL, '2026-04-24 19:05:03', '2026-04-24 19:05:03'),
(1560, 52, 11, 1, '2024-10-18', 'Present', NULL, NULL, '2026-04-24 19:05:03', '2026-04-24 19:05:03'),
(1561, 53, 11, 1, '2024-09-09', 'Late', NULL, NULL, '2026-04-24 19:05:03', '2026-04-24 19:05:03'),
(1562, 53, 11, 1, '2024-09-10', 'Present', NULL, NULL, '2026-04-24 19:05:03', '2026-04-24 19:05:03'),
(1563, 53, 11, 1, '2024-09-11', 'Late', NULL, NULL, '2026-04-24 19:05:03', '2026-04-24 19:05:03'),
(1564, 53, 11, 1, '2024-09-12', 'Present', NULL, NULL, '2026-04-24 19:05:03', '2026-04-24 19:05:03'),
(1565, 53, 11, 1, '2024-09-13', 'Late', NULL, NULL, '2026-04-24 19:05:03', '2026-04-24 19:05:03'),
(1566, 53, 11, 1, '2024-09-16', 'Present', NULL, NULL, '2026-04-24 19:05:03', '2026-04-24 19:05:03'),
(1567, 53, 11, 1, '2024-09-17', 'Present', NULL, NULL, '2026-04-24 19:05:03', '2026-04-24 19:05:03'),
(1568, 53, 11, 1, '2024-09-18', 'Present', NULL, NULL, '2026-04-24 19:05:03', '2026-04-24 19:05:03'),
(1569, 53, 11, 1, '2024-09-19', 'Absent', NULL, NULL, '2026-04-24 19:05:03', '2026-04-24 19:05:03'),
(1570, 53, 11, 1, '2024-09-20', 'Present', NULL, NULL, '2026-04-24 19:05:03', '2026-04-24 19:05:03'),
(1571, 53, 11, 1, '2024-09-23', 'Present', NULL, NULL, '2026-04-24 19:05:03', '2026-04-24 19:05:03'),
(1572, 53, 11, 1, '2024-09-24', 'Present', NULL, NULL, '2026-04-24 19:05:03', '2026-04-24 19:05:03'),
(1573, 53, 11, 1, '2024-09-25', 'Present', NULL, NULL, '2026-04-24 19:05:03', '2026-04-24 19:05:03'),
(1574, 53, 11, 1, '2024-09-26', 'Present', NULL, NULL, '2026-04-24 19:05:03', '2026-04-24 19:05:03'),
(1575, 53, 11, 1, '2024-09-27', 'Late', NULL, NULL, '2026-04-24 19:05:03', '2026-04-24 19:05:03'),
(1576, 53, 11, 1, '2024-09-30', 'Absent', NULL, NULL, '2026-04-24 19:05:03', '2026-04-24 19:05:03'),
(1577, 53, 11, 1, '2024-10-01', 'Late', NULL, NULL, '2026-04-24 19:05:03', '2026-04-24 19:05:03'),
(1578, 53, 11, 1, '2024-10-02', 'Present', NULL, NULL, '2026-04-24 19:05:03', '2026-04-24 19:05:03'),
(1579, 53, 11, 1, '2024-10-03', 'Present', NULL, NULL, '2026-04-24 19:05:03', '2026-04-24 19:05:03'),
(1580, 53, 11, 1, '2024-10-04', 'Present', NULL, NULL, '2026-04-24 19:05:03', '2026-04-24 19:05:03'),
(1581, 53, 11, 1, '2024-10-07', 'Present', NULL, NULL, '2026-04-24 19:05:03', '2026-04-24 19:05:03'),
(1582, 53, 11, 1, '2024-10-08', 'Present', NULL, NULL, '2026-04-24 19:05:03', '2026-04-24 19:05:03'),
(1583, 53, 11, 1, '2024-10-09', 'Present', NULL, NULL, '2026-04-24 19:05:03', '2026-04-24 19:05:03'),
(1584, 53, 11, 1, '2024-10-10', 'Present', NULL, NULL, '2026-04-24 19:05:03', '2026-04-24 19:05:03'),
(1585, 53, 11, 1, '2024-10-11', 'Absent', NULL, NULL, '2026-04-24 19:05:03', '2026-04-24 19:05:03'),
(1586, 53, 11, 1, '2024-10-14', 'Present', NULL, NULL, '2026-04-24 19:05:03', '2026-04-24 19:05:03'),
(1587, 53, 11, 1, '2024-10-15', 'Present', NULL, NULL, '2026-04-24 19:05:03', '2026-04-24 19:05:03'),
(1588, 53, 11, 1, '2024-10-16', 'Absent', NULL, NULL, '2026-04-24 19:05:03', '2026-04-24 19:05:03'),
(1589, 53, 11, 1, '2024-10-17', 'Present', NULL, NULL, '2026-04-24 19:05:03', '2026-04-24 19:05:03'),
(1590, 53, 11, 1, '2024-10-18', 'Present', NULL, NULL, '2026-04-24 19:05:03', '2026-04-24 19:05:03'),
(1591, 54, 11, 1, '2024-09-09', 'Present', NULL, NULL, '2026-04-24 19:05:03', '2026-04-24 19:05:03'),
(1592, 54, 11, 1, '2024-09-10', 'Present', NULL, NULL, '2026-04-24 19:05:03', '2026-04-24 19:05:03'),
(1593, 54, 11, 1, '2024-09-11', 'Late', NULL, NULL, '2026-04-24 19:05:03', '2026-04-24 19:05:03'),
(1594, 54, 11, 1, '2024-09-12', 'Present', NULL, NULL, '2026-04-24 19:05:03', '2026-04-24 19:05:03'),
(1595, 54, 11, 1, '2024-09-13', 'Present', NULL, NULL, '2026-04-24 19:05:03', '2026-04-24 19:05:03'),
(1596, 54, 11, 1, '2024-09-16', 'Present', NULL, NULL, '2026-04-24 19:05:03', '2026-04-24 19:05:03'),
(1597, 54, 11, 1, '2024-09-17', 'Absent', NULL, NULL, '2026-04-24 19:05:03', '2026-04-24 19:05:03'),
(1598, 54, 11, 1, '2024-09-18', 'Late', NULL, NULL, '2026-04-24 19:05:03', '2026-04-24 19:05:03'),
(1599, 54, 11, 1, '2024-09-19', 'Present', NULL, NULL, '2026-04-24 19:05:03', '2026-04-24 19:05:03'),
(1600, 54, 11, 1, '2024-09-20', 'Present', NULL, NULL, '2026-04-24 19:05:03', '2026-04-24 19:05:03'),
(1601, 54, 11, 1, '2024-09-23', 'Present', NULL, NULL, '2026-04-24 19:05:03', '2026-04-24 19:05:03'),
(1602, 54, 11, 1, '2024-09-24', 'Present', NULL, NULL, '2026-04-24 19:05:03', '2026-04-24 19:05:03'),
(1603, 54, 11, 1, '2024-09-25', 'Present', NULL, NULL, '2026-04-24 19:05:03', '2026-04-24 19:05:03'),
(1604, 54, 11, 1, '2024-09-26', 'Present', NULL, NULL, '2026-04-24 19:05:03', '2026-04-24 19:05:03'),
(1605, 54, 11, 1, '2024-09-27', 'Present', NULL, NULL, '2026-04-24 19:05:03', '2026-04-24 19:05:03'),
(1606, 54, 11, 1, '2024-09-30', 'Present', NULL, NULL, '2026-04-24 19:05:03', '2026-04-24 19:05:03'),
(1607, 54, 11, 1, '2024-10-01', 'Present', NULL, NULL, '2026-04-24 19:05:03', '2026-04-24 19:05:03'),
(1608, 54, 11, 1, '2024-10-02', 'Present', NULL, NULL, '2026-04-24 19:05:03', '2026-04-24 19:05:03'),
(1609, 54, 11, 1, '2024-10-03', 'Present', NULL, NULL, '2026-04-24 19:05:03', '2026-04-24 19:05:03'),
(1610, 54, 11, 1, '2024-10-04', 'Present', NULL, NULL, '2026-04-24 19:05:03', '2026-04-24 19:05:03'),
(1611, 54, 11, 1, '2024-10-07', 'Present', NULL, NULL, '2026-04-24 19:05:03', '2026-04-24 19:05:03'),
(1612, 54, 11, 1, '2024-10-08', 'Present', NULL, NULL, '2026-04-24 19:05:03', '2026-04-24 19:05:03'),
(1613, 54, 11, 1, '2024-10-09', 'Late', NULL, NULL, '2026-04-24 19:05:03', '2026-04-24 19:05:03'),
(1614, 54, 11, 1, '2024-10-10', 'Present', NULL, NULL, '2026-04-24 19:05:03', '2026-04-24 19:05:03'),
(1615, 54, 11, 1, '2024-10-11', 'Absent', NULL, NULL, '2026-04-24 19:05:03', '2026-04-24 19:05:03'),
(1616, 54, 11, 1, '2024-10-14', 'Present', NULL, NULL, '2026-04-24 19:05:03', '2026-04-24 19:05:03'),
(1617, 54, 11, 1, '2024-10-15', 'Present', NULL, NULL, '2026-04-24 19:05:03', '2026-04-24 19:05:03'),
(1618, 54, 11, 1, '2024-10-16', 'Present', NULL, NULL, '2026-04-24 19:05:03', '2026-04-24 19:05:03'),
(1619, 54, 11, 1, '2024-10-17', 'Present', NULL, NULL, '2026-04-24 19:05:03', '2026-04-24 19:05:03'),
(1620, 54, 11, 1, '2024-10-18', 'Present', NULL, NULL, '2026-04-24 19:05:03', '2026-04-24 19:05:03'),
(1621, 55, 11, 1, '2024-09-09', 'Present', NULL, NULL, '2026-04-24 19:05:03', '2026-04-24 19:05:03'),
(1622, 55, 11, 1, '2024-09-10', 'Present', NULL, NULL, '2026-04-24 19:05:03', '2026-04-24 19:05:03'),
(1623, 55, 11, 1, '2024-09-11', 'Present', NULL, NULL, '2026-04-24 19:05:03', '2026-04-24 19:05:03'),
(1624, 55, 11, 1, '2024-09-12', 'Present', NULL, NULL, '2026-04-24 19:05:03', '2026-04-24 19:05:03'),
(1625, 55, 11, 1, '2024-09-13', 'Present', NULL, NULL, '2026-04-24 19:05:03', '2026-04-24 19:05:03'),
(1626, 55, 11, 1, '2024-09-16', 'Present', NULL, NULL, '2026-04-24 19:05:03', '2026-04-24 19:05:03'),
(1627, 55, 11, 1, '2024-09-17', 'Present', NULL, NULL, '2026-04-24 19:05:03', '2026-04-24 19:05:03'),
(1628, 55, 11, 1, '2024-09-18', 'Absent', NULL, NULL, '2026-04-24 19:05:03', '2026-04-24 19:05:03'),
(1629, 55, 11, 1, '2024-09-19', 'Present', NULL, NULL, '2026-04-24 19:05:03', '2026-04-24 19:05:03'),
(1630, 55, 11, 1, '2024-09-20', 'Present', NULL, NULL, '2026-04-24 19:05:03', '2026-04-24 19:05:03'),
(1631, 55, 11, 1, '2024-09-23', 'Present', NULL, NULL, '2026-04-24 19:05:03', '2026-04-24 19:05:03'),
(1632, 55, 11, 1, '2024-09-24', 'Present', NULL, NULL, '2026-04-24 19:05:03', '2026-04-24 19:05:03'),
(1633, 55, 11, 1, '2024-09-25', 'Absent', NULL, NULL, '2026-04-24 19:05:03', '2026-04-24 19:05:03'),
(1634, 55, 11, 1, '2024-09-26', 'Present', NULL, NULL, '2026-04-24 19:05:03', '2026-04-24 19:05:03'),
(1635, 55, 11, 1, '2024-09-27', 'Present', NULL, NULL, '2026-04-24 19:05:03', '2026-04-24 19:05:03'),
(1636, 55, 11, 1, '2024-09-30', 'Present', NULL, NULL, '2026-04-24 19:05:03', '2026-04-24 19:05:03'),
(1637, 55, 11, 1, '2024-10-01', 'Present', NULL, NULL, '2026-04-24 19:05:03', '2026-04-24 19:05:03'),
(1638, 55, 11, 1, '2024-10-02', 'Present', NULL, NULL, '2026-04-24 19:05:03', '2026-04-24 19:05:03'),
(1639, 55, 11, 1, '2024-10-03', 'Present', NULL, NULL, '2026-04-24 19:05:03', '2026-04-24 19:05:03'),
(1640, 55, 11, 1, '2024-10-04', 'Absent', NULL, NULL, '2026-04-24 19:05:03', '2026-04-24 19:05:03'),
(1641, 55, 11, 1, '2024-10-07', 'Absent', NULL, NULL, '2026-04-24 19:05:03', '2026-04-24 19:05:03'),
(1642, 55, 11, 1, '2024-10-08', 'Present', NULL, NULL, '2026-04-24 19:05:03', '2026-04-24 19:05:03'),
(1643, 55, 11, 1, '2024-10-09', 'Present', NULL, NULL, '2026-04-24 19:05:03', '2026-04-24 19:05:03'),
(1644, 55, 11, 1, '2024-10-10', 'Absent', NULL, NULL, '2026-04-24 19:05:03', '2026-04-24 19:05:03'),
(1645, 55, 11, 1, '2024-10-11', 'Present', NULL, NULL, '2026-04-24 19:05:03', '2026-04-24 19:05:03'),
(1646, 55, 11, 1, '2024-10-14', 'Present', NULL, NULL, '2026-04-24 19:05:03', '2026-04-24 19:05:03'),
(1647, 55, 11, 1, '2024-10-15', 'Late', NULL, NULL, '2026-04-24 19:05:03', '2026-04-24 19:05:03'),
(1648, 55, 11, 1, '2024-10-16', 'Present', NULL, NULL, '2026-04-24 19:05:03', '2026-04-24 19:05:03'),
(1649, 55, 11, 1, '2024-10-17', 'Present', NULL, NULL, '2026-04-24 19:05:03', '2026-04-24 19:05:03'),
(1650, 55, 11, 1, '2024-10-18', 'Present', NULL, NULL, '2026-04-24 19:05:03', '2026-04-24 19:05:03'),
(1651, 56, 12, 1, '2024-09-09', 'Present', NULL, NULL, '2026-04-24 19:05:03', '2026-04-24 19:05:03'),
(1652, 56, 12, 1, '2024-09-10', 'Present', NULL, NULL, '2026-04-24 19:05:03', '2026-04-24 19:05:03'),
(1653, 56, 12, 1, '2024-09-11', 'Present', NULL, NULL, '2026-04-24 19:05:03', '2026-04-24 19:05:03'),
(1654, 56, 12, 1, '2024-09-12', 'Present', NULL, NULL, '2026-04-24 19:05:03', '2026-04-24 19:05:03'),
(1655, 56, 12, 1, '2024-09-13', 'Late', NULL, NULL, '2026-04-24 19:05:03', '2026-04-24 19:05:03'),
(1656, 56, 12, 1, '2024-09-16', 'Present', NULL, NULL, '2026-04-24 19:05:03', '2026-04-24 19:05:03'),
(1657, 56, 12, 1, '2024-09-17', 'Present', NULL, NULL, '2026-04-24 19:05:03', '2026-04-24 19:05:03'),
(1658, 56, 12, 1, '2024-09-18', 'Present', NULL, NULL, '2026-04-24 19:05:03', '2026-04-24 19:05:03'),
(1659, 56, 12, 1, '2024-09-19', 'Present', NULL, NULL, '2026-04-24 19:05:03', '2026-04-24 19:05:03'),
(1660, 56, 12, 1, '2024-09-20', 'Late', NULL, NULL, '2026-04-24 19:05:03', '2026-04-24 19:05:03'),
(1661, 56, 12, 1, '2024-09-23', 'Present', NULL, NULL, '2026-04-24 19:05:03', '2026-04-24 19:05:03'),
(1662, 56, 12, 1, '2024-09-24', 'Present', NULL, NULL, '2026-04-24 19:05:03', '2026-04-24 19:05:03'),
(1663, 56, 12, 1, '2024-09-25', 'Late', NULL, NULL, '2026-04-24 19:05:03', '2026-04-24 19:05:03'),
(1664, 56, 12, 1, '2024-09-26', 'Present', NULL, NULL, '2026-04-24 19:05:03', '2026-04-24 19:05:03'),
(1665, 56, 12, 1, '2024-09-27', 'Present', NULL, NULL, '2026-04-24 19:05:03', '2026-04-24 19:05:03'),
(1666, 56, 12, 1, '2024-09-30', 'Present', NULL, NULL, '2026-04-24 19:05:03', '2026-04-24 19:05:03'),
(1667, 56, 12, 1, '2024-10-01', 'Present', NULL, NULL, '2026-04-24 19:05:03', '2026-04-24 19:05:03'),
(1668, 56, 12, 1, '2024-10-02', 'Present', NULL, NULL, '2026-04-24 19:05:03', '2026-04-24 19:05:03'),
(1669, 56, 12, 1, '2024-10-03', 'Present', NULL, NULL, '2026-04-24 19:05:03', '2026-04-24 19:05:03'),
(1670, 56, 12, 1, '2024-10-04', 'Present', NULL, NULL, '2026-04-24 19:05:03', '2026-04-24 19:05:03'),
(1671, 56, 12, 1, '2024-10-07', 'Present', NULL, NULL, '2026-04-24 19:05:03', '2026-04-24 19:05:03'),
(1672, 56, 12, 1, '2024-10-08', 'Absent', NULL, NULL, '2026-04-24 19:05:03', '2026-04-24 19:05:03'),
(1673, 56, 12, 1, '2024-10-09', 'Present', NULL, NULL, '2026-04-24 19:05:03', '2026-04-24 19:05:03'),
(1674, 56, 12, 1, '2024-10-10', 'Present', NULL, NULL, '2026-04-24 19:05:03', '2026-04-24 19:05:03'),
(1675, 56, 12, 1, '2024-10-11', 'Present', NULL, NULL, '2026-04-24 19:05:03', '2026-04-24 19:05:03'),
(1676, 56, 12, 1, '2024-10-14', 'Absent', NULL, NULL, '2026-04-24 19:05:03', '2026-04-24 19:05:03'),
(1677, 56, 12, 1, '2024-10-15', 'Present', NULL, NULL, '2026-04-24 19:05:03', '2026-04-24 19:05:03'),
(1678, 56, 12, 1, '2024-10-16', 'Present', NULL, NULL, '2026-04-24 19:05:03', '2026-04-24 19:05:03'),
(1679, 56, 12, 1, '2024-10-17', 'Present', NULL, NULL, '2026-04-24 19:05:03', '2026-04-24 19:05:03'),
(1680, 56, 12, 1, '2024-10-18', 'Present', NULL, NULL, '2026-04-24 19:05:03', '2026-04-24 19:05:03'),
(1681, 57, 12, 1, '2024-09-09', 'Present', NULL, NULL, '2026-04-24 19:05:03', '2026-04-24 19:05:03'),
(1682, 57, 12, 1, '2024-09-10', 'Present', NULL, NULL, '2026-04-24 19:05:03', '2026-04-24 19:05:03'),
(1683, 57, 12, 1, '2024-09-11', 'Present', NULL, NULL, '2026-04-24 19:05:03', '2026-04-24 19:05:03'),
(1684, 57, 12, 1, '2024-09-12', 'Present', NULL, NULL, '2026-04-24 19:05:03', '2026-04-24 19:05:03'),
(1685, 57, 12, 1, '2024-09-13', 'Present', NULL, NULL, '2026-04-24 19:05:03', '2026-04-24 19:05:03'),
(1686, 57, 12, 1, '2024-09-16', 'Present', NULL, NULL, '2026-04-24 19:05:03', '2026-04-24 19:05:03'),
(1687, 57, 12, 1, '2024-09-17', 'Absent', NULL, NULL, '2026-04-24 19:05:03', '2026-04-24 19:05:03'),
(1688, 57, 12, 1, '2024-09-18', 'Present', NULL, NULL, '2026-04-24 19:05:03', '2026-04-24 19:05:03'),
(1689, 57, 12, 1, '2024-09-19', 'Late', NULL, NULL, '2026-04-24 19:05:03', '2026-04-24 19:05:03'),
(1690, 57, 12, 1, '2024-09-20', 'Late', NULL, NULL, '2026-04-24 19:05:03', '2026-04-24 19:05:03'),
(1691, 57, 12, 1, '2024-09-23', 'Present', NULL, NULL, '2026-04-24 19:05:03', '2026-04-24 19:05:03'),
(1692, 57, 12, 1, '2024-09-24', 'Absent', NULL, NULL, '2026-04-24 19:05:03', '2026-04-24 19:05:03'),
(1693, 57, 12, 1, '2024-09-25', 'Present', NULL, NULL, '2026-04-24 19:05:03', '2026-04-24 19:05:03'),
(1694, 57, 12, 1, '2024-09-26', 'Absent', NULL, NULL, '2026-04-24 19:05:03', '2026-04-24 19:05:03'),
(1695, 57, 12, 1, '2024-09-27', 'Present', NULL, NULL, '2026-04-24 19:05:03', '2026-04-24 19:05:03'),
(1696, 57, 12, 1, '2024-09-30', 'Present', NULL, NULL, '2026-04-24 19:05:03', '2026-04-24 19:05:03'),
(1697, 57, 12, 1, '2024-10-01', 'Present', NULL, NULL, '2026-04-24 19:05:03', '2026-04-24 19:05:03'),
(1698, 57, 12, 1, '2024-10-02', 'Present', NULL, NULL, '2026-04-24 19:05:03', '2026-04-24 19:05:03'),
(1699, 57, 12, 1, '2024-10-03', 'Absent', NULL, NULL, '2026-04-24 19:05:03', '2026-04-24 19:05:03'),
(1700, 57, 12, 1, '2024-10-04', 'Present', NULL, NULL, '2026-04-24 19:05:03', '2026-04-24 19:05:03'),
(1701, 57, 12, 1, '2024-10-07', 'Present', NULL, NULL, '2026-04-24 19:05:03', '2026-04-24 19:05:03'),
(1702, 57, 12, 1, '2024-10-08', 'Absent', NULL, NULL, '2026-04-24 19:05:03', '2026-04-24 19:05:03'),
(1703, 57, 12, 1, '2024-10-09', 'Present', NULL, NULL, '2026-04-24 19:05:03', '2026-04-24 19:05:03'),
(1704, 57, 12, 1, '2024-10-10', 'Present', NULL, NULL, '2026-04-24 19:05:03', '2026-04-24 19:05:03'),
(1705, 57, 12, 1, '2024-10-11', 'Present', NULL, NULL, '2026-04-24 19:05:03', '2026-04-24 19:05:03'),
(1706, 57, 12, 1, '2024-10-14', 'Present', NULL, NULL, '2026-04-24 19:05:03', '2026-04-24 19:05:03'),
(1707, 57, 12, 1, '2024-10-15', 'Present', NULL, NULL, '2026-04-24 19:05:03', '2026-04-24 19:05:03'),
(1708, 57, 12, 1, '2024-10-16', 'Present', NULL, NULL, '2026-04-24 19:05:03', '2026-04-24 19:05:03'),
(1709, 57, 12, 1, '2024-10-17', 'Present', NULL, NULL, '2026-04-24 19:05:03', '2026-04-24 19:05:03'),
(1710, 57, 12, 1, '2024-10-18', 'Present', NULL, NULL, '2026-04-24 19:05:03', '2026-04-24 19:05:03'),
(1711, 58, 12, 1, '2024-09-09', 'Present', NULL, NULL, '2026-04-24 19:05:03', '2026-04-24 19:05:03'),
(1712, 58, 12, 1, '2024-09-10', 'Late', NULL, NULL, '2026-04-24 19:05:03', '2026-04-24 19:05:03'),
(1713, 58, 12, 1, '2024-09-11', 'Present', NULL, NULL, '2026-04-24 19:05:03', '2026-04-24 19:05:03'),
(1714, 58, 12, 1, '2024-09-12', 'Present', NULL, NULL, '2026-04-24 19:05:03', '2026-04-24 19:05:03'),
(1715, 58, 12, 1, '2024-09-13', 'Present', NULL, NULL, '2026-04-24 19:05:03', '2026-04-24 19:05:03'),
(1716, 58, 12, 1, '2024-09-16', 'Present', NULL, NULL, '2026-04-24 19:05:03', '2026-04-24 19:05:03'),
(1717, 58, 12, 1, '2024-09-17', 'Present', NULL, NULL, '2026-04-24 19:05:03', '2026-04-24 19:05:03'),
(1718, 58, 12, 1, '2024-09-18', 'Present', NULL, NULL, '2026-04-24 19:05:03', '2026-04-24 19:05:03'),
(1719, 58, 12, 1, '2024-09-19', 'Present', NULL, NULL, '2026-04-24 19:05:03', '2026-04-24 19:05:03'),
(1720, 58, 12, 1, '2024-09-20', 'Present', NULL, NULL, '2026-04-24 19:05:03', '2026-04-24 19:05:03'),
(1721, 58, 12, 1, '2024-09-23', 'Present', NULL, NULL, '2026-04-24 19:05:03', '2026-04-24 19:05:03'),
(1722, 58, 12, 1, '2024-09-24', 'Present', NULL, NULL, '2026-04-24 19:05:03', '2026-04-24 19:05:03'),
(1723, 58, 12, 1, '2024-09-25', 'Late', NULL, NULL, '2026-04-24 19:05:03', '2026-04-24 19:05:03'),
(1724, 58, 12, 1, '2024-09-26', 'Present', NULL, NULL, '2026-04-24 19:05:03', '2026-04-24 19:05:03'),
(1725, 58, 12, 1, '2024-09-27', 'Present', NULL, NULL, '2026-04-24 19:05:03', '2026-04-24 19:05:03'),
(1726, 58, 12, 1, '2024-09-30', 'Present', NULL, NULL, '2026-04-24 19:05:03', '2026-04-24 19:05:03'),
(1727, 58, 12, 1, '2024-10-01', 'Present', NULL, NULL, '2026-04-24 19:05:03', '2026-04-24 19:05:03'),
(1728, 58, 12, 1, '2024-10-02', 'Present', NULL, NULL, '2026-04-24 19:05:03', '2026-04-24 19:05:03'),
(1729, 58, 12, 1, '2024-10-03', 'Absent', NULL, NULL, '2026-04-24 19:05:03', '2026-04-24 19:05:03'),
(1730, 58, 12, 1, '2024-10-04', 'Present', NULL, NULL, '2026-04-24 19:05:03', '2026-04-24 19:05:03'),
(1731, 58, 12, 1, '2024-10-07', 'Late', NULL, NULL, '2026-04-24 19:05:03', '2026-04-24 19:05:03'),
(1732, 58, 12, 1, '2024-10-08', 'Present', NULL, NULL, '2026-04-24 19:05:03', '2026-04-24 19:05:03'),
(1733, 58, 12, 1, '2024-10-09', 'Late', NULL, NULL, '2026-04-24 19:05:03', '2026-04-24 19:05:03'),
(1734, 58, 12, 1, '2024-10-10', 'Present', NULL, NULL, '2026-04-24 19:05:03', '2026-04-24 19:05:03'),
(1735, 58, 12, 1, '2024-10-11', 'Present', NULL, NULL, '2026-04-24 19:05:03', '2026-04-24 19:05:03'),
(1736, 58, 12, 1, '2024-10-14', 'Present', NULL, NULL, '2026-04-24 19:05:03', '2026-04-24 19:05:03'),
(1737, 58, 12, 1, '2024-10-15', 'Present', NULL, NULL, '2026-04-24 19:05:03', '2026-04-24 19:05:03'),
(1738, 58, 12, 1, '2024-10-16', 'Present', NULL, NULL, '2026-04-24 19:05:03', '2026-04-24 19:05:03'),
(1739, 58, 12, 1, '2024-10-17', 'Present', NULL, NULL, '2026-04-24 19:05:03', '2026-04-24 19:05:03'),
(1740, 58, 12, 1, '2024-10-18', 'Present', NULL, NULL, '2026-04-24 19:05:03', '2026-04-24 19:05:03'),
(1741, 59, 12, 1, '2024-09-09', 'Present', NULL, NULL, '2026-04-24 19:05:03', '2026-04-24 19:05:03'),
(1742, 59, 12, 1, '2024-09-10', 'Present', NULL, NULL, '2026-04-24 19:05:03', '2026-04-24 19:05:03'),
(1743, 59, 12, 1, '2024-09-11', 'Present', NULL, NULL, '2026-04-24 19:05:03', '2026-04-24 19:05:03'),
(1744, 59, 12, 1, '2024-09-12', 'Present', NULL, NULL, '2026-04-24 19:05:03', '2026-04-24 19:05:03'),
(1745, 59, 12, 1, '2024-09-13', 'Present', NULL, NULL, '2026-04-24 19:05:03', '2026-04-24 19:05:03'),
(1746, 59, 12, 1, '2024-09-16', 'Present', NULL, NULL, '2026-04-24 19:05:03', '2026-04-24 19:05:03'),
(1747, 59, 12, 1, '2024-09-17', 'Present', NULL, NULL, '2026-04-24 19:05:03', '2026-04-24 19:05:03'),
(1748, 59, 12, 1, '2024-09-18', 'Present', NULL, NULL, '2026-04-24 19:05:03', '2026-04-24 19:05:03'),
(1749, 59, 12, 1, '2024-09-19', 'Absent', NULL, NULL, '2026-04-24 19:05:03', '2026-04-24 19:05:03'),
(1750, 59, 12, 1, '2024-09-20', 'Present', NULL, NULL, '2026-04-24 19:05:03', '2026-04-24 19:05:03'),
(1751, 59, 12, 1, '2024-09-23', 'Present', NULL, NULL, '2026-04-24 19:05:03', '2026-04-24 19:05:03'),
(1752, 59, 12, 1, '2024-09-24', 'Present', NULL, NULL, '2026-04-24 19:05:03', '2026-04-24 19:05:03'),
(1753, 59, 12, 1, '2024-09-25', 'Present', NULL, NULL, '2026-04-24 19:05:03', '2026-04-24 19:05:03'),
(1754, 59, 12, 1, '2024-09-26', 'Late', NULL, NULL, '2026-04-24 19:05:03', '2026-04-24 19:05:03'),
(1755, 59, 12, 1, '2024-09-27', 'Present', NULL, NULL, '2026-04-24 19:05:03', '2026-04-24 19:05:03'),
(1756, 59, 12, 1, '2024-09-30', 'Present', NULL, NULL, '2026-04-24 19:05:03', '2026-04-24 19:05:03'),
(1757, 59, 12, 1, '2024-10-01', 'Present', NULL, NULL, '2026-04-24 19:05:03', '2026-04-24 19:05:03'),
(1758, 59, 12, 1, '2024-10-02', 'Present', NULL, NULL, '2026-04-24 19:05:03', '2026-04-24 19:05:03'),
(1759, 59, 12, 1, '2024-10-03', 'Present', NULL, NULL, '2026-04-24 19:05:03', '2026-04-24 19:05:03'),
(1760, 59, 12, 1, '2024-10-04', 'Present', NULL, NULL, '2026-04-24 19:05:03', '2026-04-24 19:05:03'),
(1761, 59, 12, 1, '2024-10-07', 'Present', NULL, NULL, '2026-04-24 19:05:03', '2026-04-24 19:05:03'),
(1762, 59, 12, 1, '2024-10-08', 'Present', NULL, NULL, '2026-04-24 19:05:03', '2026-04-24 19:05:03'),
(1763, 59, 12, 1, '2024-10-09', 'Present', NULL, NULL, '2026-04-24 19:05:03', '2026-04-24 19:05:03'),
(1764, 59, 12, 1, '2024-10-10', 'Present', NULL, NULL, '2026-04-24 19:05:03', '2026-04-24 19:05:03'),
(1765, 59, 12, 1, '2024-10-11', 'Present', NULL, NULL, '2026-04-24 19:05:03', '2026-04-24 19:05:03'),
(1766, 59, 12, 1, '2024-10-14', 'Present', NULL, NULL, '2026-04-24 19:05:03', '2026-04-24 19:05:03'),
(1767, 59, 12, 1, '2024-10-15', 'Present', NULL, NULL, '2026-04-24 19:05:03', '2026-04-24 19:05:03'),
(1768, 59, 12, 1, '2024-10-16', 'Present', NULL, NULL, '2026-04-24 19:05:03', '2026-04-24 19:05:03'),
(1769, 59, 12, 1, '2024-10-17', 'Present', NULL, NULL, '2026-04-24 19:05:03', '2026-04-24 19:05:03'),
(1770, 59, 12, 1, '2024-10-18', 'Present', NULL, NULL, '2026-04-24 19:05:03', '2026-04-24 19:05:03'),
(1771, 60, 12, 1, '2024-09-09', 'Present', NULL, NULL, '2026-04-24 19:05:03', '2026-04-24 19:05:03'),
(1772, 60, 12, 1, '2024-09-10', 'Absent', NULL, NULL, '2026-04-24 19:05:03', '2026-04-24 19:05:03'),
(1773, 60, 12, 1, '2024-09-11', 'Present', NULL, NULL, '2026-04-24 19:05:03', '2026-04-24 19:05:03'),
(1774, 60, 12, 1, '2024-09-12', 'Present', NULL, NULL, '2026-04-24 19:05:03', '2026-04-24 19:05:03'),
(1775, 60, 12, 1, '2024-09-13', 'Present', NULL, NULL, '2026-04-24 19:05:03', '2026-04-24 19:05:03'),
(1776, 60, 12, 1, '2024-09-16', 'Present', NULL, NULL, '2026-04-24 19:05:03', '2026-04-24 19:05:03'),
(1777, 60, 12, 1, '2024-09-17', 'Absent', NULL, NULL, '2026-04-24 19:05:03', '2026-04-24 19:05:03'),
(1778, 60, 12, 1, '2024-09-18', 'Absent', NULL, NULL, '2026-04-24 19:05:03', '2026-04-24 19:05:03'),
(1779, 60, 12, 1, '2024-09-19', 'Late', NULL, NULL, '2026-04-24 19:05:03', '2026-04-24 19:05:03'),
(1780, 60, 12, 1, '2024-09-20', 'Present', NULL, NULL, '2026-04-24 19:05:03', '2026-04-24 19:05:03'),
(1781, 60, 12, 1, '2024-09-23', 'Present', NULL, NULL, '2026-04-24 19:05:03', '2026-04-24 19:05:03'),
(1782, 60, 12, 1, '2024-09-24', 'Present', NULL, NULL, '2026-04-24 19:05:03', '2026-04-24 19:05:03'),
(1783, 60, 12, 1, '2024-09-25', 'Absent', NULL, NULL, '2026-04-24 19:05:03', '2026-04-24 19:05:03'),
(1784, 60, 12, 1, '2024-09-26', 'Absent', NULL, NULL, '2026-04-24 19:05:03', '2026-04-24 19:05:03'),
(1785, 60, 12, 1, '2024-09-27', 'Absent', NULL, NULL, '2026-04-24 19:05:03', '2026-04-24 19:05:03'),
(1786, 60, 12, 1, '2024-09-30', 'Absent', NULL, NULL, '2026-04-24 19:05:03', '2026-04-24 19:05:03'),
(1787, 60, 12, 1, '2024-10-01', 'Present', NULL, NULL, '2026-04-24 19:05:03', '2026-04-24 19:05:03'),
(1788, 60, 12, 1, '2024-10-02', 'Present', NULL, NULL, '2026-04-24 19:05:03', '2026-04-24 19:05:03'),
(1789, 60, 12, 1, '2024-10-03', 'Present', NULL, NULL, '2026-04-24 19:05:03', '2026-04-24 19:05:03'),
(1790, 60, 12, 1, '2024-10-04', 'Present', NULL, NULL, '2026-04-24 19:05:03', '2026-04-24 19:05:03'),
(1791, 60, 12, 1, '2024-10-07', 'Present', NULL, NULL, '2026-04-24 19:05:03', '2026-04-24 19:05:03'),
(1792, 60, 12, 1, '2024-10-08', 'Present', NULL, NULL, '2026-04-24 19:05:03', '2026-04-24 19:05:03'),
(1793, 60, 12, 1, '2024-10-09', 'Late', NULL, NULL, '2026-04-24 19:05:03', '2026-04-24 19:05:03'),
(1794, 60, 12, 1, '2024-10-10', 'Present', NULL, NULL, '2026-04-24 19:05:03', '2026-04-24 19:05:03'),
(1795, 60, 12, 1, '2024-10-11', 'Present', NULL, NULL, '2026-04-24 19:05:03', '2026-04-24 19:05:03'),
(1796, 60, 12, 1, '2024-10-14', 'Present', NULL, NULL, '2026-04-24 19:05:03', '2026-04-24 19:05:03'),
(1797, 60, 12, 1, '2024-10-15', 'Present', NULL, NULL, '2026-04-24 19:05:03', '2026-04-24 19:05:03'),
(1798, 60, 12, 1, '2024-10-16', 'Present', NULL, NULL, '2026-04-24 19:05:03', '2026-04-24 19:05:03'),
(1799, 60, 12, 1, '2024-10-17', 'Present', NULL, NULL, '2026-04-24 19:05:03', '2026-04-24 19:05:03'),
(1800, 60, 12, 1, '2024-10-18', 'Present', NULL, NULL, '2026-04-24 19:05:03', '2026-04-24 19:05:03');

-- --------------------------------------------------------

--
-- Table structure for table `cache`
--

CREATE TABLE `cache` (
  `key` varchar(255) NOT NULL,
  `value` mediumtext NOT NULL,
  `expiration` int(11) NOT NULL
) ENGINE=InnoDB DEFAULT CHARSET=utf8mb4 COLLATE=utf8mb4_unicode_ci;

--
-- Dumping data for table `cache`
--

INSERT INTO `cache` (`key`, `value`, `expiration`) VALUES
('laravel-cache-school_profile', 'O:24:\"App\\Models\\SchoolProfile\":33:{s:13:\"\0*\0connection\";s:5:\"mysql\";s:8:\"\0*\0table\";s:14:\"school_profile\";s:13:\"\0*\0primaryKey\";s:2:\"id\";s:10:\"\0*\0keyType\";s:3:\"int\";s:12:\"incrementing\";b:1;s:7:\"\0*\0with\";a:0:{}s:12:\"\0*\0withCount\";a:0:{}s:19:\"preventsLazyLoading\";b:0;s:10:\"\0*\0perPage\";i:15;s:6:\"exists\";b:1;s:18:\"wasRecentlyCreated\";b:0;s:28:\"\0*\0escapeWhenCastingToString\";b:0;s:13:\"\0*\0attributes\";a:32:{s:2:\"id\";i:1;s:4:\"name\";s:18:\"Excellence Academy\";s:10:\"short_name\";s:2:\"EA\";s:7:\"address\";s:38:\"14 Bode Thomas Street, Surulere, Lagos\";s:4:\"logo\";N;s:5:\"stamp\";N;s:5:\"motto\";s:32:\"Knowledge, Character, Excellence\";s:5:\"phone\";s:11:\"08012345678\";s:5:\"email\";s:30:\"admin@excellenceacademy.edu.ng\";s:7:\"website\";s:28:\"www.excellenceacademy.edu.ng\";s:14:\"principal_name\";s:19:\"Mr. Adewale Okonkwo\";s:18:\"waec_centre_number\";s:7:\"LA10245\";s:18:\"neco_centre_number\";s:11:\"NEC/LA/0034\";s:9:\"rc_number\";N;s:5:\"state\";s:5:\"Lagos\";s:3:\"lga\";s:8:\"Surulere\";s:4:\"city\";s:5:\"Lagos\";s:9:\"ca_weight\";i:30;s:11:\"exam_weight\";i:70;s:15:\"currency_symbol\";s:3:\"₦\";s:8:\"timezone\";s:12:\"Africa/Lagos\";s:19:\"paystack_public_key\";N;s:19:\"paystack_secret_key\";N;s:14:\"termii_api_key\";N;s:16:\"termii_sender_id\";N;s:17:\"mail_from_address\";N;s:14:\"mail_from_name\";N;s:14:\"sms_on_absence\";i:1;s:14:\"sms_on_payment\";i:1;s:21:\"sms_on_result_publish\";i:1;s:10:\"created_at\";s:19:\"2026-04-24 20:03:06\";s:10:\"updated_at\";s:19:\"2026-04-24 20:04:23\";}s:11:\"\0*\0original\";a:32:{s:2:\"id\";i:1;s:4:\"name\";s:18:\"Excellence Academy\";s:10:\"short_name\";s:2:\"EA\";s:7:\"address\";s:38:\"14 Bode Thomas Street, Surulere, Lagos\";s:4:\"logo\";N;s:5:\"stamp\";N;s:5:\"motto\";s:32:\"Knowledge, Character, Excellence\";s:5:\"phone\";s:11:\"08012345678\";s:5:\"email\";s:30:\"admin@excellenceacademy.edu.ng\";s:7:\"website\";s:28:\"www.excellenceacademy.edu.ng\";s:14:\"principal_name\";s:19:\"Mr. Adewale Okonkwo\";s:18:\"waec_centre_number\";s:7:\"LA10245\";s:18:\"neco_centre_number\";s:11:\"NEC/LA/0034\";s:9:\"rc_number\";N;s:5:\"state\";s:5:\"Lagos\";s:3:\"lga\";s:8:\"Surulere\";s:4:\"city\";s:5:\"Lagos\";s:9:\"ca_weight\";i:30;s:11:\"exam_weight\";i:70;s:15:\"currency_symbol\";s:3:\"₦\";s:8:\"timezone\";s:12:\"Africa/Lagos\";s:19:\"paystack_public_key\";N;s:19:\"paystack_secret_key\";N;s:14:\"termii_api_key\";N;s:16:\"termii_sender_id\";N;s:17:\"mail_from_address\";N;s:14:\"mail_from_name\";N;s:14:\"sms_on_absence\";i:1;s:14:\"sms_on_payment\";i:1;s:21:\"sms_on_result_publish\";i:1;s:10:\"created_at\";s:19:\"2026-04-24 20:03:06\";s:10:\"updated_at\";s:19:\"2026-04-24 20:04:23\";}s:10:\"\0*\0changes\";a:0:{}s:11:\"\0*\0previous\";a:0:{}s:8:\"\0*\0casts\";a:5:{s:14:\"sms_on_absence\";s:7:\"boolean\";s:14:\"sms_on_payment\";s:7:\"boolean\";s:21:\"sms_on_result_publish\";s:7:\"boolean\";s:9:\"ca_weight\";s:7:\"integer\";s:11:\"exam_weight\";s:7:\"integer\";}s:17:\"\0*\0classCastCache\";a:0:{}s:21:\"\0*\0attributeCastCache\";a:0:{}s:13:\"\0*\0dateFormat\";N;s:10:\"\0*\0appends\";a:0:{}s:19:\"\0*\0dispatchesEvents\";a:0:{}s:14:\"\0*\0observables\";a:0:{}s:12:\"\0*\0relations\";a:0:{}s:10:\"\0*\0touches\";a:0:{}s:27:\"\0*\0relationAutoloadCallback\";N;s:26:\"\0*\0relationAutoloadContext\";N;s:10:\"timestamps\";b:1;s:13:\"usesUniqueIds\";b:0;s:9:\"\0*\0hidden\";a:0:{}s:10:\"\0*\0visible\";a:0:{}s:11:\"\0*\0fillable\";a:29:{i:0;s:4:\"name\";i:1;s:10:\"short_name\";i:2;s:7:\"address\";i:3;s:4:\"logo\";i:4;s:5:\"stamp\";i:5;s:5:\"motto\";i:6;s:5:\"phone\";i:7;s:5:\"email\";i:8;s:7:\"website\";i:9;s:14:\"principal_name\";i:10;s:18:\"waec_centre_number\";i:11;s:18:\"neco_centre_number\";i:12;s:9:\"rc_number\";i:13;s:5:\"state\";i:14;s:3:\"lga\";i:15;s:4:\"city\";i:16;s:9:\"ca_weight\";i:17;s:11:\"exam_weight\";i:18;s:15:\"currency_symbol\";i:19;s:8:\"timezone\";i:20;s:19:\"paystack_public_key\";i:21;s:19:\"paystack_secret_key\";i:22;s:14:\"termii_api_key\";i:23;s:16:\"termii_sender_id\";i:24;s:17:\"mail_from_address\";i:25;s:14:\"mail_from_name\";i:26;s:14:\"sms_on_absence\";i:27;s:14:\"sms_on_payment\";i:28;s:21:\"sms_on_result_publish\";}s:10:\"\0*\0guarded\";a:1:{i:0;s:1:\"*\";}}', 1781981538);

-- --------------------------------------------------------

--
-- Table structure for table `cache_locks`
--

CREATE TABLE `cache_locks` (
  `key` varchar(255) NOT NULL,
  `owner` varchar(255) NOT NULL,
  `expiration` int(11) NOT NULL
) ENGINE=InnoDB DEFAULT CHARSET=utf8mb4 COLLATE=utf8mb4_unicode_ci;

-- --------------------------------------------------------

--
-- Table structure for table `ca_configurations`
--

CREATE TABLE `ca_configurations` (
  `id` bigint(20) UNSIGNED NOT NULL,
  `component_name` varchar(50) NOT NULL,
  `max_score` decimal(5,2) NOT NULL,
  `order` tinyint(3) UNSIGNED NOT NULL,
  `is_active` tinyint(1) NOT NULL DEFAULT 1,
  `created_at` timestamp NULL DEFAULT NULL,
  `updated_at` timestamp NULL DEFAULT NULL
) ENGINE=InnoDB DEFAULT CHARSET=utf8mb4 COLLATE=utf8mb4_unicode_ci;

--
-- Dumping data for table `ca_configurations`
--

INSERT INTO `ca_configurations` (`id`, `component_name`, `max_score`, `order`, `is_active`, `created_at`, `updated_at`) VALUES
(1, 'Test 1', 10.00, 1, 1, '2026-04-24 19:03:07', '2026-04-24 19:03:07'),
(2, 'Test 2', 10.00, 2, 1, '2026-04-24 19:03:07', '2026-04-24 19:03:07'),
(3, 'Assignment', 5.00, 3, 1, '2026-04-24 19:03:07', '2026-04-24 19:03:07'),
(4, 'Practical', 5.00, 4, 1, '2026-04-24 19:03:07', '2026-04-24 19:03:07');

-- --------------------------------------------------------

--
-- Table structure for table `ca_scores`
--

CREATE TABLE `ca_scores` (
  `id` bigint(20) UNSIGNED NOT NULL,
  `student_id` bigint(20) UNSIGNED NOT NULL,
  `subject_id` bigint(20) UNSIGNED NOT NULL,
  `class_arm_id` bigint(20) UNSIGNED NOT NULL,
  `term_id` bigint(20) UNSIGNED NOT NULL,
  `ca_config_id` bigint(20) UNSIGNED NOT NULL,
  `score` decimal(5,2) NOT NULL DEFAULT 0.00,
  `recorded_by` bigint(20) UNSIGNED DEFAULT NULL,
  `created_at` timestamp NULL DEFAULT NULL,
  `updated_at` timestamp NULL DEFAULT NULL
) ENGINE=InnoDB DEFAULT CHARSET=utf8mb4 COLLATE=utf8mb4_unicode_ci;

--
-- Dumping data for table `ca_scores`
--

INSERT INTO `ca_scores` (`id`, `student_id`, `subject_id`, `class_arm_id`, `term_id`, `ca_config_id`, `score`, `recorded_by`, `created_at`, `updated_at`) VALUES
(1, 1, 1, 1, 1, 1, 5.70, NULL, '2026-04-24 19:04:51', '2026-04-24 19:04:51'),
(2, 1, 1, 1, 1, 2, 7.70, NULL, '2026-04-24 19:04:51', '2026-04-24 19:04:51'),
(3, 1, 1, 1, 1, 3, 3.60, NULL, '2026-04-24 19:04:51', '2026-04-24 19:04:51'),
(4, 1, 1, 1, 1, 4, 4.20, NULL, '2026-04-24 19:04:51', '2026-04-24 19:04:51'),
(5, 1, 2, 1, 1, 1, 5.00, NULL, '2026-04-24 19:04:51', '2026-04-24 19:04:51'),
(6, 1, 2, 1, 1, 2, 8.70, NULL, '2026-04-24 19:04:51', '2026-04-24 19:04:51'),
(7, 1, 2, 1, 1, 3, 3.30, NULL, '2026-04-24 19:04:51', '2026-04-24 19:04:51'),
(8, 1, 2, 1, 1, 4, 4.10, NULL, '2026-04-24 19:04:51', '2026-04-24 19:04:51'),
(9, 1, 8, 1, 1, 1, 4.00, NULL, '2026-04-24 19:04:51', '2026-04-24 19:04:51'),
(10, 1, 8, 1, 1, 2, 7.50, NULL, '2026-04-24 19:04:51', '2026-04-24 19:04:51'),
(11, 1, 8, 1, 1, 3, 4.00, NULL, '2026-04-24 19:04:51', '2026-04-24 19:04:51'),
(12, 1, 8, 1, 1, 4, 3.80, NULL, '2026-04-24 19:04:51', '2026-04-24 19:04:51'),
(13, 1, 9, 1, 1, 1, 4.70, NULL, '2026-04-24 19:04:51', '2026-04-24 19:04:51'),
(14, 1, 9, 1, 1, 2, 7.70, NULL, '2026-04-24 19:04:51', '2026-04-24 19:04:51'),
(15, 1, 9, 1, 1, 3, 2.30, NULL, '2026-04-24 19:04:51', '2026-04-24 19:04:51'),
(16, 1, 9, 1, 1, 4, 2.00, NULL, '2026-04-24 19:04:51', '2026-04-24 19:04:51'),
(17, 1, 10, 1, 1, 1, 4.00, NULL, '2026-04-24 19:04:51', '2026-04-24 19:04:51'),
(18, 1, 10, 1, 1, 2, 8.20, NULL, '2026-04-24 19:04:51', '2026-04-24 19:04:51'),
(19, 1, 10, 1, 1, 3, 2.00, NULL, '2026-04-24 19:04:51', '2026-04-24 19:04:51'),
(20, 1, 10, 1, 1, 4, 2.80, NULL, '2026-04-24 19:04:51', '2026-04-24 19:04:51'),
(21, 1, 11, 1, 1, 1, 4.80, NULL, '2026-04-24 19:04:51', '2026-04-24 19:04:51'),
(22, 1, 11, 1, 1, 2, 8.80, NULL, '2026-04-24 19:04:51', '2026-04-24 19:04:51'),
(23, 1, 11, 1, 1, 3, 4.60, NULL, '2026-04-24 19:04:51', '2026-04-24 19:04:51'),
(24, 1, 11, 1, 1, 4, 4.30, NULL, '2026-04-24 19:04:51', '2026-04-24 19:04:51'),
(25, 1, 15, 1, 1, 1, 4.10, NULL, '2026-04-24 19:04:51', '2026-04-24 19:04:51'),
(26, 1, 15, 1, 1, 2, 9.00, NULL, '2026-04-24 19:04:51', '2026-04-24 19:04:51'),
(27, 1, 15, 1, 1, 3, 3.40, NULL, '2026-04-24 19:04:51', '2026-04-24 19:04:51'),
(28, 1, 15, 1, 1, 4, 3.80, NULL, '2026-04-24 19:04:51', '2026-04-24 19:04:51'),
(29, 1, 23, 1, 1, 1, 4.60, NULL, '2026-04-24 19:04:51', '2026-04-24 19:04:51'),
(30, 1, 23, 1, 1, 2, 5.70, NULL, '2026-04-24 19:04:51', '2026-04-24 19:04:51'),
(31, 1, 23, 1, 1, 3, 4.10, NULL, '2026-04-24 19:04:51', '2026-04-24 19:04:51'),
(32, 1, 23, 1, 1, 4, 4.60, NULL, '2026-04-24 19:04:51', '2026-04-24 19:04:51'),
(33, 1, 25, 1, 1, 1, 8.20, NULL, '2026-04-24 19:04:51', '2026-04-24 19:04:51'),
(34, 1, 25, 1, 1, 2, 6.60, NULL, '2026-04-24 19:04:51', '2026-04-24 19:04:51'),
(35, 1, 25, 1, 1, 3, 2.60, NULL, '2026-04-24 19:04:51', '2026-04-24 19:04:51'),
(36, 1, 25, 1, 1, 4, 4.60, NULL, '2026-04-24 19:04:51', '2026-04-24 19:04:51'),
(37, 1, 28, 1, 1, 1, 5.40, NULL, '2026-04-24 19:04:51', '2026-04-24 19:04:51'),
(38, 1, 28, 1, 1, 2, 7.60, NULL, '2026-04-24 19:04:51', '2026-04-24 19:04:51'),
(39, 1, 28, 1, 1, 3, 2.40, NULL, '2026-04-24 19:04:51', '2026-04-24 19:04:51'),
(40, 1, 28, 1, 1, 4, 2.90, NULL, '2026-04-24 19:04:51', '2026-04-24 19:04:51'),
(41, 2, 1, 1, 1, 1, 5.80, NULL, '2026-04-24 19:04:51', '2026-04-24 19:04:51'),
(42, 2, 1, 1, 1, 2, 9.00, NULL, '2026-04-24 19:04:51', '2026-04-24 19:04:51'),
(43, 2, 1, 1, 1, 3, 4.60, NULL, '2026-04-24 19:04:51', '2026-04-24 19:04:51'),
(44, 2, 1, 1, 1, 4, 2.80, NULL, '2026-04-24 19:04:51', '2026-04-24 19:04:51'),
(45, 2, 2, 1, 1, 1, 6.90, NULL, '2026-04-24 19:04:51', '2026-04-24 19:04:51'),
(46, 2, 2, 1, 1, 2, 7.90, NULL, '2026-04-24 19:04:51', '2026-04-24 19:04:51'),
(47, 2, 2, 1, 1, 3, 2.20, NULL, '2026-04-24 19:04:51', '2026-04-24 19:04:51'),
(48, 2, 2, 1, 1, 4, 3.40, NULL, '2026-04-24 19:04:51', '2026-04-24 19:04:51'),
(49, 2, 8, 1, 1, 1, 7.00, NULL, '2026-04-24 19:04:51', '2026-04-24 19:04:51'),
(50, 2, 8, 1, 1, 2, 8.30, NULL, '2026-04-24 19:04:51', '2026-04-24 19:04:51'),
(51, 2, 8, 1, 1, 3, 3.50, NULL, '2026-04-24 19:04:51', '2026-04-24 19:04:51'),
(52, 2, 8, 1, 1, 4, 2.80, NULL, '2026-04-24 19:04:51', '2026-04-24 19:04:51'),
(53, 2, 9, 1, 1, 1, 5.90, NULL, '2026-04-24 19:04:51', '2026-04-24 19:04:51'),
(54, 2, 9, 1, 1, 2, 4.20, NULL, '2026-04-24 19:04:51', '2026-04-24 19:04:51'),
(55, 2, 9, 1, 1, 3, 4.70, NULL, '2026-04-24 19:04:51', '2026-04-24 19:04:51'),
(56, 2, 9, 1, 1, 4, 3.50, NULL, '2026-04-24 19:04:51', '2026-04-24 19:04:51'),
(57, 2, 10, 1, 1, 1, 7.60, NULL, '2026-04-24 19:04:51', '2026-04-24 19:04:51'),
(58, 2, 10, 1, 1, 2, 4.10, NULL, '2026-04-24 19:04:51', '2026-04-24 19:04:51'),
(59, 2, 10, 1, 1, 3, 3.70, NULL, '2026-04-24 19:04:51', '2026-04-24 19:04:51'),
(60, 2, 10, 1, 1, 4, 3.90, NULL, '2026-04-24 19:04:51', '2026-04-24 19:04:51'),
(61, 2, 11, 1, 1, 1, 7.70, NULL, '2026-04-24 19:04:51', '2026-04-24 19:04:51'),
(62, 2, 11, 1, 1, 2, 8.90, NULL, '2026-04-24 19:04:51', '2026-04-24 19:04:51'),
(63, 2, 11, 1, 1, 3, 4.30, NULL, '2026-04-24 19:04:51', '2026-04-24 19:04:51'),
(64, 2, 11, 1, 1, 4, 4.60, NULL, '2026-04-24 19:04:51', '2026-04-24 19:04:51'),
(65, 2, 15, 1, 1, 1, 6.50, NULL, '2026-04-24 19:04:51', '2026-04-24 19:04:51'),
(66, 2, 15, 1, 1, 2, 8.80, NULL, '2026-04-24 19:04:51', '2026-04-24 19:04:51'),
(67, 2, 15, 1, 1, 3, 3.70, NULL, '2026-04-24 19:04:51', '2026-04-24 19:04:51'),
(68, 2, 15, 1, 1, 4, 3.30, NULL, '2026-04-24 19:04:51', '2026-04-24 19:04:51'),
(69, 2, 23, 1, 1, 1, 8.60, NULL, '2026-04-24 19:04:51', '2026-04-24 19:04:51'),
(70, 2, 23, 1, 1, 2, 4.30, NULL, '2026-04-24 19:04:51', '2026-04-24 19:04:51'),
(71, 2, 23, 1, 1, 3, 4.50, NULL, '2026-04-24 19:04:51', '2026-04-24 19:04:51'),
(72, 2, 23, 1, 1, 4, 3.70, NULL, '2026-04-24 19:04:51', '2026-04-24 19:04:51'),
(73, 2, 25, 1, 1, 1, 5.30, NULL, '2026-04-24 19:04:51', '2026-04-24 19:04:51'),
(74, 2, 25, 1, 1, 2, 5.70, NULL, '2026-04-24 19:04:51', '2026-04-24 19:04:51'),
(75, 2, 25, 1, 1, 3, 2.80, NULL, '2026-04-24 19:04:51', '2026-04-24 19:04:51'),
(76, 2, 25, 1, 1, 4, 3.50, NULL, '2026-04-24 19:04:51', '2026-04-24 19:04:51'),
(77, 2, 28, 1, 1, 1, 7.30, NULL, '2026-04-24 19:04:51', '2026-04-24 19:04:51'),
(78, 2, 28, 1, 1, 2, 4.10, NULL, '2026-04-24 19:04:51', '2026-04-24 19:04:51'),
(79, 2, 28, 1, 1, 3, 3.80, NULL, '2026-04-24 19:04:51', '2026-04-24 19:04:51'),
(80, 2, 28, 1, 1, 4, 4.10, NULL, '2026-04-24 19:04:51', '2026-04-24 19:04:51'),
(81, 3, 1, 1, 1, 1, 7.90, NULL, '2026-04-24 19:04:51', '2026-04-24 19:04:51'),
(82, 3, 1, 1, 1, 2, 9.00, NULL, '2026-04-24 19:04:51', '2026-04-24 19:04:51'),
(83, 3, 1, 1, 1, 3, 3.40, NULL, '2026-04-24 19:04:51', '2026-04-24 19:04:51'),
(84, 3, 1, 1, 1, 4, 3.10, NULL, '2026-04-24 19:04:51', '2026-04-24 19:04:51'),
(85, 3, 2, 1, 1, 1, 4.40, NULL, '2026-04-24 19:04:51', '2026-04-24 19:04:51'),
(86, 3, 2, 1, 1, 2, 8.30, NULL, '2026-04-24 19:04:51', '2026-04-24 19:04:51'),
(87, 3, 2, 1, 1, 3, 3.90, NULL, '2026-04-24 19:04:51', '2026-04-24 19:04:51'),
(88, 3, 2, 1, 1, 4, 3.40, NULL, '2026-04-24 19:04:51', '2026-04-24 19:04:51'),
(89, 3, 8, 1, 1, 1, 9.40, NULL, '2026-04-24 19:04:51', '2026-04-24 19:04:51'),
(90, 3, 8, 1, 1, 2, 9.10, NULL, '2026-04-24 19:04:51', '2026-04-24 19:04:51'),
(91, 3, 8, 1, 1, 3, 3.90, NULL, '2026-04-24 19:04:51', '2026-04-24 19:04:51'),
(92, 3, 8, 1, 1, 4, 4.10, NULL, '2026-04-24 19:04:51', '2026-04-24 19:04:51'),
(93, 3, 9, 1, 1, 1, 5.60, NULL, '2026-04-24 19:04:51', '2026-04-24 19:04:51'),
(94, 3, 9, 1, 1, 2, 5.80, NULL, '2026-04-24 19:04:51', '2026-04-24 19:04:51'),
(95, 3, 9, 1, 1, 3, 2.60, NULL, '2026-04-24 19:04:51', '2026-04-24 19:04:51'),
(96, 3, 9, 1, 1, 4, 3.70, NULL, '2026-04-24 19:04:51', '2026-04-24 19:04:51'),
(97, 3, 10, 1, 1, 1, 7.80, NULL, '2026-04-24 19:04:51', '2026-04-24 19:04:51'),
(98, 3, 10, 1, 1, 2, 4.10, NULL, '2026-04-24 19:04:51', '2026-04-24 19:04:51'),
(99, 3, 10, 1, 1, 3, 2.00, NULL, '2026-04-24 19:04:51', '2026-04-24 19:04:51'),
(100, 3, 10, 1, 1, 4, 2.70, NULL, '2026-04-24 19:04:51', '2026-04-24 19:04:51'),
(101, 3, 11, 1, 1, 1, 6.80, NULL, '2026-04-24 19:04:51', '2026-04-24 19:04:51'),
(102, 3, 11, 1, 1, 2, 5.10, NULL, '2026-04-24 19:04:51', '2026-04-24 19:04:51'),
(103, 3, 11, 1, 1, 3, 2.10, NULL, '2026-04-24 19:04:51', '2026-04-24 19:04:51'),
(104, 3, 11, 1, 1, 4, 3.70, NULL, '2026-04-24 19:04:51', '2026-04-24 19:04:51'),
(105, 3, 15, 1, 1, 1, 5.50, NULL, '2026-04-24 19:04:51', '2026-04-24 19:04:51'),
(106, 3, 15, 1, 1, 2, 8.60, NULL, '2026-04-24 19:04:51', '2026-04-24 19:04:51'),
(107, 3, 15, 1, 1, 3, 3.90, NULL, '2026-04-24 19:04:51', '2026-04-24 19:04:51'),
(108, 3, 15, 1, 1, 4, 4.40, NULL, '2026-04-24 19:04:51', '2026-04-24 19:04:51'),
(109, 3, 23, 1, 1, 1, 9.40, NULL, '2026-04-24 19:04:51', '2026-04-24 19:04:51'),
(110, 3, 23, 1, 1, 2, 8.50, NULL, '2026-04-24 19:04:51', '2026-04-24 19:04:51'),
(111, 3, 23, 1, 1, 3, 4.10, NULL, '2026-04-24 19:04:51', '2026-04-24 19:04:51'),
(112, 3, 23, 1, 1, 4, 2.20, NULL, '2026-04-24 19:04:51', '2026-04-24 19:04:51'),
(113, 3, 25, 1, 1, 1, 8.70, NULL, '2026-04-24 19:04:51', '2026-04-24 19:04:51'),
(114, 3, 25, 1, 1, 2, 7.10, NULL, '2026-04-24 19:04:51', '2026-04-24 19:04:51'),
(115, 3, 25, 1, 1, 3, 3.00, NULL, '2026-04-24 19:04:51', '2026-04-24 19:04:51'),
(116, 3, 25, 1, 1, 4, 4.60, NULL, '2026-04-24 19:04:51', '2026-04-24 19:04:51'),
(117, 3, 28, 1, 1, 1, 7.70, NULL, '2026-04-24 19:04:51', '2026-04-24 19:04:51'),
(118, 3, 28, 1, 1, 2, 4.90, NULL, '2026-04-24 19:04:51', '2026-04-24 19:04:51'),
(119, 3, 28, 1, 1, 3, 4.40, NULL, '2026-04-24 19:04:51', '2026-04-24 19:04:51'),
(120, 3, 28, 1, 1, 4, 3.60, NULL, '2026-04-24 19:04:51', '2026-04-24 19:04:51'),
(121, 4, 1, 1, 1, 1, 9.40, NULL, '2026-04-24 19:04:51', '2026-04-24 19:04:51'),
(122, 4, 1, 1, 1, 2, 5.90, NULL, '2026-04-24 19:04:51', '2026-04-24 19:04:51'),
(123, 4, 1, 1, 1, 3, 2.80, NULL, '2026-04-24 19:04:51', '2026-04-24 19:04:51'),
(124, 4, 1, 1, 1, 4, 3.10, NULL, '2026-04-24 19:04:51', '2026-04-24 19:04:51'),
(125, 4, 2, 1, 1, 1, 4.60, NULL, '2026-04-24 19:04:51', '2026-04-24 19:04:51'),
(126, 4, 2, 1, 1, 2, 5.30, NULL, '2026-04-24 19:04:51', '2026-04-24 19:04:51'),
(127, 4, 2, 1, 1, 3, 2.80, NULL, '2026-04-24 19:04:51', '2026-04-24 19:04:51'),
(128, 4, 2, 1, 1, 4, 4.60, NULL, '2026-04-24 19:04:51', '2026-04-24 19:04:51'),
(129, 4, 8, 1, 1, 1, 9.30, NULL, '2026-04-24 19:04:51', '2026-04-24 19:04:51'),
(130, 4, 8, 1, 1, 2, 9.50, NULL, '2026-04-24 19:04:51', '2026-04-24 19:04:51'),
(131, 4, 8, 1, 1, 3, 3.70, NULL, '2026-04-24 19:04:51', '2026-04-24 19:04:51'),
(132, 4, 8, 1, 1, 4, 3.70, NULL, '2026-04-24 19:04:51', '2026-04-24 19:04:51'),
(133, 4, 9, 1, 1, 1, 5.40, NULL, '2026-04-24 19:04:51', '2026-04-24 19:04:51'),
(134, 4, 9, 1, 1, 2, 5.00, NULL, '2026-04-24 19:04:51', '2026-04-24 19:04:51'),
(135, 4, 9, 1, 1, 3, 3.80, NULL, '2026-04-24 19:04:51', '2026-04-24 19:04:51'),
(136, 4, 9, 1, 1, 4, 3.40, NULL, '2026-04-24 19:04:51', '2026-04-24 19:04:51'),
(137, 4, 10, 1, 1, 1, 7.40, NULL, '2026-04-24 19:04:51', '2026-04-24 19:04:51'),
(138, 4, 10, 1, 1, 2, 4.10, NULL, '2026-04-24 19:04:51', '2026-04-24 19:04:51'),
(139, 4, 10, 1, 1, 3, 3.60, NULL, '2026-04-24 19:04:51', '2026-04-24 19:04:51'),
(140, 4, 10, 1, 1, 4, 3.90, NULL, '2026-04-24 19:04:51', '2026-04-24 19:04:51'),
(141, 4, 11, 1, 1, 1, 9.10, NULL, '2026-04-24 19:04:51', '2026-04-24 19:04:51'),
(142, 4, 11, 1, 1, 2, 7.60, NULL, '2026-04-24 19:04:51', '2026-04-24 19:04:51'),
(143, 4, 11, 1, 1, 3, 3.90, NULL, '2026-04-24 19:04:51', '2026-04-24 19:04:51'),
(144, 4, 11, 1, 1, 4, 2.10, NULL, '2026-04-24 19:04:51', '2026-04-24 19:04:51'),
(145, 4, 15, 1, 1, 1, 4.10, NULL, '2026-04-24 19:04:51', '2026-04-24 19:04:51'),
(146, 4, 15, 1, 1, 2, 4.50, NULL, '2026-04-24 19:04:51', '2026-04-24 19:04:51'),
(147, 4, 15, 1, 1, 3, 4.10, NULL, '2026-04-24 19:04:51', '2026-04-24 19:04:51'),
(148, 4, 15, 1, 1, 4, 3.00, NULL, '2026-04-24 19:04:51', '2026-04-24 19:04:51'),
(149, 4, 23, 1, 1, 1, 5.10, NULL, '2026-04-24 19:04:51', '2026-04-24 19:04:51'),
(150, 4, 23, 1, 1, 2, 4.60, NULL, '2026-04-24 19:04:51', '2026-04-24 19:04:51'),
(151, 4, 23, 1, 1, 3, 4.60, NULL, '2026-04-24 19:04:51', '2026-04-24 19:04:51'),
(152, 4, 23, 1, 1, 4, 3.60, NULL, '2026-04-24 19:04:51', '2026-04-24 19:04:51'),
(153, 4, 25, 1, 1, 1, 7.40, NULL, '2026-04-24 19:04:51', '2026-04-24 19:04:51'),
(154, 4, 25, 1, 1, 2, 7.80, NULL, '2026-04-24 19:04:51', '2026-04-24 19:04:51'),
(155, 4, 25, 1, 1, 3, 2.30, NULL, '2026-04-24 19:04:51', '2026-04-24 19:04:51'),
(156, 4, 25, 1, 1, 4, 4.70, NULL, '2026-04-24 19:04:51', '2026-04-24 19:04:51'),
(157, 4, 28, 1, 1, 1, 8.80, NULL, '2026-04-24 19:04:51', '2026-04-24 19:04:51'),
(158, 4, 28, 1, 1, 2, 4.60, NULL, '2026-04-24 19:04:51', '2026-04-24 19:04:51'),
(159, 4, 28, 1, 1, 3, 3.10, NULL, '2026-04-24 19:04:51', '2026-04-24 19:04:51'),
(160, 4, 28, 1, 1, 4, 3.70, NULL, '2026-04-24 19:04:51', '2026-04-24 19:04:51'),
(161, 5, 1, 1, 1, 1, 4.70, NULL, '2026-04-24 19:04:51', '2026-04-24 19:04:51'),
(162, 5, 1, 1, 1, 2, 7.00, NULL, '2026-04-24 19:04:51', '2026-04-24 19:04:51'),
(163, 5, 1, 1, 1, 3, 3.70, NULL, '2026-04-24 19:04:51', '2026-04-24 19:04:51'),
(164, 5, 1, 1, 1, 4, 4.70, NULL, '2026-04-24 19:04:51', '2026-04-24 19:04:51'),
(165, 5, 2, 1, 1, 1, 7.00, NULL, '2026-04-24 19:04:51', '2026-04-24 19:04:51'),
(166, 5, 2, 1, 1, 2, 4.10, NULL, '2026-04-24 19:04:51', '2026-04-24 19:04:51'),
(167, 5, 2, 1, 1, 3, 4.60, NULL, '2026-04-24 19:04:51', '2026-04-24 19:04:51'),
(168, 5, 2, 1, 1, 4, 4.60, NULL, '2026-04-24 19:04:51', '2026-04-24 19:04:51'),
(169, 5, 8, 1, 1, 1, 8.40, NULL, '2026-04-24 19:04:51', '2026-04-24 19:04:51'),
(170, 5, 8, 1, 1, 2, 7.30, NULL, '2026-04-24 19:04:51', '2026-04-24 19:04:51'),
(171, 5, 8, 1, 1, 3, 3.00, NULL, '2026-04-24 19:04:51', '2026-04-24 19:04:51'),
(172, 5, 8, 1, 1, 4, 2.70, NULL, '2026-04-24 19:04:51', '2026-04-24 19:04:51'),
(173, 5, 9, 1, 1, 1, 9.00, NULL, '2026-04-24 19:04:51', '2026-04-24 19:04:51'),
(174, 5, 9, 1, 1, 2, 7.90, NULL, '2026-04-24 19:04:51', '2026-04-24 19:04:51'),
(175, 5, 9, 1, 1, 3, 4.60, NULL, '2026-04-24 19:04:51', '2026-04-24 19:04:51'),
(176, 5, 9, 1, 1, 4, 4.20, NULL, '2026-04-24 19:04:51', '2026-04-24 19:04:51'),
(177, 5, 10, 1, 1, 1, 6.20, NULL, '2026-04-24 19:04:51', '2026-04-24 19:04:51'),
(178, 5, 10, 1, 1, 2, 6.80, NULL, '2026-04-24 19:04:51', '2026-04-24 19:04:51'),
(179, 5, 10, 1, 1, 3, 2.80, NULL, '2026-04-24 19:04:51', '2026-04-24 19:04:51'),
(180, 5, 10, 1, 1, 4, 2.50, NULL, '2026-04-24 19:04:51', '2026-04-24 19:04:51'),
(181, 5, 11, 1, 1, 1, 7.00, NULL, '2026-04-24 19:04:51', '2026-04-24 19:04:51'),
(182, 5, 11, 1, 1, 2, 4.50, NULL, '2026-04-24 19:04:51', '2026-04-24 19:04:51'),
(183, 5, 11, 1, 1, 3, 3.30, NULL, '2026-04-24 19:04:51', '2026-04-24 19:04:51'),
(184, 5, 11, 1, 1, 4, 4.00, NULL, '2026-04-24 19:04:51', '2026-04-24 19:04:51'),
(185, 5, 15, 1, 1, 1, 7.00, NULL, '2026-04-24 19:04:51', '2026-04-24 19:04:51'),
(186, 5, 15, 1, 1, 2, 8.40, NULL, '2026-04-24 19:04:51', '2026-04-24 19:04:51'),
(187, 5, 15, 1, 1, 3, 4.40, NULL, '2026-04-24 19:04:51', '2026-04-24 19:04:51'),
(188, 5, 15, 1, 1, 4, 2.30, NULL, '2026-04-24 19:04:51', '2026-04-24 19:04:51'),
(189, 5, 23, 1, 1, 1, 5.60, NULL, '2026-04-24 19:04:51', '2026-04-24 19:04:51'),
(190, 5, 23, 1, 1, 2, 6.00, NULL, '2026-04-24 19:04:51', '2026-04-24 19:04:51'),
(191, 5, 23, 1, 1, 3, 4.60, NULL, '2026-04-24 19:04:51', '2026-04-24 19:04:51'),
(192, 5, 23, 1, 1, 4, 2.80, NULL, '2026-04-24 19:04:51', '2026-04-24 19:04:51'),
(193, 5, 25, 1, 1, 1, 5.10, NULL, '2026-04-24 19:04:51', '2026-04-24 19:04:51'),
(194, 5, 25, 1, 1, 2, 6.00, NULL, '2026-04-24 19:04:51', '2026-04-24 19:04:51'),
(195, 5, 25, 1, 1, 3, 4.20, NULL, '2026-04-24 19:04:51', '2026-04-24 19:04:51'),
(196, 5, 25, 1, 1, 4, 2.90, NULL, '2026-04-24 19:04:51', '2026-04-24 19:04:51'),
(197, 5, 28, 1, 1, 1, 7.90, NULL, '2026-04-24 19:04:51', '2026-04-24 19:04:51'),
(198, 5, 28, 1, 1, 2, 4.30, NULL, '2026-04-24 19:04:51', '2026-04-24 19:04:51'),
(199, 5, 28, 1, 1, 3, 2.10, NULL, '2026-04-24 19:04:51', '2026-04-24 19:04:51'),
(200, 5, 28, 1, 1, 4, 3.70, NULL, '2026-04-24 19:04:51', '2026-04-24 19:04:51'),
(201, 6, 1, 2, 1, 1, 4.00, NULL, '2026-04-24 19:04:51', '2026-04-24 19:04:51'),
(202, 6, 1, 2, 1, 2, 7.60, NULL, '2026-04-24 19:04:51', '2026-04-24 19:04:51'),
(203, 6, 1, 2, 1, 3, 2.60, NULL, '2026-04-24 19:04:51', '2026-04-24 19:04:51'),
(204, 6, 1, 2, 1, 4, 3.20, NULL, '2026-04-24 19:04:51', '2026-04-24 19:04:51'),
(205, 6, 2, 2, 1, 1, 8.70, NULL, '2026-04-24 19:04:51', '2026-04-24 19:04:51'),
(206, 6, 2, 2, 1, 2, 8.80, NULL, '2026-04-24 19:04:51', '2026-04-24 19:04:51'),
(207, 6, 2, 2, 1, 3, 2.50, NULL, '2026-04-24 19:04:51', '2026-04-24 19:04:51'),
(208, 6, 2, 2, 1, 4, 2.70, NULL, '2026-04-24 19:04:51', '2026-04-24 19:04:51'),
(209, 6, 8, 2, 1, 1, 5.90, NULL, '2026-04-24 19:04:51', '2026-04-24 19:04:51'),
(210, 6, 8, 2, 1, 2, 6.20, NULL, '2026-04-24 19:04:51', '2026-04-24 19:04:51'),
(211, 6, 8, 2, 1, 3, 3.50, NULL, '2026-04-24 19:04:51', '2026-04-24 19:04:51'),
(212, 6, 8, 2, 1, 4, 2.10, NULL, '2026-04-24 19:04:51', '2026-04-24 19:04:51'),
(213, 6, 9, 2, 1, 1, 9.00, NULL, '2026-04-24 19:04:51', '2026-04-24 19:04:51'),
(214, 6, 9, 2, 1, 2, 8.40, NULL, '2026-04-24 19:04:51', '2026-04-24 19:04:51'),
(215, 6, 9, 2, 1, 3, 4.60, NULL, '2026-04-24 19:04:51', '2026-04-24 19:04:51'),
(216, 6, 9, 2, 1, 4, 2.70, NULL, '2026-04-24 19:04:51', '2026-04-24 19:04:51'),
(217, 6, 10, 2, 1, 1, 5.00, NULL, '2026-04-24 19:04:51', '2026-04-24 19:04:51'),
(218, 6, 10, 2, 1, 2, 7.80, NULL, '2026-04-24 19:04:51', '2026-04-24 19:04:51'),
(219, 6, 10, 2, 1, 3, 2.10, NULL, '2026-04-24 19:04:51', '2026-04-24 19:04:51'),
(220, 6, 10, 2, 1, 4, 3.10, NULL, '2026-04-24 19:04:51', '2026-04-24 19:04:51'),
(221, 6, 11, 2, 1, 1, 4.00, NULL, '2026-04-24 19:04:51', '2026-04-24 19:04:51'),
(222, 6, 11, 2, 1, 2, 6.10, NULL, '2026-04-24 19:04:51', '2026-04-24 19:04:51'),
(223, 6, 11, 2, 1, 3, 3.60, NULL, '2026-04-24 19:04:51', '2026-04-24 19:04:51'),
(224, 6, 11, 2, 1, 4, 4.40, NULL, '2026-04-24 19:04:51', '2026-04-24 19:04:51'),
(225, 6, 15, 2, 1, 1, 4.80, NULL, '2026-04-24 19:04:51', '2026-04-24 19:04:51'),
(226, 6, 15, 2, 1, 2, 6.50, NULL, '2026-04-24 19:04:51', '2026-04-24 19:04:51'),
(227, 6, 15, 2, 1, 3, 2.90, NULL, '2026-04-24 19:04:51', '2026-04-24 19:04:51'),
(228, 6, 15, 2, 1, 4, 2.50, NULL, '2026-04-24 19:04:51', '2026-04-24 19:04:51'),
(229, 6, 23, 2, 1, 1, 5.90, NULL, '2026-04-24 19:04:51', '2026-04-24 19:04:51'),
(230, 6, 23, 2, 1, 2, 5.90, NULL, '2026-04-24 19:04:51', '2026-04-24 19:04:51'),
(231, 6, 23, 2, 1, 3, 2.00, NULL, '2026-04-24 19:04:51', '2026-04-24 19:04:51'),
(232, 6, 23, 2, 1, 4, 4.00, NULL, '2026-04-24 19:04:51', '2026-04-24 19:04:51'),
(233, 6, 25, 2, 1, 1, 7.70, NULL, '2026-04-24 19:04:51', '2026-04-24 19:04:51'),
(234, 6, 25, 2, 1, 2, 5.20, NULL, '2026-04-24 19:04:51', '2026-04-24 19:04:51'),
(235, 6, 25, 2, 1, 3, 2.70, NULL, '2026-04-24 19:04:51', '2026-04-24 19:04:51'),
(236, 6, 25, 2, 1, 4, 3.40, NULL, '2026-04-24 19:04:51', '2026-04-24 19:04:51'),
(237, 6, 28, 2, 1, 1, 5.00, NULL, '2026-04-24 19:04:51', '2026-04-24 19:04:51'),
(238, 6, 28, 2, 1, 2, 6.30, NULL, '2026-04-24 19:04:51', '2026-04-24 19:04:51'),
(239, 6, 28, 2, 1, 3, 2.10, NULL, '2026-04-24 19:04:51', '2026-04-24 19:04:51'),
(240, 6, 28, 2, 1, 4, 3.40, NULL, '2026-04-24 19:04:51', '2026-04-24 19:04:51'),
(241, 7, 1, 2, 1, 1, 4.90, NULL, '2026-04-24 19:04:51', '2026-04-24 19:04:51'),
(242, 7, 1, 2, 1, 2, 4.20, NULL, '2026-04-24 19:04:51', '2026-04-24 19:04:51'),
(243, 7, 1, 2, 1, 3, 2.70, NULL, '2026-04-24 19:04:51', '2026-04-24 19:04:51'),
(244, 7, 1, 2, 1, 4, 4.40, NULL, '2026-04-24 19:04:51', '2026-04-24 19:04:51'),
(245, 7, 2, 2, 1, 1, 6.20, NULL, '2026-04-24 19:04:51', '2026-04-24 19:04:51'),
(246, 7, 2, 2, 1, 2, 4.70, NULL, '2026-04-24 19:04:51', '2026-04-24 19:04:51'),
(247, 7, 2, 2, 1, 3, 4.40, NULL, '2026-04-24 19:04:51', '2026-04-24 19:04:51'),
(248, 7, 2, 2, 1, 4, 4.40, NULL, '2026-04-24 19:04:51', '2026-04-24 19:04:51'),
(249, 7, 8, 2, 1, 1, 6.70, NULL, '2026-04-24 19:04:51', '2026-04-24 19:04:51'),
(250, 7, 8, 2, 1, 2, 5.10, NULL, '2026-04-24 19:04:51', '2026-04-24 19:04:51'),
(251, 7, 8, 2, 1, 3, 4.70, NULL, '2026-04-24 19:04:51', '2026-04-24 19:04:51'),
(252, 7, 8, 2, 1, 4, 4.70, NULL, '2026-04-24 19:04:51', '2026-04-24 19:04:51'),
(253, 7, 9, 2, 1, 1, 5.20, NULL, '2026-04-24 19:04:51', '2026-04-24 19:04:51'),
(254, 7, 9, 2, 1, 2, 4.10, NULL, '2026-04-24 19:04:51', '2026-04-24 19:04:51'),
(255, 7, 9, 2, 1, 3, 2.80, NULL, '2026-04-24 19:04:51', '2026-04-24 19:04:51'),
(256, 7, 9, 2, 1, 4, 3.90, NULL, '2026-04-24 19:04:51', '2026-04-24 19:04:51'),
(257, 7, 10, 2, 1, 1, 5.60, NULL, '2026-04-24 19:04:51', '2026-04-24 19:04:51'),
(258, 7, 10, 2, 1, 2, 8.00, NULL, '2026-04-24 19:04:51', '2026-04-24 19:04:51'),
(259, 7, 10, 2, 1, 3, 4.20, NULL, '2026-04-24 19:04:51', '2026-04-24 19:04:51'),
(260, 7, 10, 2, 1, 4, 2.10, NULL, '2026-04-24 19:04:51', '2026-04-24 19:04:51'),
(261, 7, 11, 2, 1, 1, 5.70, NULL, '2026-04-24 19:04:51', '2026-04-24 19:04:51'),
(262, 7, 11, 2, 1, 2, 8.90, NULL, '2026-04-24 19:04:51', '2026-04-24 19:04:51'),
(263, 7, 11, 2, 1, 3, 3.50, NULL, '2026-04-24 19:04:51', '2026-04-24 19:04:51'),
(264, 7, 11, 2, 1, 4, 3.20, NULL, '2026-04-24 19:04:51', '2026-04-24 19:04:51'),
(265, 7, 15, 2, 1, 1, 4.60, NULL, '2026-04-24 19:04:51', '2026-04-24 19:04:51'),
(266, 7, 15, 2, 1, 2, 8.30, NULL, '2026-04-24 19:04:51', '2026-04-24 19:04:51'),
(267, 7, 15, 2, 1, 3, 3.70, NULL, '2026-04-24 19:04:51', '2026-04-24 19:04:51'),
(268, 7, 15, 2, 1, 4, 3.70, NULL, '2026-04-24 19:04:51', '2026-04-24 19:04:51'),
(269, 7, 23, 2, 1, 1, 8.80, NULL, '2026-04-24 19:04:51', '2026-04-24 19:04:51'),
(270, 7, 23, 2, 1, 2, 6.20, NULL, '2026-04-24 19:04:51', '2026-04-24 19:04:51'),
(271, 7, 23, 2, 1, 3, 3.60, NULL, '2026-04-24 19:04:51', '2026-04-24 19:04:51'),
(272, 7, 23, 2, 1, 4, 2.80, NULL, '2026-04-24 19:04:51', '2026-04-24 19:04:51'),
(273, 7, 25, 2, 1, 1, 8.40, NULL, '2026-04-24 19:04:51', '2026-04-24 19:04:51'),
(274, 7, 25, 2, 1, 2, 8.30, NULL, '2026-04-24 19:04:51', '2026-04-24 19:04:51'),
(275, 7, 25, 2, 1, 3, 3.00, NULL, '2026-04-24 19:04:51', '2026-04-24 19:04:51'),
(276, 7, 25, 2, 1, 4, 4.60, NULL, '2026-04-24 19:04:51', '2026-04-24 19:04:51'),
(277, 7, 28, 2, 1, 1, 9.20, NULL, '2026-04-24 19:04:51', '2026-04-24 19:04:51'),
(278, 7, 28, 2, 1, 2, 8.80, NULL, '2026-04-24 19:04:51', '2026-04-24 19:04:51'),
(279, 7, 28, 2, 1, 3, 2.50, NULL, '2026-04-24 19:04:51', '2026-04-24 19:04:51'),
(280, 7, 28, 2, 1, 4, 2.20, NULL, '2026-04-24 19:04:51', '2026-04-24 19:04:51'),
(281, 8, 1, 2, 1, 1, 7.20, NULL, '2026-04-24 19:04:51', '2026-04-24 19:04:51'),
(282, 8, 1, 2, 1, 2, 4.10, NULL, '2026-04-24 19:04:51', '2026-04-24 19:04:51'),
(283, 8, 1, 2, 1, 3, 3.00, NULL, '2026-04-24 19:04:51', '2026-04-24 19:04:51'),
(284, 8, 1, 2, 1, 4, 2.50, NULL, '2026-04-24 19:04:51', '2026-04-24 19:04:51'),
(285, 8, 2, 2, 1, 1, 8.50, NULL, '2026-04-24 19:04:51', '2026-04-24 19:04:51'),
(286, 8, 2, 2, 1, 2, 7.90, NULL, '2026-04-24 19:04:51', '2026-04-24 19:04:51'),
(287, 8, 2, 2, 1, 3, 2.30, NULL, '2026-04-24 19:04:51', '2026-04-24 19:04:51'),
(288, 8, 2, 2, 1, 4, 4.10, NULL, '2026-04-24 19:04:51', '2026-04-24 19:04:51'),
(289, 8, 8, 2, 1, 1, 4.20, NULL, '2026-04-24 19:04:51', '2026-04-24 19:04:51'),
(290, 8, 8, 2, 1, 2, 9.30, NULL, '2026-04-24 19:04:51', '2026-04-24 19:04:51'),
(291, 8, 8, 2, 1, 3, 2.10, NULL, '2026-04-24 19:04:51', '2026-04-24 19:04:51'),
(292, 8, 8, 2, 1, 4, 4.30, NULL, '2026-04-24 19:04:51', '2026-04-24 19:04:51'),
(293, 8, 9, 2, 1, 1, 9.00, NULL, '2026-04-24 19:04:51', '2026-04-24 19:04:51'),
(294, 8, 9, 2, 1, 2, 6.80, NULL, '2026-04-24 19:04:51', '2026-04-24 19:04:51'),
(295, 8, 9, 2, 1, 3, 4.70, NULL, '2026-04-24 19:04:51', '2026-04-24 19:04:51'),
(296, 8, 9, 2, 1, 4, 4.60, NULL, '2026-04-24 19:04:51', '2026-04-24 19:04:51'),
(297, 8, 10, 2, 1, 1, 7.50, NULL, '2026-04-24 19:04:51', '2026-04-24 19:04:51'),
(298, 8, 10, 2, 1, 2, 7.20, NULL, '2026-04-24 19:04:51', '2026-04-24 19:04:51'),
(299, 8, 10, 2, 1, 3, 3.40, NULL, '2026-04-24 19:04:51', '2026-04-24 19:04:51'),
(300, 8, 10, 2, 1, 4, 3.20, NULL, '2026-04-24 19:04:51', '2026-04-24 19:04:51'),
(301, 8, 11, 2, 1, 1, 7.60, NULL, '2026-04-24 19:04:51', '2026-04-24 19:04:51'),
(302, 8, 11, 2, 1, 2, 8.50, NULL, '2026-04-24 19:04:51', '2026-04-24 19:04:51'),
(303, 8, 11, 2, 1, 3, 3.60, NULL, '2026-04-24 19:04:51', '2026-04-24 19:04:51'),
(304, 8, 11, 2, 1, 4, 3.00, NULL, '2026-04-24 19:04:51', '2026-04-24 19:04:51'),
(305, 8, 15, 2, 1, 1, 8.10, NULL, '2026-04-24 19:04:51', '2026-04-24 19:04:51'),
(306, 8, 15, 2, 1, 2, 6.20, NULL, '2026-04-24 19:04:51', '2026-04-24 19:04:51'),
(307, 8, 15, 2, 1, 3, 3.50, NULL, '2026-04-24 19:04:51', '2026-04-24 19:04:51'),
(308, 8, 15, 2, 1, 4, 2.40, NULL, '2026-04-24 19:04:51', '2026-04-24 19:04:51'),
(309, 8, 23, 2, 1, 1, 4.50, NULL, '2026-04-24 19:04:51', '2026-04-24 19:04:51'),
(310, 8, 23, 2, 1, 2, 5.00, NULL, '2026-04-24 19:04:51', '2026-04-24 19:04:51'),
(311, 8, 23, 2, 1, 3, 2.10, NULL, '2026-04-24 19:04:51', '2026-04-24 19:04:51'),
(312, 8, 23, 2, 1, 4, 2.30, NULL, '2026-04-24 19:04:51', '2026-04-24 19:04:51'),
(313, 8, 25, 2, 1, 1, 5.80, NULL, '2026-04-24 19:04:51', '2026-04-24 19:04:51'),
(314, 8, 25, 2, 1, 2, 6.10, NULL, '2026-04-24 19:04:51', '2026-04-24 19:04:51'),
(315, 8, 25, 2, 1, 3, 3.90, NULL, '2026-04-24 19:04:51', '2026-04-24 19:04:51'),
(316, 8, 25, 2, 1, 4, 3.30, NULL, '2026-04-24 19:04:51', '2026-04-24 19:04:51'),
(317, 8, 28, 2, 1, 1, 4.60, NULL, '2026-04-24 19:04:51', '2026-04-24 19:04:51'),
(318, 8, 28, 2, 1, 2, 8.70, NULL, '2026-04-24 19:04:51', '2026-04-24 19:04:51'),
(319, 8, 28, 2, 1, 3, 4.60, NULL, '2026-04-24 19:04:51', '2026-04-24 19:04:51'),
(320, 8, 28, 2, 1, 4, 2.10, NULL, '2026-04-24 19:04:51', '2026-04-24 19:04:51'),
(321, 9, 1, 2, 1, 1, 4.10, NULL, '2026-04-24 19:04:51', '2026-04-24 19:04:51'),
(322, 9, 1, 2, 1, 2, 6.70, NULL, '2026-04-24 19:04:52', '2026-04-24 19:04:52'),
(323, 9, 1, 2, 1, 3, 4.70, NULL, '2026-04-24 19:04:52', '2026-04-24 19:04:52'),
(324, 9, 1, 2, 1, 4, 4.20, NULL, '2026-04-24 19:04:52', '2026-04-24 19:04:52'),
(325, 9, 2, 2, 1, 1, 8.30, NULL, '2026-04-24 19:04:52', '2026-04-24 19:04:52'),
(326, 9, 2, 2, 1, 2, 8.60, NULL, '2026-04-24 19:04:52', '2026-04-24 19:04:52'),
(327, 9, 2, 2, 1, 3, 4.30, NULL, '2026-04-24 19:04:52', '2026-04-24 19:04:52'),
(328, 9, 2, 2, 1, 4, 4.20, NULL, '2026-04-24 19:04:52', '2026-04-24 19:04:52'),
(329, 9, 8, 2, 1, 1, 9.10, NULL, '2026-04-24 19:04:52', '2026-04-24 19:04:52'),
(330, 9, 8, 2, 1, 2, 7.00, NULL, '2026-04-24 19:04:52', '2026-04-24 19:04:52'),
(331, 9, 8, 2, 1, 3, 2.10, NULL, '2026-04-24 19:04:52', '2026-04-24 19:04:52'),
(332, 9, 8, 2, 1, 4, 3.80, NULL, '2026-04-24 19:04:52', '2026-04-24 19:04:52'),
(333, 9, 9, 2, 1, 1, 8.90, NULL, '2026-04-24 19:04:52', '2026-04-24 19:04:52'),
(334, 9, 9, 2, 1, 2, 8.10, NULL, '2026-04-24 19:04:52', '2026-04-24 19:04:52'),
(335, 9, 9, 2, 1, 3, 3.10, NULL, '2026-04-24 19:04:52', '2026-04-24 19:04:52'),
(336, 9, 9, 2, 1, 4, 2.90, NULL, '2026-04-24 19:04:52', '2026-04-24 19:04:52'),
(337, 9, 10, 2, 1, 1, 4.70, NULL, '2026-04-24 19:04:52', '2026-04-24 19:04:52'),
(338, 9, 10, 2, 1, 2, 7.50, NULL, '2026-04-24 19:04:52', '2026-04-24 19:04:52'),
(339, 9, 10, 2, 1, 3, 2.70, NULL, '2026-04-24 19:04:52', '2026-04-24 19:04:52'),
(340, 9, 10, 2, 1, 4, 2.70, NULL, '2026-04-24 19:04:52', '2026-04-24 19:04:52'),
(341, 9, 11, 2, 1, 1, 4.70, NULL, '2026-04-24 19:04:52', '2026-04-24 19:04:52'),
(342, 9, 11, 2, 1, 2, 7.40, NULL, '2026-04-24 19:04:52', '2026-04-24 19:04:52'),
(343, 9, 11, 2, 1, 3, 4.20, NULL, '2026-04-24 19:04:52', '2026-04-24 19:04:52'),
(344, 9, 11, 2, 1, 4, 4.50, NULL, '2026-04-24 19:04:52', '2026-04-24 19:04:52'),
(345, 9, 15, 2, 1, 1, 6.80, NULL, '2026-04-24 19:04:52', '2026-04-24 19:04:52'),
(346, 9, 15, 2, 1, 2, 7.80, NULL, '2026-04-24 19:04:52', '2026-04-24 19:04:52'),
(347, 9, 15, 2, 1, 3, 3.20, NULL, '2026-04-24 19:04:52', '2026-04-24 19:04:52'),
(348, 9, 15, 2, 1, 4, 2.00, NULL, '2026-04-24 19:04:52', '2026-04-24 19:04:52'),
(349, 9, 23, 2, 1, 1, 7.40, NULL, '2026-04-24 19:04:52', '2026-04-24 19:04:52'),
(350, 9, 23, 2, 1, 2, 8.60, NULL, '2026-04-24 19:04:52', '2026-04-24 19:04:52'),
(351, 9, 23, 2, 1, 3, 2.40, NULL, '2026-04-24 19:04:52', '2026-04-24 19:04:52'),
(352, 9, 23, 2, 1, 4, 3.90, NULL, '2026-04-24 19:04:52', '2026-04-24 19:04:52'),
(353, 9, 25, 2, 1, 1, 7.10, NULL, '2026-04-24 19:04:52', '2026-04-24 19:04:52'),
(354, 9, 25, 2, 1, 2, 7.90, NULL, '2026-04-24 19:04:52', '2026-04-24 19:04:52'),
(355, 9, 25, 2, 1, 3, 2.00, NULL, '2026-04-24 19:04:52', '2026-04-24 19:04:52'),
(356, 9, 25, 2, 1, 4, 3.40, NULL, '2026-04-24 19:04:52', '2026-04-24 19:04:52'),
(357, 9, 28, 2, 1, 1, 8.00, NULL, '2026-04-24 19:04:52', '2026-04-24 19:04:52'),
(358, 9, 28, 2, 1, 2, 5.80, NULL, '2026-04-24 19:04:52', '2026-04-24 19:04:52'),
(359, 9, 28, 2, 1, 3, 3.00, NULL, '2026-04-24 19:04:52', '2026-04-24 19:04:52'),
(360, 9, 28, 2, 1, 4, 4.50, NULL, '2026-04-24 19:04:52', '2026-04-24 19:04:52'),
(361, 10, 1, 2, 1, 1, 4.30, NULL, '2026-04-24 19:04:52', '2026-04-24 19:04:52'),
(362, 10, 1, 2, 1, 2, 8.90, NULL, '2026-04-24 19:04:52', '2026-04-24 19:04:52'),
(363, 10, 1, 2, 1, 3, 2.20, NULL, '2026-04-24 19:04:52', '2026-04-24 19:04:52'),
(364, 10, 1, 2, 1, 4, 3.70, NULL, '2026-04-24 19:04:52', '2026-04-24 19:04:52'),
(365, 10, 2, 2, 1, 1, 5.30, NULL, '2026-04-24 19:04:52', '2026-04-24 19:04:52'),
(366, 10, 2, 2, 1, 2, 6.60, NULL, '2026-04-24 19:04:52', '2026-04-24 19:04:52'),
(367, 10, 2, 2, 1, 3, 4.60, NULL, '2026-04-24 19:04:52', '2026-04-24 19:04:52'),
(368, 10, 2, 2, 1, 4, 4.60, NULL, '2026-04-24 19:04:52', '2026-04-24 19:04:52'),
(369, 10, 8, 2, 1, 1, 5.80, NULL, '2026-04-24 19:04:52', '2026-04-24 19:04:52'),
(370, 10, 8, 2, 1, 2, 4.70, NULL, '2026-04-24 19:04:52', '2026-04-24 19:04:52'),
(371, 10, 8, 2, 1, 3, 2.10, NULL, '2026-04-24 19:04:52', '2026-04-24 19:04:52'),
(372, 10, 8, 2, 1, 4, 2.80, NULL, '2026-04-24 19:04:52', '2026-04-24 19:04:52'),
(373, 10, 9, 2, 1, 1, 8.80, NULL, '2026-04-24 19:04:52', '2026-04-24 19:04:52'),
(374, 10, 9, 2, 1, 2, 4.60, NULL, '2026-04-24 19:04:52', '2026-04-24 19:04:52'),
(375, 10, 9, 2, 1, 3, 3.10, NULL, '2026-04-24 19:04:52', '2026-04-24 19:04:52'),
(376, 10, 9, 2, 1, 4, 2.80, NULL, '2026-04-24 19:04:52', '2026-04-24 19:04:52'),
(377, 10, 10, 2, 1, 1, 6.30, NULL, '2026-04-24 19:04:52', '2026-04-24 19:04:52'),
(378, 10, 10, 2, 1, 2, 5.50, NULL, '2026-04-24 19:04:52', '2026-04-24 19:04:52'),
(379, 10, 10, 2, 1, 3, 3.20, NULL, '2026-04-24 19:04:52', '2026-04-24 19:04:52'),
(380, 10, 10, 2, 1, 4, 3.00, NULL, '2026-04-24 19:04:52', '2026-04-24 19:04:52'),
(381, 10, 11, 2, 1, 1, 9.30, NULL, '2026-04-24 19:04:52', '2026-04-24 19:04:52'),
(382, 10, 11, 2, 1, 2, 5.00, NULL, '2026-04-24 19:04:52', '2026-04-24 19:04:52'),
(383, 10, 11, 2, 1, 3, 4.70, NULL, '2026-04-24 19:04:52', '2026-04-24 19:04:52'),
(384, 10, 11, 2, 1, 4, 3.70, NULL, '2026-04-24 19:04:52', '2026-04-24 19:04:52'),
(385, 10, 15, 2, 1, 1, 6.00, NULL, '2026-04-24 19:04:52', '2026-04-24 19:04:52'),
(386, 10, 15, 2, 1, 2, 5.00, NULL, '2026-04-24 19:04:52', '2026-04-24 19:04:52'),
(387, 10, 15, 2, 1, 3, 3.20, NULL, '2026-04-24 19:04:52', '2026-04-24 19:04:52'),
(388, 10, 15, 2, 1, 4, 2.10, NULL, '2026-04-24 19:04:52', '2026-04-24 19:04:52'),
(389, 10, 23, 2, 1, 1, 4.20, NULL, '2026-04-24 19:04:52', '2026-04-24 19:04:52'),
(390, 10, 23, 2, 1, 2, 8.50, NULL, '2026-04-24 19:04:52', '2026-04-24 19:04:52'),
(391, 10, 23, 2, 1, 3, 2.60, NULL, '2026-04-24 19:04:52', '2026-04-24 19:04:52'),
(392, 10, 23, 2, 1, 4, 3.90, NULL, '2026-04-24 19:04:52', '2026-04-24 19:04:52'),
(393, 10, 25, 2, 1, 1, 7.10, NULL, '2026-04-24 19:04:52', '2026-04-24 19:04:52'),
(394, 10, 25, 2, 1, 2, 6.20, NULL, '2026-04-24 19:04:52', '2026-04-24 19:04:52'),
(395, 10, 25, 2, 1, 3, 2.10, NULL, '2026-04-24 19:04:52', '2026-04-24 19:04:52'),
(396, 10, 25, 2, 1, 4, 3.30, NULL, '2026-04-24 19:04:52', '2026-04-24 19:04:52'),
(397, 10, 28, 2, 1, 1, 7.30, NULL, '2026-04-24 19:04:52', '2026-04-24 19:04:52'),
(398, 10, 28, 2, 1, 2, 5.00, NULL, '2026-04-24 19:04:52', '2026-04-24 19:04:52'),
(399, 10, 28, 2, 1, 3, 3.70, NULL, '2026-04-24 19:04:52', '2026-04-24 19:04:52'),
(400, 10, 28, 2, 1, 4, 3.00, NULL, '2026-04-24 19:04:52', '2026-04-24 19:04:52'),
(401, 11, 1, 3, 1, 1, 9.40, NULL, '2026-04-24 19:04:52', '2026-04-24 19:04:52'),
(402, 11, 1, 3, 1, 2, 6.60, NULL, '2026-04-24 19:04:52', '2026-04-24 19:04:52'),
(403, 11, 1, 3, 1, 3, 2.90, NULL, '2026-04-24 19:04:52', '2026-04-24 19:04:52'),
(404, 11, 1, 3, 1, 4, 3.00, NULL, '2026-04-24 19:04:52', '2026-04-24 19:04:52'),
(405, 11, 2, 3, 1, 1, 6.80, NULL, '2026-04-24 19:04:52', '2026-04-24 19:04:52'),
(406, 11, 2, 3, 1, 2, 4.10, NULL, '2026-04-24 19:04:52', '2026-04-24 19:04:52'),
(407, 11, 2, 3, 1, 3, 3.90, NULL, '2026-04-24 19:04:52', '2026-04-24 19:04:52'),
(408, 11, 2, 3, 1, 4, 4.10, NULL, '2026-04-24 19:04:52', '2026-04-24 19:04:52'),
(409, 11, 8, 3, 1, 1, 5.80, NULL, '2026-04-24 19:04:52', '2026-04-24 19:04:52'),
(410, 11, 8, 3, 1, 2, 7.10, NULL, '2026-04-24 19:04:52', '2026-04-24 19:04:52'),
(411, 11, 8, 3, 1, 3, 3.60, NULL, '2026-04-24 19:04:52', '2026-04-24 19:04:52'),
(412, 11, 8, 3, 1, 4, 4.30, NULL, '2026-04-24 19:04:52', '2026-04-24 19:04:52'),
(413, 11, 9, 3, 1, 1, 6.60, NULL, '2026-04-24 19:04:52', '2026-04-24 19:04:52'),
(414, 11, 9, 3, 1, 2, 4.30, NULL, '2026-04-24 19:04:52', '2026-04-24 19:04:52'),
(415, 11, 9, 3, 1, 3, 3.30, NULL, '2026-04-24 19:04:52', '2026-04-24 19:04:52'),
(416, 11, 9, 3, 1, 4, 3.00, NULL, '2026-04-24 19:04:52', '2026-04-24 19:04:52'),
(417, 11, 10, 3, 1, 1, 9.10, NULL, '2026-04-24 19:04:52', '2026-04-24 19:04:52'),
(418, 11, 10, 3, 1, 2, 8.10, NULL, '2026-04-24 19:04:52', '2026-04-24 19:04:52'),
(419, 11, 10, 3, 1, 3, 2.20, NULL, '2026-04-24 19:04:52', '2026-04-24 19:04:52'),
(420, 11, 10, 3, 1, 4, 3.30, NULL, '2026-04-24 19:04:52', '2026-04-24 19:04:52'),
(421, 11, 11, 3, 1, 1, 7.70, NULL, '2026-04-24 19:04:52', '2026-04-24 19:04:52'),
(422, 11, 11, 3, 1, 2, 4.20, NULL, '2026-04-24 19:04:52', '2026-04-24 19:04:52'),
(423, 11, 11, 3, 1, 3, 3.40, NULL, '2026-04-24 19:04:52', '2026-04-24 19:04:52'),
(424, 11, 11, 3, 1, 4, 3.90, NULL, '2026-04-24 19:04:52', '2026-04-24 19:04:52'),
(425, 11, 15, 3, 1, 1, 7.10, NULL, '2026-04-24 19:04:52', '2026-04-24 19:04:52'),
(426, 11, 15, 3, 1, 2, 7.00, NULL, '2026-04-24 19:04:52', '2026-04-24 19:04:52'),
(427, 11, 15, 3, 1, 3, 3.30, NULL, '2026-04-24 19:04:52', '2026-04-24 19:04:52'),
(428, 11, 15, 3, 1, 4, 3.80, NULL, '2026-04-24 19:04:52', '2026-04-24 19:04:52'),
(429, 11, 23, 3, 1, 1, 8.80, NULL, '2026-04-24 19:04:52', '2026-04-24 19:04:52'),
(430, 11, 23, 3, 1, 2, 7.90, NULL, '2026-04-24 19:04:52', '2026-04-24 19:04:52'),
(431, 11, 23, 3, 1, 3, 3.70, NULL, '2026-04-24 19:04:52', '2026-04-24 19:04:52'),
(432, 11, 23, 3, 1, 4, 2.60, NULL, '2026-04-24 19:04:52', '2026-04-24 19:04:52'),
(433, 11, 25, 3, 1, 1, 8.10, NULL, '2026-04-24 19:04:52', '2026-04-24 19:04:52'),
(434, 11, 25, 3, 1, 2, 4.60, NULL, '2026-04-24 19:04:52', '2026-04-24 19:04:52'),
(435, 11, 25, 3, 1, 3, 4.30, NULL, '2026-04-24 19:04:52', '2026-04-24 19:04:52'),
(436, 11, 25, 3, 1, 4, 2.30, NULL, '2026-04-24 19:04:52', '2026-04-24 19:04:52'),
(437, 11, 28, 3, 1, 1, 9.50, NULL, '2026-04-24 19:04:52', '2026-04-24 19:04:52'),
(438, 11, 28, 3, 1, 2, 4.80, NULL, '2026-04-24 19:04:52', '2026-04-24 19:04:52'),
(439, 11, 28, 3, 1, 3, 4.00, NULL, '2026-04-24 19:04:52', '2026-04-24 19:04:52'),
(440, 11, 28, 3, 1, 4, 2.10, NULL, '2026-04-24 19:04:52', '2026-04-24 19:04:52'),
(441, 12, 1, 3, 1, 1, 5.80, NULL, '2026-04-24 19:04:52', '2026-04-24 19:04:52'),
(442, 12, 1, 3, 1, 2, 7.60, NULL, '2026-04-24 19:04:52', '2026-04-24 19:04:52'),
(443, 12, 1, 3, 1, 3, 4.20, NULL, '2026-04-24 19:04:52', '2026-04-24 19:04:52'),
(444, 12, 1, 3, 1, 4, 2.90, NULL, '2026-04-24 19:04:52', '2026-04-24 19:04:52'),
(445, 12, 2, 3, 1, 1, 7.50, NULL, '2026-04-24 19:04:52', '2026-04-24 19:04:52'),
(446, 12, 2, 3, 1, 2, 8.60, NULL, '2026-04-24 19:04:52', '2026-04-24 19:04:52'),
(447, 12, 2, 3, 1, 3, 4.20, NULL, '2026-04-24 19:04:52', '2026-04-24 19:04:52'),
(448, 12, 2, 3, 1, 4, 4.00, NULL, '2026-04-24 19:04:52', '2026-04-24 19:04:52'),
(449, 12, 8, 3, 1, 1, 5.60, NULL, '2026-04-24 19:04:52', '2026-04-24 19:04:52'),
(450, 12, 8, 3, 1, 2, 5.90, NULL, '2026-04-24 19:04:52', '2026-04-24 19:04:52'),
(451, 12, 8, 3, 1, 3, 3.60, NULL, '2026-04-24 19:04:52', '2026-04-24 19:04:52'),
(452, 12, 8, 3, 1, 4, 4.30, NULL, '2026-04-24 19:04:52', '2026-04-24 19:04:52'),
(453, 12, 9, 3, 1, 1, 6.20, NULL, '2026-04-24 19:04:52', '2026-04-24 19:04:52'),
(454, 12, 9, 3, 1, 2, 5.50, NULL, '2026-04-24 19:04:52', '2026-04-24 19:04:52'),
(455, 12, 9, 3, 1, 3, 3.40, NULL, '2026-04-24 19:04:52', '2026-04-24 19:04:52'),
(456, 12, 9, 3, 1, 4, 2.70, NULL, '2026-04-24 19:04:52', '2026-04-24 19:04:52'),
(457, 12, 10, 3, 1, 1, 4.60, NULL, '2026-04-24 19:04:52', '2026-04-24 19:04:52'),
(458, 12, 10, 3, 1, 2, 5.00, NULL, '2026-04-24 19:04:52', '2026-04-24 19:04:52'),
(459, 12, 10, 3, 1, 3, 4.00, NULL, '2026-04-24 19:04:52', '2026-04-24 19:04:52'),
(460, 12, 10, 3, 1, 4, 3.40, NULL, '2026-04-24 19:04:52', '2026-04-24 19:04:52'),
(461, 12, 11, 3, 1, 1, 8.40, NULL, '2026-04-24 19:04:52', '2026-04-24 19:04:52'),
(462, 12, 11, 3, 1, 2, 4.20, NULL, '2026-04-24 19:04:52', '2026-04-24 19:04:52'),
(463, 12, 11, 3, 1, 3, 2.00, NULL, '2026-04-24 19:04:52', '2026-04-24 19:04:52'),
(464, 12, 11, 3, 1, 4, 4.70, NULL, '2026-04-24 19:04:52', '2026-04-24 19:04:52'),
(465, 12, 15, 3, 1, 1, 7.80, NULL, '2026-04-24 19:04:52', '2026-04-24 19:04:52'),
(466, 12, 15, 3, 1, 2, 7.80, NULL, '2026-04-24 19:04:52', '2026-04-24 19:04:52'),
(467, 12, 15, 3, 1, 3, 3.00, NULL, '2026-04-24 19:04:52', '2026-04-24 19:04:52'),
(468, 12, 15, 3, 1, 4, 4.70, NULL, '2026-04-24 19:04:52', '2026-04-24 19:04:52'),
(469, 12, 23, 3, 1, 1, 8.30, NULL, '2026-04-24 19:04:52', '2026-04-24 19:04:52'),
(470, 12, 23, 3, 1, 2, 5.70, NULL, '2026-04-24 19:04:52', '2026-04-24 19:04:52'),
(471, 12, 23, 3, 1, 3, 4.10, NULL, '2026-04-24 19:04:52', '2026-04-24 19:04:52'),
(472, 12, 23, 3, 1, 4, 2.60, NULL, '2026-04-24 19:04:52', '2026-04-24 19:04:52'),
(473, 12, 25, 3, 1, 1, 5.90, NULL, '2026-04-24 19:04:52', '2026-04-24 19:04:52'),
(474, 12, 25, 3, 1, 2, 6.80, NULL, '2026-04-24 19:04:52', '2026-04-24 19:04:52'),
(475, 12, 25, 3, 1, 3, 4.50, NULL, '2026-04-24 19:04:52', '2026-04-24 19:04:52'),
(476, 12, 25, 3, 1, 4, 2.50, NULL, '2026-04-24 19:04:52', '2026-04-24 19:04:52'),
(477, 12, 28, 3, 1, 1, 6.60, NULL, '2026-04-24 19:04:52', '2026-04-24 19:04:52'),
(478, 12, 28, 3, 1, 2, 4.40, NULL, '2026-04-24 19:04:52', '2026-04-24 19:04:52'),
(479, 12, 28, 3, 1, 3, 3.60, NULL, '2026-04-24 19:04:52', '2026-04-24 19:04:52'),
(480, 12, 28, 3, 1, 4, 4.20, NULL, '2026-04-24 19:04:52', '2026-04-24 19:04:52'),
(481, 13, 1, 3, 1, 1, 4.50, NULL, '2026-04-24 19:04:52', '2026-04-24 19:04:52'),
(482, 13, 1, 3, 1, 2, 7.10, NULL, '2026-04-24 19:04:52', '2026-04-24 19:04:52'),
(483, 13, 1, 3, 1, 3, 3.00, NULL, '2026-04-24 19:04:52', '2026-04-24 19:04:52'),
(484, 13, 1, 3, 1, 4, 2.40, NULL, '2026-04-24 19:04:52', '2026-04-24 19:04:52'),
(485, 13, 2, 3, 1, 1, 5.10, NULL, '2026-04-24 19:04:52', '2026-04-24 19:04:52'),
(486, 13, 2, 3, 1, 2, 7.30, NULL, '2026-04-24 19:04:52', '2026-04-24 19:04:52'),
(487, 13, 2, 3, 1, 3, 4.10, NULL, '2026-04-24 19:04:52', '2026-04-24 19:04:52'),
(488, 13, 2, 3, 1, 4, 2.70, NULL, '2026-04-24 19:04:52', '2026-04-24 19:04:52'),
(489, 13, 8, 3, 1, 1, 5.20, NULL, '2026-04-24 19:04:52', '2026-04-24 19:04:52'),
(490, 13, 8, 3, 1, 2, 8.80, NULL, '2026-04-24 19:04:52', '2026-04-24 19:04:52'),
(491, 13, 8, 3, 1, 3, 4.60, NULL, '2026-04-24 19:04:52', '2026-04-24 19:04:52'),
(492, 13, 8, 3, 1, 4, 3.80, NULL, '2026-04-24 19:04:52', '2026-04-24 19:04:52'),
(493, 13, 9, 3, 1, 1, 4.60, NULL, '2026-04-24 19:04:52', '2026-04-24 19:04:52'),
(494, 13, 9, 3, 1, 2, 4.50, NULL, '2026-04-24 19:04:52', '2026-04-24 19:04:52'),
(495, 13, 9, 3, 1, 3, 3.10, NULL, '2026-04-24 19:04:52', '2026-04-24 19:04:52'),
(496, 13, 9, 3, 1, 4, 3.10, NULL, '2026-04-24 19:04:52', '2026-04-24 19:04:52'),
(497, 13, 10, 3, 1, 1, 5.80, NULL, '2026-04-24 19:04:52', '2026-04-24 19:04:52'),
(498, 13, 10, 3, 1, 2, 4.70, NULL, '2026-04-24 19:04:52', '2026-04-24 19:04:52'),
(499, 13, 10, 3, 1, 3, 2.40, NULL, '2026-04-24 19:04:52', '2026-04-24 19:04:52'),
(500, 13, 10, 3, 1, 4, 3.00, NULL, '2026-04-24 19:04:52', '2026-04-24 19:04:52'),
(501, 13, 11, 3, 1, 1, 8.50, NULL, '2026-04-24 19:04:52', '2026-04-24 19:04:52'),
(502, 13, 11, 3, 1, 2, 6.70, NULL, '2026-04-24 19:04:52', '2026-04-24 19:04:52'),
(503, 13, 11, 3, 1, 3, 3.30, NULL, '2026-04-24 19:04:52', '2026-04-24 19:04:52'),
(504, 13, 11, 3, 1, 4, 2.20, NULL, '2026-04-24 19:04:52', '2026-04-24 19:04:52'),
(505, 13, 15, 3, 1, 1, 4.60, NULL, '2026-04-24 19:04:52', '2026-04-24 19:04:52'),
(506, 13, 15, 3, 1, 2, 4.30, NULL, '2026-04-24 19:04:52', '2026-04-24 19:04:52'),
(507, 13, 15, 3, 1, 3, 4.70, NULL, '2026-04-24 19:04:52', '2026-04-24 19:04:52'),
(508, 13, 15, 3, 1, 4, 3.20, NULL, '2026-04-24 19:04:52', '2026-04-24 19:04:52'),
(509, 13, 23, 3, 1, 1, 7.90, NULL, '2026-04-24 19:04:52', '2026-04-24 19:04:52'),
(510, 13, 23, 3, 1, 2, 4.30, NULL, '2026-04-24 19:04:52', '2026-04-24 19:04:52'),
(511, 13, 23, 3, 1, 3, 3.90, NULL, '2026-04-24 19:04:52', '2026-04-24 19:04:52'),
(512, 13, 23, 3, 1, 4, 4.00, NULL, '2026-04-24 19:04:52', '2026-04-24 19:04:52'),
(513, 13, 25, 3, 1, 1, 5.80, NULL, '2026-04-24 19:04:52', '2026-04-24 19:04:52'),
(514, 13, 25, 3, 1, 2, 4.70, NULL, '2026-04-24 19:04:52', '2026-04-24 19:04:52'),
(515, 13, 25, 3, 1, 3, 3.00, NULL, '2026-04-24 19:04:52', '2026-04-24 19:04:52'),
(516, 13, 25, 3, 1, 4, 2.40, NULL, '2026-04-24 19:04:52', '2026-04-24 19:04:52'),
(517, 13, 28, 3, 1, 1, 6.40, NULL, '2026-04-24 19:04:52', '2026-04-24 19:04:52'),
(518, 13, 28, 3, 1, 2, 6.70, NULL, '2026-04-24 19:04:52', '2026-04-24 19:04:52'),
(519, 13, 28, 3, 1, 3, 4.70, NULL, '2026-04-24 19:04:52', '2026-04-24 19:04:52'),
(520, 13, 28, 3, 1, 4, 2.50, NULL, '2026-04-24 19:04:52', '2026-04-24 19:04:52'),
(521, 14, 1, 3, 1, 1, 8.40, NULL, '2026-04-24 19:04:52', '2026-04-24 19:04:52'),
(522, 14, 1, 3, 1, 2, 6.40, NULL, '2026-04-24 19:04:52', '2026-04-24 19:04:52'),
(523, 14, 1, 3, 1, 3, 2.40, NULL, '2026-04-24 19:04:52', '2026-04-24 19:04:52'),
(524, 14, 1, 3, 1, 4, 2.60, NULL, '2026-04-24 19:04:52', '2026-04-24 19:04:52'),
(525, 14, 2, 3, 1, 1, 4.40, NULL, '2026-04-24 19:04:52', '2026-04-24 19:04:52'),
(526, 14, 2, 3, 1, 2, 4.60, NULL, '2026-04-24 19:04:52', '2026-04-24 19:04:52'),
(527, 14, 2, 3, 1, 3, 2.40, NULL, '2026-04-24 19:04:52', '2026-04-24 19:04:52'),
(528, 14, 2, 3, 1, 4, 3.30, NULL, '2026-04-24 19:04:52', '2026-04-24 19:04:52'),
(529, 14, 8, 3, 1, 1, 6.90, NULL, '2026-04-24 19:04:52', '2026-04-24 19:04:52'),
(530, 14, 8, 3, 1, 2, 7.00, NULL, '2026-04-24 19:04:52', '2026-04-24 19:04:52'),
(531, 14, 8, 3, 1, 3, 4.60, NULL, '2026-04-24 19:04:52', '2026-04-24 19:04:52'),
(532, 14, 8, 3, 1, 4, 3.20, NULL, '2026-04-24 19:04:52', '2026-04-24 19:04:52'),
(533, 14, 9, 3, 1, 1, 4.90, NULL, '2026-04-24 19:04:52', '2026-04-24 19:04:52'),
(534, 14, 9, 3, 1, 2, 4.30, NULL, '2026-04-24 19:04:52', '2026-04-24 19:04:52'),
(535, 14, 9, 3, 1, 3, 4.00, NULL, '2026-04-24 19:04:52', '2026-04-24 19:04:52'),
(536, 14, 9, 3, 1, 4, 2.40, NULL, '2026-04-24 19:04:52', '2026-04-24 19:04:52'),
(537, 14, 10, 3, 1, 1, 4.60, NULL, '2026-04-24 19:04:52', '2026-04-24 19:04:52'),
(538, 14, 10, 3, 1, 2, 7.30, NULL, '2026-04-24 19:04:52', '2026-04-24 19:04:52'),
(539, 14, 10, 3, 1, 3, 4.20, NULL, '2026-04-24 19:04:52', '2026-04-24 19:04:52'),
(540, 14, 10, 3, 1, 4, 3.90, NULL, '2026-04-24 19:04:52', '2026-04-24 19:04:52'),
(541, 14, 11, 3, 1, 1, 9.30, NULL, '2026-04-24 19:04:52', '2026-04-24 19:04:52'),
(542, 14, 11, 3, 1, 2, 7.90, NULL, '2026-04-24 19:04:52', '2026-04-24 19:04:52'),
(543, 14, 11, 3, 1, 3, 2.90, NULL, '2026-04-24 19:04:52', '2026-04-24 19:04:52'),
(544, 14, 11, 3, 1, 4, 3.30, NULL, '2026-04-24 19:04:52', '2026-04-24 19:04:52'),
(545, 14, 15, 3, 1, 1, 4.80, NULL, '2026-04-24 19:04:52', '2026-04-24 19:04:52'),
(546, 14, 15, 3, 1, 2, 7.30, NULL, '2026-04-24 19:04:52', '2026-04-24 19:04:52'),
(547, 14, 15, 3, 1, 3, 2.20, NULL, '2026-04-24 19:04:52', '2026-04-24 19:04:52'),
(548, 14, 15, 3, 1, 4, 2.60, NULL, '2026-04-24 19:04:52', '2026-04-24 19:04:52'),
(549, 14, 23, 3, 1, 1, 4.90, NULL, '2026-04-24 19:04:52', '2026-04-24 19:04:52'),
(550, 14, 23, 3, 1, 2, 8.60, NULL, '2026-04-24 19:04:52', '2026-04-24 19:04:52'),
(551, 14, 23, 3, 1, 3, 3.90, NULL, '2026-04-24 19:04:52', '2026-04-24 19:04:52'),
(552, 14, 23, 3, 1, 4, 3.30, NULL, '2026-04-24 19:04:52', '2026-04-24 19:04:52'),
(553, 14, 25, 3, 1, 1, 5.40, NULL, '2026-04-24 19:04:52', '2026-04-24 19:04:52'),
(554, 14, 25, 3, 1, 2, 8.00, NULL, '2026-04-24 19:04:52', '2026-04-24 19:04:52'),
(555, 14, 25, 3, 1, 3, 4.00, NULL, '2026-04-24 19:04:52', '2026-04-24 19:04:52'),
(556, 14, 25, 3, 1, 4, 3.50, NULL, '2026-04-24 19:04:52', '2026-04-24 19:04:52'),
(557, 14, 28, 3, 1, 1, 7.00, NULL, '2026-04-24 19:04:52', '2026-04-24 19:04:52'),
(558, 14, 28, 3, 1, 2, 7.00, NULL, '2026-04-24 19:04:52', '2026-04-24 19:04:52'),
(559, 14, 28, 3, 1, 3, 2.30, NULL, '2026-04-24 19:04:52', '2026-04-24 19:04:52'),
(560, 14, 28, 3, 1, 4, 2.50, NULL, '2026-04-24 19:04:52', '2026-04-24 19:04:52'),
(561, 15, 1, 3, 1, 1, 6.60, NULL, '2026-04-24 19:04:52', '2026-04-24 19:04:52'),
(562, 15, 1, 3, 1, 2, 7.90, NULL, '2026-04-24 19:04:52', '2026-04-24 19:04:52'),
(563, 15, 1, 3, 1, 3, 3.30, NULL, '2026-04-24 19:04:52', '2026-04-24 19:04:52'),
(564, 15, 1, 3, 1, 4, 3.20, NULL, '2026-04-24 19:04:52', '2026-04-24 19:04:52'),
(565, 15, 2, 3, 1, 1, 9.40, NULL, '2026-04-24 19:04:52', '2026-04-24 19:04:52'),
(566, 15, 2, 3, 1, 2, 5.50, NULL, '2026-04-24 19:04:52', '2026-04-24 19:04:52'),
(567, 15, 2, 3, 1, 3, 2.70, NULL, '2026-04-24 19:04:52', '2026-04-24 19:04:52'),
(568, 15, 2, 3, 1, 4, 3.40, NULL, '2026-04-24 19:04:52', '2026-04-24 19:04:52'),
(569, 15, 8, 3, 1, 1, 4.10, NULL, '2026-04-24 19:04:52', '2026-04-24 19:04:52'),
(570, 15, 8, 3, 1, 2, 9.50, NULL, '2026-04-24 19:04:52', '2026-04-24 19:04:52'),
(571, 15, 8, 3, 1, 3, 2.40, NULL, '2026-04-24 19:04:52', '2026-04-24 19:04:52'),
(572, 15, 8, 3, 1, 4, 2.40, NULL, '2026-04-24 19:04:52', '2026-04-24 19:04:52'),
(573, 15, 9, 3, 1, 1, 8.90, NULL, '2026-04-24 19:04:52', '2026-04-24 19:04:52'),
(574, 15, 9, 3, 1, 2, 5.20, NULL, '2026-04-24 19:04:52', '2026-04-24 19:04:52'),
(575, 15, 9, 3, 1, 3, 4.70, NULL, '2026-04-24 19:04:52', '2026-04-24 19:04:52'),
(576, 15, 9, 3, 1, 4, 3.10, NULL, '2026-04-24 19:04:52', '2026-04-24 19:04:52'),
(577, 15, 10, 3, 1, 1, 8.10, NULL, '2026-04-24 19:04:52', '2026-04-24 19:04:52'),
(578, 15, 10, 3, 1, 2, 6.30, NULL, '2026-04-24 19:04:52', '2026-04-24 19:04:52'),
(579, 15, 10, 3, 1, 3, 4.60, NULL, '2026-04-24 19:04:52', '2026-04-24 19:04:52'),
(580, 15, 10, 3, 1, 4, 3.30, NULL, '2026-04-24 19:04:52', '2026-04-24 19:04:52'),
(581, 15, 11, 3, 1, 1, 9.00, NULL, '2026-04-24 19:04:52', '2026-04-24 19:04:52'),
(582, 15, 11, 3, 1, 2, 9.10, NULL, '2026-04-24 19:04:52', '2026-04-24 19:04:52'),
(583, 15, 11, 3, 1, 3, 2.30, NULL, '2026-04-24 19:04:52', '2026-04-24 19:04:52'),
(584, 15, 11, 3, 1, 4, 2.80, NULL, '2026-04-24 19:04:52', '2026-04-24 19:04:52'),
(585, 15, 15, 3, 1, 1, 4.40, NULL, '2026-04-24 19:04:52', '2026-04-24 19:04:52'),
(586, 15, 15, 3, 1, 2, 7.50, NULL, '2026-04-24 19:04:52', '2026-04-24 19:04:52'),
(587, 15, 15, 3, 1, 3, 4.20, NULL, '2026-04-24 19:04:52', '2026-04-24 19:04:52'),
(588, 15, 15, 3, 1, 4, 2.60, NULL, '2026-04-24 19:04:52', '2026-04-24 19:04:52'),
(589, 15, 23, 3, 1, 1, 5.40, NULL, '2026-04-24 19:04:52', '2026-04-24 19:04:52'),
(590, 15, 23, 3, 1, 2, 6.30, NULL, '2026-04-24 19:04:52', '2026-04-24 19:04:52'),
(591, 15, 23, 3, 1, 3, 3.70, NULL, '2026-04-24 19:04:52', '2026-04-24 19:04:52'),
(592, 15, 23, 3, 1, 4, 4.70, NULL, '2026-04-24 19:04:52', '2026-04-24 19:04:52'),
(593, 15, 25, 3, 1, 1, 8.10, NULL, '2026-04-24 19:04:52', '2026-04-24 19:04:52'),
(594, 15, 25, 3, 1, 2, 7.70, NULL, '2026-04-24 19:04:52', '2026-04-24 19:04:52'),
(595, 15, 25, 3, 1, 3, 2.50, NULL, '2026-04-24 19:04:52', '2026-04-24 19:04:52'),
(596, 15, 25, 3, 1, 4, 3.30, NULL, '2026-04-24 19:04:52', '2026-04-24 19:04:52'),
(597, 15, 28, 3, 1, 1, 6.20, NULL, '2026-04-24 19:04:52', '2026-04-24 19:04:52'),
(598, 15, 28, 3, 1, 2, 7.00, NULL, '2026-04-24 19:04:52', '2026-04-24 19:04:52'),
(599, 15, 28, 3, 1, 3, 3.10, NULL, '2026-04-24 19:04:52', '2026-04-24 19:04:52'),
(600, 15, 28, 3, 1, 4, 2.10, NULL, '2026-04-24 19:04:52', '2026-04-24 19:04:52'),
(601, 16, 1, 4, 1, 1, 8.90, NULL, '2026-04-24 19:04:52', '2026-04-24 19:04:52'),
(602, 16, 1, 4, 1, 2, 8.10, NULL, '2026-04-24 19:04:52', '2026-04-24 19:04:52'),
(603, 16, 1, 4, 1, 3, 3.30, NULL, '2026-04-24 19:04:52', '2026-04-24 19:04:52'),
(604, 16, 1, 4, 1, 4, 2.90, NULL, '2026-04-24 19:04:52', '2026-04-24 19:04:52'),
(605, 16, 2, 4, 1, 1, 6.40, NULL, '2026-04-24 19:04:52', '2026-04-24 19:04:52'),
(606, 16, 2, 4, 1, 2, 6.50, NULL, '2026-04-24 19:04:52', '2026-04-24 19:04:52'),
(607, 16, 2, 4, 1, 3, 4.10, NULL, '2026-04-24 19:04:52', '2026-04-24 19:04:52'),
(608, 16, 2, 4, 1, 4, 3.30, NULL, '2026-04-24 19:04:52', '2026-04-24 19:04:52'),
(609, 16, 8, 4, 1, 1, 7.50, NULL, '2026-04-24 19:04:52', '2026-04-24 19:04:52'),
(610, 16, 8, 4, 1, 2, 8.70, NULL, '2026-04-24 19:04:52', '2026-04-24 19:04:52'),
(611, 16, 8, 4, 1, 3, 4.50, NULL, '2026-04-24 19:04:52', '2026-04-24 19:04:52'),
(612, 16, 8, 4, 1, 4, 3.60, NULL, '2026-04-24 19:04:52', '2026-04-24 19:04:52'),
(613, 16, 9, 4, 1, 1, 6.40, NULL, '2026-04-24 19:04:52', '2026-04-24 19:04:52'),
(614, 16, 9, 4, 1, 2, 7.80, NULL, '2026-04-24 19:04:52', '2026-04-24 19:04:52'),
(615, 16, 9, 4, 1, 3, 3.60, NULL, '2026-04-24 19:04:52', '2026-04-24 19:04:52'),
(616, 16, 9, 4, 1, 4, 2.60, NULL, '2026-04-24 19:04:52', '2026-04-24 19:04:52'),
(617, 16, 10, 4, 1, 1, 5.20, NULL, '2026-04-24 19:04:52', '2026-04-24 19:04:52'),
(618, 16, 10, 4, 1, 2, 7.80, NULL, '2026-04-24 19:04:52', '2026-04-24 19:04:52'),
(619, 16, 10, 4, 1, 3, 4.20, NULL, '2026-04-24 19:04:52', '2026-04-24 19:04:52'),
(620, 16, 10, 4, 1, 4, 4.30, NULL, '2026-04-24 19:04:52', '2026-04-24 19:04:52'),
(621, 16, 11, 4, 1, 1, 5.80, NULL, '2026-04-24 19:04:52', '2026-04-24 19:04:52'),
(622, 16, 11, 4, 1, 2, 7.20, NULL, '2026-04-24 19:04:52', '2026-04-24 19:04:52'),
(623, 16, 11, 4, 1, 3, 3.60, NULL, '2026-04-24 19:04:52', '2026-04-24 19:04:52'),
(624, 16, 11, 4, 1, 4, 3.10, NULL, '2026-04-24 19:04:52', '2026-04-24 19:04:52'),
(625, 16, 15, 4, 1, 1, 7.60, NULL, '2026-04-24 19:04:52', '2026-04-24 19:04:52'),
(626, 16, 15, 4, 1, 2, 8.90, NULL, '2026-04-24 19:04:52', '2026-04-24 19:04:52'),
(627, 16, 15, 4, 1, 3, 4.40, NULL, '2026-04-24 19:04:52', '2026-04-24 19:04:52'),
(628, 16, 15, 4, 1, 4, 2.40, NULL, '2026-04-24 19:04:52', '2026-04-24 19:04:52'),
(629, 16, 23, 4, 1, 1, 8.30, NULL, '2026-04-24 19:04:52', '2026-04-24 19:04:52'),
(630, 16, 23, 4, 1, 2, 7.00, NULL, '2026-04-24 19:04:52', '2026-04-24 19:04:52'),
(631, 16, 23, 4, 1, 3, 3.00, NULL, '2026-04-24 19:04:52', '2026-04-24 19:04:52'),
(632, 16, 23, 4, 1, 4, 3.70, NULL, '2026-04-24 19:04:52', '2026-04-24 19:04:52');
INSERT INTO `ca_scores` (`id`, `student_id`, `subject_id`, `class_arm_id`, `term_id`, `ca_config_id`, `score`, `recorded_by`, `created_at`, `updated_at`) VALUES
(633, 16, 25, 4, 1, 1, 8.50, NULL, '2026-04-24 19:04:52', '2026-04-24 19:04:52'),
(634, 16, 25, 4, 1, 2, 9.20, NULL, '2026-04-24 19:04:52', '2026-04-24 19:04:52'),
(635, 16, 25, 4, 1, 3, 4.60, NULL, '2026-04-24 19:04:52', '2026-04-24 19:04:52'),
(636, 16, 25, 4, 1, 4, 2.20, NULL, '2026-04-24 19:04:52', '2026-04-24 19:04:52'),
(637, 16, 28, 4, 1, 1, 8.60, NULL, '2026-04-24 19:04:52', '2026-04-24 19:04:52'),
(638, 16, 28, 4, 1, 2, 4.60, NULL, '2026-04-24 19:04:52', '2026-04-24 19:04:52'),
(639, 16, 28, 4, 1, 3, 2.40, NULL, '2026-04-24 19:04:52', '2026-04-24 19:04:52'),
(640, 16, 28, 4, 1, 4, 3.80, NULL, '2026-04-24 19:04:52', '2026-04-24 19:04:52'),
(641, 17, 1, 4, 1, 1, 7.90, NULL, '2026-04-24 19:04:52', '2026-04-24 19:04:52'),
(642, 17, 1, 4, 1, 2, 7.50, NULL, '2026-04-24 19:04:52', '2026-04-24 19:04:52'),
(643, 17, 1, 4, 1, 3, 2.10, NULL, '2026-04-24 19:04:52', '2026-04-24 19:04:52'),
(644, 17, 1, 4, 1, 4, 2.10, NULL, '2026-04-24 19:04:52', '2026-04-24 19:04:52'),
(645, 17, 2, 4, 1, 1, 6.20, NULL, '2026-04-24 19:04:52', '2026-04-24 19:04:52'),
(646, 17, 2, 4, 1, 2, 8.20, NULL, '2026-04-24 19:04:52', '2026-04-24 19:04:52'),
(647, 17, 2, 4, 1, 3, 2.00, NULL, '2026-04-24 19:04:52', '2026-04-24 19:04:52'),
(648, 17, 2, 4, 1, 4, 2.70, NULL, '2026-04-24 19:04:52', '2026-04-24 19:04:52'),
(649, 17, 8, 4, 1, 1, 8.20, NULL, '2026-04-24 19:04:52', '2026-04-24 19:04:52'),
(650, 17, 8, 4, 1, 2, 5.50, NULL, '2026-04-24 19:04:52', '2026-04-24 19:04:52'),
(651, 17, 8, 4, 1, 3, 2.30, NULL, '2026-04-24 19:04:52', '2026-04-24 19:04:52'),
(652, 17, 8, 4, 1, 4, 3.90, NULL, '2026-04-24 19:04:52', '2026-04-24 19:04:52'),
(653, 17, 9, 4, 1, 1, 5.10, NULL, '2026-04-24 19:04:52', '2026-04-24 19:04:52'),
(654, 17, 9, 4, 1, 2, 8.10, NULL, '2026-04-24 19:04:52', '2026-04-24 19:04:52'),
(655, 17, 9, 4, 1, 3, 2.30, NULL, '2026-04-24 19:04:52', '2026-04-24 19:04:52'),
(656, 17, 9, 4, 1, 4, 3.50, NULL, '2026-04-24 19:04:52', '2026-04-24 19:04:52'),
(657, 17, 10, 4, 1, 1, 5.10, NULL, '2026-04-24 19:04:52', '2026-04-24 19:04:52'),
(658, 17, 10, 4, 1, 2, 4.10, NULL, '2026-04-24 19:04:52', '2026-04-24 19:04:52'),
(659, 17, 10, 4, 1, 3, 2.50, NULL, '2026-04-24 19:04:52', '2026-04-24 19:04:52'),
(660, 17, 10, 4, 1, 4, 3.00, NULL, '2026-04-24 19:04:52', '2026-04-24 19:04:52'),
(661, 17, 11, 4, 1, 1, 4.20, NULL, '2026-04-24 19:04:52', '2026-04-24 19:04:52'),
(662, 17, 11, 4, 1, 2, 7.40, NULL, '2026-04-24 19:04:52', '2026-04-24 19:04:52'),
(663, 17, 11, 4, 1, 3, 2.30, NULL, '2026-04-24 19:04:52', '2026-04-24 19:04:52'),
(664, 17, 11, 4, 1, 4, 3.40, NULL, '2026-04-24 19:04:52', '2026-04-24 19:04:52'),
(665, 17, 15, 4, 1, 1, 4.80, NULL, '2026-04-24 19:04:52', '2026-04-24 19:04:52'),
(666, 17, 15, 4, 1, 2, 7.50, NULL, '2026-04-24 19:04:52', '2026-04-24 19:04:52'),
(667, 17, 15, 4, 1, 3, 2.20, NULL, '2026-04-24 19:04:52', '2026-04-24 19:04:52'),
(668, 17, 15, 4, 1, 4, 2.70, NULL, '2026-04-24 19:04:52', '2026-04-24 19:04:52'),
(669, 17, 23, 4, 1, 1, 8.40, NULL, '2026-04-24 19:04:52', '2026-04-24 19:04:52'),
(670, 17, 23, 4, 1, 2, 5.90, NULL, '2026-04-24 19:04:52', '2026-04-24 19:04:52'),
(671, 17, 23, 4, 1, 3, 4.00, NULL, '2026-04-24 19:04:52', '2026-04-24 19:04:52'),
(672, 17, 23, 4, 1, 4, 2.50, NULL, '2026-04-24 19:04:52', '2026-04-24 19:04:52'),
(673, 17, 25, 4, 1, 1, 5.10, NULL, '2026-04-24 19:04:52', '2026-04-24 19:04:52'),
(674, 17, 25, 4, 1, 2, 5.90, NULL, '2026-04-24 19:04:52', '2026-04-24 19:04:52'),
(675, 17, 25, 4, 1, 3, 2.10, NULL, '2026-04-24 19:04:52', '2026-04-24 19:04:52'),
(676, 17, 25, 4, 1, 4, 3.80, NULL, '2026-04-24 19:04:52', '2026-04-24 19:04:52'),
(677, 17, 28, 4, 1, 1, 4.30, NULL, '2026-04-24 19:04:52', '2026-04-24 19:04:52'),
(678, 17, 28, 4, 1, 2, 9.20, NULL, '2026-04-24 19:04:52', '2026-04-24 19:04:52'),
(679, 17, 28, 4, 1, 3, 2.30, NULL, '2026-04-24 19:04:52', '2026-04-24 19:04:52'),
(680, 17, 28, 4, 1, 4, 2.30, NULL, '2026-04-24 19:04:52', '2026-04-24 19:04:52'),
(681, 18, 1, 4, 1, 1, 6.40, NULL, '2026-04-24 19:04:52', '2026-04-24 19:04:52'),
(682, 18, 1, 4, 1, 2, 5.80, NULL, '2026-04-24 19:04:52', '2026-04-24 19:04:52'),
(683, 18, 1, 4, 1, 3, 2.20, NULL, '2026-04-24 19:04:52', '2026-04-24 19:04:52'),
(684, 18, 1, 4, 1, 4, 3.90, NULL, '2026-04-24 19:04:52', '2026-04-24 19:04:52'),
(685, 18, 2, 4, 1, 1, 4.30, NULL, '2026-04-24 19:04:52', '2026-04-24 19:04:52'),
(686, 18, 2, 4, 1, 2, 7.90, NULL, '2026-04-24 19:04:52', '2026-04-24 19:04:52'),
(687, 18, 2, 4, 1, 3, 3.10, NULL, '2026-04-24 19:04:52', '2026-04-24 19:04:52'),
(688, 18, 2, 4, 1, 4, 2.30, NULL, '2026-04-24 19:04:52', '2026-04-24 19:04:52'),
(689, 18, 8, 4, 1, 1, 8.60, NULL, '2026-04-24 19:04:52', '2026-04-24 19:04:52'),
(690, 18, 8, 4, 1, 2, 5.10, NULL, '2026-04-24 19:04:52', '2026-04-24 19:04:52'),
(691, 18, 8, 4, 1, 3, 2.50, NULL, '2026-04-24 19:04:52', '2026-04-24 19:04:52'),
(692, 18, 8, 4, 1, 4, 4.00, NULL, '2026-04-24 19:04:52', '2026-04-24 19:04:52'),
(693, 18, 9, 4, 1, 1, 8.90, NULL, '2026-04-24 19:04:52', '2026-04-24 19:04:52'),
(694, 18, 9, 4, 1, 2, 7.00, NULL, '2026-04-24 19:04:52', '2026-04-24 19:04:52'),
(695, 18, 9, 4, 1, 3, 3.30, NULL, '2026-04-24 19:04:52', '2026-04-24 19:04:52'),
(696, 18, 9, 4, 1, 4, 2.20, NULL, '2026-04-24 19:04:52', '2026-04-24 19:04:52'),
(697, 18, 10, 4, 1, 1, 6.80, NULL, '2026-04-24 19:04:52', '2026-04-24 19:04:52'),
(698, 18, 10, 4, 1, 2, 6.90, NULL, '2026-04-24 19:04:52', '2026-04-24 19:04:52'),
(699, 18, 10, 4, 1, 3, 2.30, NULL, '2026-04-24 19:04:52', '2026-04-24 19:04:52'),
(700, 18, 10, 4, 1, 4, 2.80, NULL, '2026-04-24 19:04:52', '2026-04-24 19:04:52'),
(701, 18, 11, 4, 1, 1, 6.50, NULL, '2026-04-24 19:04:52', '2026-04-24 19:04:52'),
(702, 18, 11, 4, 1, 2, 5.00, NULL, '2026-04-24 19:04:52', '2026-04-24 19:04:52'),
(703, 18, 11, 4, 1, 3, 2.10, NULL, '2026-04-24 19:04:52', '2026-04-24 19:04:52'),
(704, 18, 11, 4, 1, 4, 2.80, NULL, '2026-04-24 19:04:52', '2026-04-24 19:04:52'),
(705, 18, 15, 4, 1, 1, 7.30, NULL, '2026-04-24 19:04:52', '2026-04-24 19:04:52'),
(706, 18, 15, 4, 1, 2, 4.20, NULL, '2026-04-24 19:04:52', '2026-04-24 19:04:52'),
(707, 18, 15, 4, 1, 3, 2.40, NULL, '2026-04-24 19:04:52', '2026-04-24 19:04:52'),
(708, 18, 15, 4, 1, 4, 2.10, NULL, '2026-04-24 19:04:52', '2026-04-24 19:04:52'),
(709, 18, 23, 4, 1, 1, 4.20, NULL, '2026-04-24 19:04:52', '2026-04-24 19:04:52'),
(710, 18, 23, 4, 1, 2, 5.00, NULL, '2026-04-24 19:04:52', '2026-04-24 19:04:52'),
(711, 18, 23, 4, 1, 3, 4.40, NULL, '2026-04-24 19:04:52', '2026-04-24 19:04:52'),
(712, 18, 23, 4, 1, 4, 2.60, NULL, '2026-04-24 19:04:52', '2026-04-24 19:04:52'),
(713, 18, 25, 4, 1, 1, 7.60, NULL, '2026-04-24 19:04:52', '2026-04-24 19:04:52'),
(714, 18, 25, 4, 1, 2, 4.50, NULL, '2026-04-24 19:04:52', '2026-04-24 19:04:52'),
(715, 18, 25, 4, 1, 3, 3.90, NULL, '2026-04-24 19:04:52', '2026-04-24 19:04:52'),
(716, 18, 25, 4, 1, 4, 2.40, NULL, '2026-04-24 19:04:52', '2026-04-24 19:04:52'),
(717, 18, 28, 4, 1, 1, 6.10, NULL, '2026-04-24 19:04:52', '2026-04-24 19:04:52'),
(718, 18, 28, 4, 1, 2, 6.20, NULL, '2026-04-24 19:04:52', '2026-04-24 19:04:52'),
(719, 18, 28, 4, 1, 3, 2.90, NULL, '2026-04-24 19:04:52', '2026-04-24 19:04:52'),
(720, 18, 28, 4, 1, 4, 4.30, NULL, '2026-04-24 19:04:52', '2026-04-24 19:04:52'),
(721, 19, 1, 4, 1, 1, 4.90, NULL, '2026-04-24 19:04:52', '2026-04-24 19:04:52'),
(722, 19, 1, 4, 1, 2, 4.00, NULL, '2026-04-24 19:04:52', '2026-04-24 19:04:52'),
(723, 19, 1, 4, 1, 3, 2.10, NULL, '2026-04-24 19:04:52', '2026-04-24 19:04:52'),
(724, 19, 1, 4, 1, 4, 3.50, NULL, '2026-04-24 19:04:52', '2026-04-24 19:04:52'),
(725, 19, 2, 4, 1, 1, 7.90, NULL, '2026-04-24 19:04:52', '2026-04-24 19:04:52'),
(726, 19, 2, 4, 1, 2, 4.60, NULL, '2026-04-24 19:04:52', '2026-04-24 19:04:52'),
(727, 19, 2, 4, 1, 3, 3.60, NULL, '2026-04-24 19:04:52', '2026-04-24 19:04:52'),
(728, 19, 2, 4, 1, 4, 3.30, NULL, '2026-04-24 19:04:52', '2026-04-24 19:04:52'),
(729, 19, 8, 4, 1, 1, 6.50, NULL, '2026-04-24 19:04:52', '2026-04-24 19:04:52'),
(730, 19, 8, 4, 1, 2, 5.10, NULL, '2026-04-24 19:04:52', '2026-04-24 19:04:52'),
(731, 19, 8, 4, 1, 3, 3.40, NULL, '2026-04-24 19:04:52', '2026-04-24 19:04:52'),
(732, 19, 8, 4, 1, 4, 4.00, NULL, '2026-04-24 19:04:52', '2026-04-24 19:04:52'),
(733, 19, 9, 4, 1, 1, 5.60, NULL, '2026-04-24 19:04:52', '2026-04-24 19:04:52'),
(734, 19, 9, 4, 1, 2, 9.00, NULL, '2026-04-24 19:04:52', '2026-04-24 19:04:52'),
(735, 19, 9, 4, 1, 3, 2.50, NULL, '2026-04-24 19:04:52', '2026-04-24 19:04:52'),
(736, 19, 9, 4, 1, 4, 4.60, NULL, '2026-04-24 19:04:52', '2026-04-24 19:04:52'),
(737, 19, 10, 4, 1, 1, 4.70, NULL, '2026-04-24 19:04:52', '2026-04-24 19:04:52'),
(738, 19, 10, 4, 1, 2, 4.80, NULL, '2026-04-24 19:04:52', '2026-04-24 19:04:52'),
(739, 19, 10, 4, 1, 3, 2.30, NULL, '2026-04-24 19:04:52', '2026-04-24 19:04:52'),
(740, 19, 10, 4, 1, 4, 4.30, NULL, '2026-04-24 19:04:52', '2026-04-24 19:04:52'),
(741, 19, 11, 4, 1, 1, 6.70, NULL, '2026-04-24 19:04:52', '2026-04-24 19:04:52'),
(742, 19, 11, 4, 1, 2, 5.70, NULL, '2026-04-24 19:04:52', '2026-04-24 19:04:52'),
(743, 19, 11, 4, 1, 3, 3.40, NULL, '2026-04-24 19:04:52', '2026-04-24 19:04:52'),
(744, 19, 11, 4, 1, 4, 4.20, NULL, '2026-04-24 19:04:52', '2026-04-24 19:04:52'),
(745, 19, 15, 4, 1, 1, 9.30, NULL, '2026-04-24 19:04:52', '2026-04-24 19:04:52'),
(746, 19, 15, 4, 1, 2, 8.20, NULL, '2026-04-24 19:04:52', '2026-04-24 19:04:52'),
(747, 19, 15, 4, 1, 3, 2.50, NULL, '2026-04-24 19:04:52', '2026-04-24 19:04:52'),
(748, 19, 15, 4, 1, 4, 3.50, NULL, '2026-04-24 19:04:52', '2026-04-24 19:04:52'),
(749, 19, 23, 4, 1, 1, 7.20, NULL, '2026-04-24 19:04:52', '2026-04-24 19:04:52'),
(750, 19, 23, 4, 1, 2, 6.00, NULL, '2026-04-24 19:04:52', '2026-04-24 19:04:52'),
(751, 19, 23, 4, 1, 3, 4.10, NULL, '2026-04-24 19:04:52', '2026-04-24 19:04:52'),
(752, 19, 23, 4, 1, 4, 4.70, NULL, '2026-04-24 19:04:52', '2026-04-24 19:04:52'),
(753, 19, 25, 4, 1, 1, 6.60, NULL, '2026-04-24 19:04:52', '2026-04-24 19:04:52'),
(754, 19, 25, 4, 1, 2, 5.10, NULL, '2026-04-24 19:04:52', '2026-04-24 19:04:52'),
(755, 19, 25, 4, 1, 3, 2.90, NULL, '2026-04-24 19:04:52', '2026-04-24 19:04:52'),
(756, 19, 25, 4, 1, 4, 3.10, NULL, '2026-04-24 19:04:52', '2026-04-24 19:04:52'),
(757, 19, 28, 4, 1, 1, 5.40, NULL, '2026-04-24 19:04:52', '2026-04-24 19:04:52'),
(758, 19, 28, 4, 1, 2, 7.30, NULL, '2026-04-24 19:04:52', '2026-04-24 19:04:52'),
(759, 19, 28, 4, 1, 3, 2.50, NULL, '2026-04-24 19:04:52', '2026-04-24 19:04:52'),
(760, 19, 28, 4, 1, 4, 2.50, NULL, '2026-04-24 19:04:52', '2026-04-24 19:04:52'),
(761, 20, 1, 4, 1, 1, 4.00, NULL, '2026-04-24 19:04:52', '2026-04-24 19:04:52'),
(762, 20, 1, 4, 1, 2, 7.70, NULL, '2026-04-24 19:04:52', '2026-04-24 19:04:52'),
(763, 20, 1, 4, 1, 3, 4.70, NULL, '2026-04-24 19:04:52', '2026-04-24 19:04:52'),
(764, 20, 1, 4, 1, 4, 3.40, NULL, '2026-04-24 19:04:52', '2026-04-24 19:04:52'),
(765, 20, 2, 4, 1, 1, 4.00, NULL, '2026-04-24 19:04:52', '2026-04-24 19:04:52'),
(766, 20, 2, 4, 1, 2, 5.30, NULL, '2026-04-24 19:04:52', '2026-04-24 19:04:52'),
(767, 20, 2, 4, 1, 3, 2.80, NULL, '2026-04-24 19:04:52', '2026-04-24 19:04:52'),
(768, 20, 2, 4, 1, 4, 2.10, NULL, '2026-04-24 19:04:52', '2026-04-24 19:04:52'),
(769, 20, 8, 4, 1, 1, 5.80, NULL, '2026-04-24 19:04:52', '2026-04-24 19:04:52'),
(770, 20, 8, 4, 1, 2, 8.80, NULL, '2026-04-24 19:04:52', '2026-04-24 19:04:52'),
(771, 20, 8, 4, 1, 3, 2.10, NULL, '2026-04-24 19:04:52', '2026-04-24 19:04:52'),
(772, 20, 8, 4, 1, 4, 3.50, NULL, '2026-04-24 19:04:52', '2026-04-24 19:04:52'),
(773, 20, 9, 4, 1, 1, 5.90, NULL, '2026-04-24 19:04:53', '2026-04-24 19:04:53'),
(774, 20, 9, 4, 1, 2, 7.90, NULL, '2026-04-24 19:04:53', '2026-04-24 19:04:53'),
(775, 20, 9, 4, 1, 3, 3.40, NULL, '2026-04-24 19:04:53', '2026-04-24 19:04:53'),
(776, 20, 9, 4, 1, 4, 3.10, NULL, '2026-04-24 19:04:53', '2026-04-24 19:04:53'),
(777, 20, 10, 4, 1, 1, 5.80, NULL, '2026-04-24 19:04:53', '2026-04-24 19:04:53'),
(778, 20, 10, 4, 1, 2, 8.10, NULL, '2026-04-24 19:04:53', '2026-04-24 19:04:53'),
(779, 20, 10, 4, 1, 3, 3.90, NULL, '2026-04-24 19:04:53', '2026-04-24 19:04:53'),
(780, 20, 10, 4, 1, 4, 3.10, NULL, '2026-04-24 19:04:53', '2026-04-24 19:04:53'),
(781, 20, 11, 4, 1, 1, 8.60, NULL, '2026-04-24 19:04:53', '2026-04-24 19:04:53'),
(782, 20, 11, 4, 1, 2, 7.20, NULL, '2026-04-24 19:04:53', '2026-04-24 19:04:53'),
(783, 20, 11, 4, 1, 3, 2.50, NULL, '2026-04-24 19:04:53', '2026-04-24 19:04:53'),
(784, 20, 11, 4, 1, 4, 2.50, NULL, '2026-04-24 19:04:53', '2026-04-24 19:04:53'),
(785, 20, 15, 4, 1, 1, 7.00, NULL, '2026-04-24 19:04:53', '2026-04-24 19:04:53'),
(786, 20, 15, 4, 1, 2, 8.10, NULL, '2026-04-24 19:04:53', '2026-04-24 19:04:53'),
(787, 20, 15, 4, 1, 3, 4.10, NULL, '2026-04-24 19:04:53', '2026-04-24 19:04:53'),
(788, 20, 15, 4, 1, 4, 3.80, NULL, '2026-04-24 19:04:53', '2026-04-24 19:04:53'),
(789, 20, 23, 4, 1, 1, 6.00, NULL, '2026-04-24 19:04:53', '2026-04-24 19:04:53'),
(790, 20, 23, 4, 1, 2, 5.00, NULL, '2026-04-24 19:04:53', '2026-04-24 19:04:53'),
(791, 20, 23, 4, 1, 3, 3.90, NULL, '2026-04-24 19:04:53', '2026-04-24 19:04:53'),
(792, 20, 23, 4, 1, 4, 2.20, NULL, '2026-04-24 19:04:53', '2026-04-24 19:04:53'),
(793, 20, 25, 4, 1, 1, 4.00, NULL, '2026-04-24 19:04:53', '2026-04-24 19:04:53'),
(794, 20, 25, 4, 1, 2, 6.90, NULL, '2026-04-24 19:04:53', '2026-04-24 19:04:53'),
(795, 20, 25, 4, 1, 3, 3.30, NULL, '2026-04-24 19:04:53', '2026-04-24 19:04:53'),
(796, 20, 25, 4, 1, 4, 4.50, NULL, '2026-04-24 19:04:53', '2026-04-24 19:04:53'),
(797, 20, 28, 4, 1, 1, 7.50, NULL, '2026-04-24 19:04:53', '2026-04-24 19:04:53'),
(798, 20, 28, 4, 1, 2, 6.60, NULL, '2026-04-24 19:04:53', '2026-04-24 19:04:53'),
(799, 20, 28, 4, 1, 3, 3.40, NULL, '2026-04-24 19:04:53', '2026-04-24 19:04:53'),
(800, 20, 28, 4, 1, 4, 3.00, NULL, '2026-04-24 19:04:53', '2026-04-24 19:04:53'),
(801, 21, 1, 5, 1, 1, 4.70, NULL, '2026-04-24 19:04:53', '2026-04-24 19:04:53'),
(802, 21, 1, 5, 1, 2, 4.50, NULL, '2026-04-24 19:04:53', '2026-04-24 19:04:53'),
(803, 21, 1, 5, 1, 3, 4.20, NULL, '2026-04-24 19:04:53', '2026-04-24 19:04:53'),
(804, 21, 1, 5, 1, 4, 2.70, NULL, '2026-04-24 19:04:53', '2026-04-24 19:04:53'),
(805, 21, 2, 5, 1, 1, 4.80, NULL, '2026-04-24 19:04:53', '2026-04-24 19:04:53'),
(806, 21, 2, 5, 1, 2, 8.40, NULL, '2026-04-24 19:04:53', '2026-04-24 19:04:53'),
(807, 21, 2, 5, 1, 3, 2.80, NULL, '2026-04-24 19:04:53', '2026-04-24 19:04:53'),
(808, 21, 2, 5, 1, 4, 2.40, NULL, '2026-04-24 19:04:53', '2026-04-24 19:04:53'),
(809, 21, 8, 5, 1, 1, 5.40, NULL, '2026-04-24 19:04:53', '2026-04-24 19:04:53'),
(810, 21, 8, 5, 1, 2, 6.50, NULL, '2026-04-24 19:04:53', '2026-04-24 19:04:53'),
(811, 21, 8, 5, 1, 3, 3.10, NULL, '2026-04-24 19:04:53', '2026-04-24 19:04:53'),
(812, 21, 8, 5, 1, 4, 4.70, NULL, '2026-04-24 19:04:53', '2026-04-24 19:04:53'),
(813, 21, 9, 5, 1, 1, 4.40, NULL, '2026-04-24 19:04:53', '2026-04-24 19:04:53'),
(814, 21, 9, 5, 1, 2, 7.00, NULL, '2026-04-24 19:04:53', '2026-04-24 19:04:53'),
(815, 21, 9, 5, 1, 3, 3.00, NULL, '2026-04-24 19:04:53', '2026-04-24 19:04:53'),
(816, 21, 9, 5, 1, 4, 3.10, NULL, '2026-04-24 19:04:53', '2026-04-24 19:04:53'),
(817, 21, 10, 5, 1, 1, 4.00, NULL, '2026-04-24 19:04:53', '2026-04-24 19:04:53'),
(818, 21, 10, 5, 1, 2, 5.90, NULL, '2026-04-24 19:04:53', '2026-04-24 19:04:53'),
(819, 21, 10, 5, 1, 3, 2.80, NULL, '2026-04-24 19:04:53', '2026-04-24 19:04:53'),
(820, 21, 10, 5, 1, 4, 2.70, NULL, '2026-04-24 19:04:53', '2026-04-24 19:04:53'),
(821, 21, 11, 5, 1, 1, 8.10, NULL, '2026-04-24 19:04:53', '2026-04-24 19:04:53'),
(822, 21, 11, 5, 1, 2, 5.50, NULL, '2026-04-24 19:04:53', '2026-04-24 19:04:53'),
(823, 21, 11, 5, 1, 3, 2.70, NULL, '2026-04-24 19:04:53', '2026-04-24 19:04:53'),
(824, 21, 11, 5, 1, 4, 3.10, NULL, '2026-04-24 19:04:53', '2026-04-24 19:04:53'),
(825, 21, 15, 5, 1, 1, 5.20, NULL, '2026-04-24 19:04:53', '2026-04-24 19:04:53'),
(826, 21, 15, 5, 1, 2, 8.10, NULL, '2026-04-24 19:04:53', '2026-04-24 19:04:53'),
(827, 21, 15, 5, 1, 3, 3.80, NULL, '2026-04-24 19:04:53', '2026-04-24 19:04:53'),
(828, 21, 15, 5, 1, 4, 2.60, NULL, '2026-04-24 19:04:53', '2026-04-24 19:04:53'),
(829, 21, 23, 5, 1, 1, 4.00, NULL, '2026-04-24 19:04:53', '2026-04-24 19:04:53'),
(830, 21, 23, 5, 1, 2, 5.60, NULL, '2026-04-24 19:04:53', '2026-04-24 19:04:53'),
(831, 21, 23, 5, 1, 3, 3.00, NULL, '2026-04-24 19:04:53', '2026-04-24 19:04:53'),
(832, 21, 23, 5, 1, 4, 4.30, NULL, '2026-04-24 19:04:53', '2026-04-24 19:04:53'),
(833, 21, 25, 5, 1, 1, 6.30, NULL, '2026-04-24 19:04:53', '2026-04-24 19:04:53'),
(834, 21, 25, 5, 1, 2, 9.50, NULL, '2026-04-24 19:04:53', '2026-04-24 19:04:53'),
(835, 21, 25, 5, 1, 3, 4.50, NULL, '2026-04-24 19:04:53', '2026-04-24 19:04:53'),
(836, 21, 25, 5, 1, 4, 2.70, NULL, '2026-04-24 19:04:53', '2026-04-24 19:04:53'),
(837, 21, 28, 5, 1, 1, 7.80, NULL, '2026-04-24 19:04:53', '2026-04-24 19:04:53'),
(838, 21, 28, 5, 1, 2, 7.50, NULL, '2026-04-24 19:04:53', '2026-04-24 19:04:53'),
(839, 21, 28, 5, 1, 3, 2.80, NULL, '2026-04-24 19:04:53', '2026-04-24 19:04:53'),
(840, 21, 28, 5, 1, 4, 2.90, NULL, '2026-04-24 19:04:53', '2026-04-24 19:04:53'),
(841, 22, 1, 5, 1, 1, 5.30, NULL, '2026-04-24 19:04:53', '2026-04-24 19:04:53'),
(842, 22, 1, 5, 1, 2, 8.20, NULL, '2026-04-24 19:04:53', '2026-04-24 19:04:53'),
(843, 22, 1, 5, 1, 3, 4.10, NULL, '2026-04-24 19:04:53', '2026-04-24 19:04:53'),
(844, 22, 1, 5, 1, 4, 3.10, NULL, '2026-04-24 19:04:53', '2026-04-24 19:04:53'),
(845, 22, 2, 5, 1, 1, 8.30, NULL, '2026-04-24 19:04:53', '2026-04-24 19:04:53'),
(846, 22, 2, 5, 1, 2, 9.20, NULL, '2026-04-24 19:04:53', '2026-04-24 19:04:53'),
(847, 22, 2, 5, 1, 3, 3.40, NULL, '2026-04-24 19:04:53', '2026-04-24 19:04:53'),
(848, 22, 2, 5, 1, 4, 2.80, NULL, '2026-04-24 19:04:53', '2026-04-24 19:04:53'),
(849, 22, 8, 5, 1, 1, 6.40, NULL, '2026-04-24 19:04:53', '2026-04-24 19:04:53'),
(850, 22, 8, 5, 1, 2, 6.70, NULL, '2026-04-24 19:04:53', '2026-04-24 19:04:53'),
(851, 22, 8, 5, 1, 3, 4.60, NULL, '2026-04-24 19:04:53', '2026-04-24 19:04:53'),
(852, 22, 8, 5, 1, 4, 2.10, NULL, '2026-04-24 19:04:53', '2026-04-24 19:04:53'),
(853, 22, 9, 5, 1, 1, 7.70, NULL, '2026-04-24 19:04:53', '2026-04-24 19:04:53'),
(854, 22, 9, 5, 1, 2, 7.90, NULL, '2026-04-24 19:04:53', '2026-04-24 19:04:53'),
(855, 22, 9, 5, 1, 3, 4.00, NULL, '2026-04-24 19:04:53', '2026-04-24 19:04:53'),
(856, 22, 9, 5, 1, 4, 4.10, NULL, '2026-04-24 19:04:53', '2026-04-24 19:04:53'),
(857, 22, 10, 5, 1, 1, 8.30, NULL, '2026-04-24 19:04:53', '2026-04-24 19:04:53'),
(858, 22, 10, 5, 1, 2, 7.30, NULL, '2026-04-24 19:04:53', '2026-04-24 19:04:53'),
(859, 22, 10, 5, 1, 3, 3.00, NULL, '2026-04-24 19:04:53', '2026-04-24 19:04:53'),
(860, 22, 10, 5, 1, 4, 2.00, NULL, '2026-04-24 19:04:53', '2026-04-24 19:04:53'),
(861, 22, 11, 5, 1, 1, 6.30, NULL, '2026-04-24 19:04:53', '2026-04-24 19:04:53'),
(862, 22, 11, 5, 1, 2, 8.30, NULL, '2026-04-24 19:04:53', '2026-04-24 19:04:53'),
(863, 22, 11, 5, 1, 3, 2.70, NULL, '2026-04-24 19:04:53', '2026-04-24 19:04:53'),
(864, 22, 11, 5, 1, 4, 2.60, NULL, '2026-04-24 19:04:53', '2026-04-24 19:04:53'),
(865, 22, 15, 5, 1, 1, 4.00, NULL, '2026-04-24 19:04:53', '2026-04-24 19:04:53'),
(866, 22, 15, 5, 1, 2, 7.50, NULL, '2026-04-24 19:04:53', '2026-04-24 19:04:53'),
(867, 22, 15, 5, 1, 3, 4.50, NULL, '2026-04-24 19:04:53', '2026-04-24 19:04:53'),
(868, 22, 15, 5, 1, 4, 4.40, NULL, '2026-04-24 19:04:53', '2026-04-24 19:04:53'),
(869, 22, 23, 5, 1, 1, 8.50, NULL, '2026-04-24 19:04:53', '2026-04-24 19:04:53'),
(870, 22, 23, 5, 1, 2, 4.50, NULL, '2026-04-24 19:04:53', '2026-04-24 19:04:53'),
(871, 22, 23, 5, 1, 3, 3.70, NULL, '2026-04-24 19:04:53', '2026-04-24 19:04:53'),
(872, 22, 23, 5, 1, 4, 3.80, NULL, '2026-04-24 19:04:53', '2026-04-24 19:04:53'),
(873, 22, 25, 5, 1, 1, 8.90, NULL, '2026-04-24 19:04:53', '2026-04-24 19:04:53'),
(874, 22, 25, 5, 1, 2, 7.20, NULL, '2026-04-24 19:04:53', '2026-04-24 19:04:53'),
(875, 22, 25, 5, 1, 3, 2.20, NULL, '2026-04-24 19:04:53', '2026-04-24 19:04:53'),
(876, 22, 25, 5, 1, 4, 3.80, NULL, '2026-04-24 19:04:53', '2026-04-24 19:04:53'),
(877, 22, 28, 5, 1, 1, 8.60, NULL, '2026-04-24 19:04:53', '2026-04-24 19:04:53'),
(878, 22, 28, 5, 1, 2, 7.80, NULL, '2026-04-24 19:04:53', '2026-04-24 19:04:53'),
(879, 22, 28, 5, 1, 3, 3.10, NULL, '2026-04-24 19:04:53', '2026-04-24 19:04:53'),
(880, 22, 28, 5, 1, 4, 3.20, NULL, '2026-04-24 19:04:53', '2026-04-24 19:04:53'),
(881, 23, 1, 5, 1, 1, 4.00, NULL, '2026-04-24 19:04:53', '2026-04-24 19:04:53'),
(882, 23, 1, 5, 1, 2, 9.10, NULL, '2026-04-24 19:04:53', '2026-04-24 19:04:53'),
(883, 23, 1, 5, 1, 3, 2.20, NULL, '2026-04-24 19:04:53', '2026-04-24 19:04:53'),
(884, 23, 1, 5, 1, 4, 2.10, NULL, '2026-04-24 19:04:53', '2026-04-24 19:04:53'),
(885, 23, 2, 5, 1, 1, 7.20, NULL, '2026-04-24 19:04:53', '2026-04-24 19:04:53'),
(886, 23, 2, 5, 1, 2, 5.40, NULL, '2026-04-24 19:04:53', '2026-04-24 19:04:53'),
(887, 23, 2, 5, 1, 3, 3.10, NULL, '2026-04-24 19:04:53', '2026-04-24 19:04:53'),
(888, 23, 2, 5, 1, 4, 3.80, NULL, '2026-04-24 19:04:53', '2026-04-24 19:04:53'),
(889, 23, 8, 5, 1, 1, 7.80, NULL, '2026-04-24 19:04:53', '2026-04-24 19:04:53'),
(890, 23, 8, 5, 1, 2, 6.60, NULL, '2026-04-24 19:04:53', '2026-04-24 19:04:53'),
(891, 23, 8, 5, 1, 3, 2.40, NULL, '2026-04-24 19:04:53', '2026-04-24 19:04:53'),
(892, 23, 8, 5, 1, 4, 2.50, NULL, '2026-04-24 19:04:53', '2026-04-24 19:04:53'),
(893, 23, 9, 5, 1, 1, 4.70, NULL, '2026-04-24 19:04:53', '2026-04-24 19:04:53'),
(894, 23, 9, 5, 1, 2, 5.30, NULL, '2026-04-24 19:04:53', '2026-04-24 19:04:53'),
(895, 23, 9, 5, 1, 3, 3.50, NULL, '2026-04-24 19:04:53', '2026-04-24 19:04:53'),
(896, 23, 9, 5, 1, 4, 3.90, NULL, '2026-04-24 19:04:53', '2026-04-24 19:04:53'),
(897, 23, 10, 5, 1, 1, 7.50, NULL, '2026-04-24 19:04:53', '2026-04-24 19:04:53'),
(898, 23, 10, 5, 1, 2, 8.90, NULL, '2026-04-24 19:04:53', '2026-04-24 19:04:53'),
(899, 23, 10, 5, 1, 3, 3.70, NULL, '2026-04-24 19:04:53', '2026-04-24 19:04:53'),
(900, 23, 10, 5, 1, 4, 4.30, NULL, '2026-04-24 19:04:53', '2026-04-24 19:04:53'),
(901, 23, 11, 5, 1, 1, 6.50, NULL, '2026-04-24 19:04:53', '2026-04-24 19:04:53'),
(902, 23, 11, 5, 1, 2, 6.70, NULL, '2026-04-24 19:04:53', '2026-04-24 19:04:53'),
(903, 23, 11, 5, 1, 3, 2.50, NULL, '2026-04-24 19:04:53', '2026-04-24 19:04:53'),
(904, 23, 11, 5, 1, 4, 2.10, NULL, '2026-04-24 19:04:53', '2026-04-24 19:04:53'),
(905, 23, 15, 5, 1, 1, 7.40, NULL, '2026-04-24 19:04:53', '2026-04-24 19:04:53'),
(906, 23, 15, 5, 1, 2, 5.60, NULL, '2026-04-24 19:04:53', '2026-04-24 19:04:53'),
(907, 23, 15, 5, 1, 3, 4.60, NULL, '2026-04-24 19:04:53', '2026-04-24 19:04:53'),
(908, 23, 15, 5, 1, 4, 4.00, NULL, '2026-04-24 19:04:53', '2026-04-24 19:04:53'),
(909, 23, 23, 5, 1, 1, 8.10, NULL, '2026-04-24 19:04:53', '2026-04-24 19:04:53'),
(910, 23, 23, 5, 1, 2, 7.20, NULL, '2026-04-24 19:04:53', '2026-04-24 19:04:53'),
(911, 23, 23, 5, 1, 3, 3.70, NULL, '2026-04-24 19:04:53', '2026-04-24 19:04:53'),
(912, 23, 23, 5, 1, 4, 4.70, NULL, '2026-04-24 19:04:53', '2026-04-24 19:04:53'),
(913, 23, 25, 5, 1, 1, 7.50, NULL, '2026-04-24 19:04:53', '2026-04-24 19:04:53'),
(914, 23, 25, 5, 1, 2, 7.70, NULL, '2026-04-24 19:04:53', '2026-04-24 19:04:53'),
(915, 23, 25, 5, 1, 3, 2.20, NULL, '2026-04-24 19:04:53', '2026-04-24 19:04:53'),
(916, 23, 25, 5, 1, 4, 3.60, NULL, '2026-04-24 19:04:53', '2026-04-24 19:04:53'),
(917, 23, 28, 5, 1, 1, 5.30, NULL, '2026-04-24 19:04:53', '2026-04-24 19:04:53'),
(918, 23, 28, 5, 1, 2, 5.40, NULL, '2026-04-24 19:04:53', '2026-04-24 19:04:53'),
(919, 23, 28, 5, 1, 3, 2.60, NULL, '2026-04-24 19:04:53', '2026-04-24 19:04:53'),
(920, 23, 28, 5, 1, 4, 3.20, NULL, '2026-04-24 19:04:53', '2026-04-24 19:04:53'),
(921, 24, 1, 5, 1, 1, 6.50, NULL, '2026-04-24 19:04:53', '2026-04-24 19:04:53'),
(922, 24, 1, 5, 1, 2, 5.40, NULL, '2026-04-24 19:04:53', '2026-04-24 19:04:53'),
(923, 24, 1, 5, 1, 3, 2.40, NULL, '2026-04-24 19:04:53', '2026-04-24 19:04:53'),
(924, 24, 1, 5, 1, 4, 3.60, NULL, '2026-04-24 19:04:53', '2026-04-24 19:04:53'),
(925, 24, 2, 5, 1, 1, 7.90, NULL, '2026-04-24 19:04:53', '2026-04-24 19:04:53'),
(926, 24, 2, 5, 1, 2, 8.20, NULL, '2026-04-24 19:04:53', '2026-04-24 19:04:53'),
(927, 24, 2, 5, 1, 3, 3.20, NULL, '2026-04-24 19:04:53', '2026-04-24 19:04:53'),
(928, 24, 2, 5, 1, 4, 3.60, NULL, '2026-04-24 19:04:53', '2026-04-24 19:04:53'),
(929, 24, 8, 5, 1, 1, 6.50, NULL, '2026-04-24 19:04:53', '2026-04-24 19:04:53'),
(930, 24, 8, 5, 1, 2, 8.80, NULL, '2026-04-24 19:04:53', '2026-04-24 19:04:53'),
(931, 24, 8, 5, 1, 3, 2.90, NULL, '2026-04-24 19:04:53', '2026-04-24 19:04:53'),
(932, 24, 8, 5, 1, 4, 3.20, NULL, '2026-04-24 19:04:53', '2026-04-24 19:04:53'),
(933, 24, 9, 5, 1, 1, 8.00, NULL, '2026-04-24 19:04:53', '2026-04-24 19:04:53'),
(934, 24, 9, 5, 1, 2, 5.80, NULL, '2026-04-24 19:04:53', '2026-04-24 19:04:53'),
(935, 24, 9, 5, 1, 3, 3.40, NULL, '2026-04-24 19:04:53', '2026-04-24 19:04:53'),
(936, 24, 9, 5, 1, 4, 4.30, NULL, '2026-04-24 19:04:53', '2026-04-24 19:04:53'),
(937, 24, 10, 5, 1, 1, 7.40, NULL, '2026-04-24 19:04:53', '2026-04-24 19:04:53'),
(938, 24, 10, 5, 1, 2, 9.40, NULL, '2026-04-24 19:04:53', '2026-04-24 19:04:53'),
(939, 24, 10, 5, 1, 3, 3.40, NULL, '2026-04-24 19:04:53', '2026-04-24 19:04:53'),
(940, 24, 10, 5, 1, 4, 4.70, NULL, '2026-04-24 19:04:53', '2026-04-24 19:04:53'),
(941, 24, 11, 5, 1, 1, 5.80, NULL, '2026-04-24 19:04:53', '2026-04-24 19:04:53'),
(942, 24, 11, 5, 1, 2, 5.70, NULL, '2026-04-24 19:04:53', '2026-04-24 19:04:53'),
(943, 24, 11, 5, 1, 3, 2.30, NULL, '2026-04-24 19:04:53', '2026-04-24 19:04:53'),
(944, 24, 11, 5, 1, 4, 2.50, NULL, '2026-04-24 19:04:53', '2026-04-24 19:04:53'),
(945, 24, 15, 5, 1, 1, 4.60, NULL, '2026-04-24 19:04:53', '2026-04-24 19:04:53'),
(946, 24, 15, 5, 1, 2, 4.80, NULL, '2026-04-24 19:04:53', '2026-04-24 19:04:53'),
(947, 24, 15, 5, 1, 3, 2.10, NULL, '2026-04-24 19:04:53', '2026-04-24 19:04:53'),
(948, 24, 15, 5, 1, 4, 4.30, NULL, '2026-04-24 19:04:53', '2026-04-24 19:04:53'),
(949, 24, 23, 5, 1, 1, 4.30, NULL, '2026-04-24 19:04:53', '2026-04-24 19:04:53'),
(950, 24, 23, 5, 1, 2, 9.50, NULL, '2026-04-24 19:04:53', '2026-04-24 19:04:53'),
(951, 24, 23, 5, 1, 3, 3.80, NULL, '2026-04-24 19:04:53', '2026-04-24 19:04:53'),
(952, 24, 23, 5, 1, 4, 3.60, NULL, '2026-04-24 19:04:53', '2026-04-24 19:04:53'),
(953, 24, 25, 5, 1, 1, 6.70, NULL, '2026-04-24 19:04:53', '2026-04-24 19:04:53'),
(954, 24, 25, 5, 1, 2, 5.30, NULL, '2026-04-24 19:04:53', '2026-04-24 19:04:53'),
(955, 24, 25, 5, 1, 3, 4.60, NULL, '2026-04-24 19:04:53', '2026-04-24 19:04:53'),
(956, 24, 25, 5, 1, 4, 4.60, NULL, '2026-04-24 19:04:53', '2026-04-24 19:04:53'),
(957, 24, 28, 5, 1, 1, 4.60, NULL, '2026-04-24 19:04:53', '2026-04-24 19:04:53'),
(958, 24, 28, 5, 1, 2, 6.10, NULL, '2026-04-24 19:04:53', '2026-04-24 19:04:53'),
(959, 24, 28, 5, 1, 3, 2.70, NULL, '2026-04-24 19:04:53', '2026-04-24 19:04:53'),
(960, 24, 28, 5, 1, 4, 4.50, NULL, '2026-04-24 19:04:53', '2026-04-24 19:04:53'),
(961, 25, 1, 5, 1, 1, 4.40, NULL, '2026-04-24 19:04:53', '2026-04-24 19:04:53'),
(962, 25, 1, 5, 1, 2, 4.80, NULL, '2026-04-24 19:04:53', '2026-04-24 19:04:53'),
(963, 25, 1, 5, 1, 3, 3.80, NULL, '2026-04-24 19:04:53', '2026-04-24 19:04:53'),
(964, 25, 1, 5, 1, 4, 3.70, NULL, '2026-04-24 19:04:53', '2026-04-24 19:04:53'),
(965, 25, 2, 5, 1, 1, 7.70, NULL, '2026-04-24 19:04:53', '2026-04-24 19:04:53'),
(966, 25, 2, 5, 1, 2, 5.70, NULL, '2026-04-24 19:04:53', '2026-04-24 19:04:53'),
(967, 25, 2, 5, 1, 3, 2.80, NULL, '2026-04-24 19:04:53', '2026-04-24 19:04:53'),
(968, 25, 2, 5, 1, 4, 3.00, NULL, '2026-04-24 19:04:53', '2026-04-24 19:04:53'),
(969, 25, 8, 5, 1, 1, 5.90, NULL, '2026-04-24 19:04:53', '2026-04-24 19:04:53'),
(970, 25, 8, 5, 1, 2, 6.30, NULL, '2026-04-24 19:04:53', '2026-04-24 19:04:53'),
(971, 25, 8, 5, 1, 3, 3.50, NULL, '2026-04-24 19:04:53', '2026-04-24 19:04:53'),
(972, 25, 8, 5, 1, 4, 2.40, NULL, '2026-04-24 19:04:53', '2026-04-24 19:04:53'),
(973, 25, 9, 5, 1, 1, 4.60, NULL, '2026-04-24 19:04:53', '2026-04-24 19:04:53'),
(974, 25, 9, 5, 1, 2, 5.10, NULL, '2026-04-24 19:04:53', '2026-04-24 19:04:53'),
(975, 25, 9, 5, 1, 3, 2.90, NULL, '2026-04-24 19:04:53', '2026-04-24 19:04:53'),
(976, 25, 9, 5, 1, 4, 4.50, NULL, '2026-04-24 19:04:53', '2026-04-24 19:04:53'),
(977, 25, 10, 5, 1, 1, 6.90, NULL, '2026-04-24 19:04:53', '2026-04-24 19:04:53'),
(978, 25, 10, 5, 1, 2, 8.30, NULL, '2026-04-24 19:04:53', '2026-04-24 19:04:53'),
(979, 25, 10, 5, 1, 3, 3.10, NULL, '2026-04-24 19:04:53', '2026-04-24 19:04:53'),
(980, 25, 10, 5, 1, 4, 2.50, NULL, '2026-04-24 19:04:53', '2026-04-24 19:04:53'),
(981, 25, 11, 5, 1, 1, 4.80, NULL, '2026-04-24 19:04:53', '2026-04-24 19:04:53'),
(982, 25, 11, 5, 1, 2, 4.40, NULL, '2026-04-24 19:04:53', '2026-04-24 19:04:53'),
(983, 25, 11, 5, 1, 3, 4.20, NULL, '2026-04-24 19:04:53', '2026-04-24 19:04:53'),
(984, 25, 11, 5, 1, 4, 3.80, NULL, '2026-04-24 19:04:53', '2026-04-24 19:04:53'),
(985, 25, 15, 5, 1, 1, 7.20, NULL, '2026-04-24 19:04:53', '2026-04-24 19:04:53'),
(986, 25, 15, 5, 1, 2, 4.20, NULL, '2026-04-24 19:04:53', '2026-04-24 19:04:53'),
(987, 25, 15, 5, 1, 3, 3.40, NULL, '2026-04-24 19:04:53', '2026-04-24 19:04:53'),
(988, 25, 15, 5, 1, 4, 4.70, NULL, '2026-04-24 19:04:53', '2026-04-24 19:04:53'),
(989, 25, 23, 5, 1, 1, 5.60, NULL, '2026-04-24 19:04:53', '2026-04-24 19:04:53'),
(990, 25, 23, 5, 1, 2, 9.00, NULL, '2026-04-24 19:04:53', '2026-04-24 19:04:53'),
(991, 25, 23, 5, 1, 3, 4.20, NULL, '2026-04-24 19:04:53', '2026-04-24 19:04:53'),
(992, 25, 23, 5, 1, 4, 4.20, NULL, '2026-04-24 19:04:53', '2026-04-24 19:04:53'),
(993, 25, 25, 5, 1, 1, 8.70, NULL, '2026-04-24 19:04:53', '2026-04-24 19:04:53'),
(994, 25, 25, 5, 1, 2, 7.00, NULL, '2026-04-24 19:04:53', '2026-04-24 19:04:53'),
(995, 25, 25, 5, 1, 3, 3.80, NULL, '2026-04-24 19:04:53', '2026-04-24 19:04:53'),
(996, 25, 25, 5, 1, 4, 3.50, NULL, '2026-04-24 19:04:53', '2026-04-24 19:04:53'),
(997, 25, 28, 5, 1, 1, 4.20, NULL, '2026-04-24 19:04:53', '2026-04-24 19:04:53'),
(998, 25, 28, 5, 1, 2, 6.00, NULL, '2026-04-24 19:04:53', '2026-04-24 19:04:53'),
(999, 25, 28, 5, 1, 3, 2.80, NULL, '2026-04-24 19:04:53', '2026-04-24 19:04:53'),
(1000, 25, 28, 5, 1, 4, 3.10, NULL, '2026-04-24 19:04:53', '2026-04-24 19:04:53'),
(1001, 26, 1, 6, 1, 1, 8.40, NULL, '2026-04-24 19:04:53', '2026-04-24 19:04:53'),
(1002, 26, 1, 6, 1, 2, 7.10, NULL, '2026-04-24 19:04:53', '2026-04-24 19:04:53'),
(1003, 26, 1, 6, 1, 3, 3.40, NULL, '2026-04-24 19:04:53', '2026-04-24 19:04:53'),
(1004, 26, 1, 6, 1, 4, 3.50, NULL, '2026-04-24 19:04:53', '2026-04-24 19:04:53'),
(1005, 26, 2, 6, 1, 1, 5.60, NULL, '2026-04-24 19:04:53', '2026-04-24 19:04:53'),
(1006, 26, 2, 6, 1, 2, 6.70, NULL, '2026-04-24 19:04:53', '2026-04-24 19:04:53'),
(1007, 26, 2, 6, 1, 3, 3.90, NULL, '2026-04-24 19:04:53', '2026-04-24 19:04:53'),
(1008, 26, 2, 6, 1, 4, 2.10, NULL, '2026-04-24 19:04:53', '2026-04-24 19:04:53'),
(1009, 26, 8, 6, 1, 1, 6.40, NULL, '2026-04-24 19:04:53', '2026-04-24 19:04:53'),
(1010, 26, 8, 6, 1, 2, 6.40, NULL, '2026-04-24 19:04:53', '2026-04-24 19:04:53'),
(1011, 26, 8, 6, 1, 3, 4.70, NULL, '2026-04-24 19:04:53', '2026-04-24 19:04:53'),
(1012, 26, 8, 6, 1, 4, 2.30, NULL, '2026-04-24 19:04:53', '2026-04-24 19:04:53'),
(1013, 26, 9, 6, 1, 1, 6.70, NULL, '2026-04-24 19:04:53', '2026-04-24 19:04:53'),
(1014, 26, 9, 6, 1, 2, 8.30, NULL, '2026-04-24 19:04:53', '2026-04-24 19:04:53'),
(1015, 26, 9, 6, 1, 3, 2.20, NULL, '2026-04-24 19:04:53', '2026-04-24 19:04:53'),
(1016, 26, 9, 6, 1, 4, 4.30, NULL, '2026-04-24 19:04:53', '2026-04-24 19:04:53'),
(1017, 26, 10, 6, 1, 1, 5.40, NULL, '2026-04-24 19:04:53', '2026-04-24 19:04:53'),
(1018, 26, 10, 6, 1, 2, 7.00, NULL, '2026-04-24 19:04:53', '2026-04-24 19:04:53'),
(1019, 26, 10, 6, 1, 3, 3.70, NULL, '2026-04-24 19:04:53', '2026-04-24 19:04:53'),
(1020, 26, 10, 6, 1, 4, 2.30, NULL, '2026-04-24 19:04:53', '2026-04-24 19:04:53'),
(1021, 26, 11, 6, 1, 1, 6.60, NULL, '2026-04-24 19:04:53', '2026-04-24 19:04:53'),
(1022, 26, 11, 6, 1, 2, 5.20, NULL, '2026-04-24 19:04:53', '2026-04-24 19:04:53'),
(1023, 26, 11, 6, 1, 3, 3.20, NULL, '2026-04-24 19:04:53', '2026-04-24 19:04:53'),
(1024, 26, 11, 6, 1, 4, 3.40, NULL, '2026-04-24 19:04:53', '2026-04-24 19:04:53'),
(1025, 26, 15, 6, 1, 1, 7.40, NULL, '2026-04-24 19:04:53', '2026-04-24 19:04:53'),
(1026, 26, 15, 6, 1, 2, 4.80, NULL, '2026-04-24 19:04:53', '2026-04-24 19:04:53'),
(1027, 26, 15, 6, 1, 3, 4.40, NULL, '2026-04-24 19:04:53', '2026-04-24 19:04:53'),
(1028, 26, 15, 6, 1, 4, 2.30, NULL, '2026-04-24 19:04:53', '2026-04-24 19:04:53'),
(1029, 26, 23, 6, 1, 1, 4.40, NULL, '2026-04-24 19:04:53', '2026-04-24 19:04:53'),
(1030, 26, 23, 6, 1, 2, 7.50, NULL, '2026-04-24 19:04:53', '2026-04-24 19:04:53'),
(1031, 26, 23, 6, 1, 3, 4.60, NULL, '2026-04-24 19:04:53', '2026-04-24 19:04:53'),
(1032, 26, 23, 6, 1, 4, 2.70, NULL, '2026-04-24 19:04:53', '2026-04-24 19:04:53'),
(1033, 26, 25, 6, 1, 1, 4.80, NULL, '2026-04-24 19:04:53', '2026-04-24 19:04:53'),
(1034, 26, 25, 6, 1, 2, 5.00, NULL, '2026-04-24 19:04:53', '2026-04-24 19:04:53'),
(1035, 26, 25, 6, 1, 3, 2.80, NULL, '2026-04-24 19:04:53', '2026-04-24 19:04:53'),
(1036, 26, 25, 6, 1, 4, 2.90, NULL, '2026-04-24 19:04:53', '2026-04-24 19:04:53'),
(1037, 26, 28, 6, 1, 1, 8.00, NULL, '2026-04-24 19:04:53', '2026-04-24 19:04:53'),
(1038, 26, 28, 6, 1, 2, 6.50, NULL, '2026-04-24 19:04:53', '2026-04-24 19:04:53'),
(1039, 26, 28, 6, 1, 3, 2.60, NULL, '2026-04-24 19:04:53', '2026-04-24 19:04:53'),
(1040, 26, 28, 6, 1, 4, 2.30, NULL, '2026-04-24 19:04:53', '2026-04-24 19:04:53'),
(1041, 27, 1, 6, 1, 1, 4.10, NULL, '2026-04-24 19:04:53', '2026-04-24 19:04:53'),
(1042, 27, 1, 6, 1, 2, 7.10, NULL, '2026-04-24 19:04:53', '2026-04-24 19:04:53'),
(1043, 27, 1, 6, 1, 3, 3.10, NULL, '2026-04-24 19:04:53', '2026-04-24 19:04:53'),
(1044, 27, 1, 6, 1, 4, 3.80, NULL, '2026-04-24 19:04:53', '2026-04-24 19:04:53'),
(1045, 27, 2, 6, 1, 1, 4.90, NULL, '2026-04-24 19:04:53', '2026-04-24 19:04:53'),
(1046, 27, 2, 6, 1, 2, 7.60, NULL, '2026-04-24 19:04:53', '2026-04-24 19:04:53'),
(1047, 27, 2, 6, 1, 3, 2.80, NULL, '2026-04-24 19:04:53', '2026-04-24 19:04:53'),
(1048, 27, 2, 6, 1, 4, 2.10, NULL, '2026-04-24 19:04:53', '2026-04-24 19:04:53'),
(1049, 27, 8, 6, 1, 1, 9.40, NULL, '2026-04-24 19:04:53', '2026-04-24 19:04:53'),
(1050, 27, 8, 6, 1, 2, 6.30, NULL, '2026-04-24 19:04:53', '2026-04-24 19:04:53'),
(1051, 27, 8, 6, 1, 3, 2.00, NULL, '2026-04-24 19:04:53', '2026-04-24 19:04:53'),
(1052, 27, 8, 6, 1, 4, 2.30, NULL, '2026-04-24 19:04:53', '2026-04-24 19:04:53'),
(1053, 27, 9, 6, 1, 1, 5.90, NULL, '2026-04-24 19:04:53', '2026-04-24 19:04:53'),
(1054, 27, 9, 6, 1, 2, 4.90, NULL, '2026-04-24 19:04:53', '2026-04-24 19:04:53'),
(1055, 27, 9, 6, 1, 3, 2.50, NULL, '2026-04-24 19:04:53', '2026-04-24 19:04:53'),
(1056, 27, 9, 6, 1, 4, 3.90, NULL, '2026-04-24 19:04:53', '2026-04-24 19:04:53'),
(1057, 27, 10, 6, 1, 1, 8.90, NULL, '2026-04-24 19:04:53', '2026-04-24 19:04:53'),
(1058, 27, 10, 6, 1, 2, 4.90, NULL, '2026-04-24 19:04:53', '2026-04-24 19:04:53'),
(1059, 27, 10, 6, 1, 3, 3.70, NULL, '2026-04-24 19:04:53', '2026-04-24 19:04:53'),
(1060, 27, 10, 6, 1, 4, 3.50, NULL, '2026-04-24 19:04:53', '2026-04-24 19:04:53'),
(1061, 27, 11, 6, 1, 1, 7.20, NULL, '2026-04-24 19:04:53', '2026-04-24 19:04:53'),
(1062, 27, 11, 6, 1, 2, 5.10, NULL, '2026-04-24 19:04:53', '2026-04-24 19:04:53'),
(1063, 27, 11, 6, 1, 3, 2.30, NULL, '2026-04-24 19:04:53', '2026-04-24 19:04:53'),
(1064, 27, 11, 6, 1, 4, 2.60, NULL, '2026-04-24 19:04:53', '2026-04-24 19:04:53'),
(1065, 27, 15, 6, 1, 1, 7.50, NULL, '2026-04-24 19:04:53', '2026-04-24 19:04:53'),
(1066, 27, 15, 6, 1, 2, 6.10, NULL, '2026-04-24 19:04:53', '2026-04-24 19:04:53'),
(1067, 27, 15, 6, 1, 3, 4.50, NULL, '2026-04-24 19:04:53', '2026-04-24 19:04:53'),
(1068, 27, 15, 6, 1, 4, 3.80, NULL, '2026-04-24 19:04:53', '2026-04-24 19:04:53'),
(1069, 27, 23, 6, 1, 1, 7.40, NULL, '2026-04-24 19:04:53', '2026-04-24 19:04:53'),
(1070, 27, 23, 6, 1, 2, 4.30, NULL, '2026-04-24 19:04:53', '2026-04-24 19:04:53'),
(1071, 27, 23, 6, 1, 3, 2.90, NULL, '2026-04-24 19:04:53', '2026-04-24 19:04:53'),
(1072, 27, 23, 6, 1, 4, 3.20, NULL, '2026-04-24 19:04:53', '2026-04-24 19:04:53'),
(1073, 27, 25, 6, 1, 1, 6.60, NULL, '2026-04-24 19:04:53', '2026-04-24 19:04:53'),
(1074, 27, 25, 6, 1, 2, 4.60, NULL, '2026-04-24 19:04:53', '2026-04-24 19:04:53'),
(1075, 27, 25, 6, 1, 3, 2.80, NULL, '2026-04-24 19:04:53', '2026-04-24 19:04:53'),
(1076, 27, 25, 6, 1, 4, 3.40, NULL, '2026-04-24 19:04:53', '2026-04-24 19:04:53'),
(1077, 27, 28, 6, 1, 1, 8.80, NULL, '2026-04-24 19:04:53', '2026-04-24 19:04:53'),
(1078, 27, 28, 6, 1, 2, 5.10, NULL, '2026-04-24 19:04:53', '2026-04-24 19:04:53'),
(1079, 27, 28, 6, 1, 3, 2.10, NULL, '2026-04-24 19:04:53', '2026-04-24 19:04:53'),
(1080, 27, 28, 6, 1, 4, 3.50, NULL, '2026-04-24 19:04:53', '2026-04-24 19:04:53'),
(1081, 28, 1, 6, 1, 1, 6.00, NULL, '2026-04-24 19:04:53', '2026-04-24 19:04:53'),
(1082, 28, 1, 6, 1, 2, 4.40, NULL, '2026-04-24 19:04:53', '2026-04-24 19:04:53'),
(1083, 28, 1, 6, 1, 3, 4.20, NULL, '2026-04-24 19:04:53', '2026-04-24 19:04:53'),
(1084, 28, 1, 6, 1, 4, 2.80, NULL, '2026-04-24 19:04:53', '2026-04-24 19:04:53'),
(1085, 28, 2, 6, 1, 1, 6.00, NULL, '2026-04-24 19:04:53', '2026-04-24 19:04:53'),
(1086, 28, 2, 6, 1, 2, 8.60, NULL, '2026-04-24 19:04:53', '2026-04-24 19:04:53'),
(1087, 28, 2, 6, 1, 3, 3.90, NULL, '2026-04-24 19:04:53', '2026-04-24 19:04:53'),
(1088, 28, 2, 6, 1, 4, 4.40, NULL, '2026-04-24 19:04:53', '2026-04-24 19:04:53'),
(1089, 28, 8, 6, 1, 1, 4.40, NULL, '2026-04-24 19:04:53', '2026-04-24 19:04:53'),
(1090, 28, 8, 6, 1, 2, 5.20, NULL, '2026-04-24 19:04:53', '2026-04-24 19:04:53'),
(1091, 28, 8, 6, 1, 3, 2.90, NULL, '2026-04-24 19:04:53', '2026-04-24 19:04:53'),
(1092, 28, 8, 6, 1, 4, 4.70, NULL, '2026-04-24 19:04:53', '2026-04-24 19:04:53'),
(1093, 28, 9, 6, 1, 1, 5.00, NULL, '2026-04-24 19:04:53', '2026-04-24 19:04:53'),
(1094, 28, 9, 6, 1, 2, 8.50, NULL, '2026-04-24 19:04:53', '2026-04-24 19:04:53'),
(1095, 28, 9, 6, 1, 3, 3.30, NULL, '2026-04-24 19:04:53', '2026-04-24 19:04:53'),
(1096, 28, 9, 6, 1, 4, 3.20, NULL, '2026-04-24 19:04:53', '2026-04-24 19:04:53'),
(1097, 28, 10, 6, 1, 1, 8.20, NULL, '2026-04-24 19:04:53', '2026-04-24 19:04:53'),
(1098, 28, 10, 6, 1, 2, 8.60, NULL, '2026-04-24 19:04:53', '2026-04-24 19:04:53'),
(1099, 28, 10, 6, 1, 3, 2.10, NULL, '2026-04-24 19:04:53', '2026-04-24 19:04:53'),
(1100, 28, 10, 6, 1, 4, 2.70, NULL, '2026-04-24 19:04:53', '2026-04-24 19:04:53'),
(1101, 28, 11, 6, 1, 1, 7.10, NULL, '2026-04-24 19:04:53', '2026-04-24 19:04:53'),
(1102, 28, 11, 6, 1, 2, 9.00, NULL, '2026-04-24 19:04:53', '2026-04-24 19:04:53'),
(1103, 28, 11, 6, 1, 3, 3.40, NULL, '2026-04-24 19:04:53', '2026-04-24 19:04:53'),
(1104, 28, 11, 6, 1, 4, 4.50, NULL, '2026-04-24 19:04:53', '2026-04-24 19:04:53'),
(1105, 28, 15, 6, 1, 1, 6.30, NULL, '2026-04-24 19:04:53', '2026-04-24 19:04:53'),
(1106, 28, 15, 6, 1, 2, 5.70, NULL, '2026-04-24 19:04:53', '2026-04-24 19:04:53'),
(1107, 28, 15, 6, 1, 3, 2.10, NULL, '2026-04-24 19:04:53', '2026-04-24 19:04:53'),
(1108, 28, 15, 6, 1, 4, 4.10, NULL, '2026-04-24 19:04:53', '2026-04-24 19:04:53'),
(1109, 28, 23, 6, 1, 1, 4.10, NULL, '2026-04-24 19:04:53', '2026-04-24 19:04:53'),
(1110, 28, 23, 6, 1, 2, 7.50, NULL, '2026-04-24 19:04:53', '2026-04-24 19:04:53'),
(1111, 28, 23, 6, 1, 3, 2.00, NULL, '2026-04-24 19:04:53', '2026-04-24 19:04:53'),
(1112, 28, 23, 6, 1, 4, 4.30, NULL, '2026-04-24 19:04:53', '2026-04-24 19:04:53'),
(1113, 28, 25, 6, 1, 1, 5.00, NULL, '2026-04-24 19:04:53', '2026-04-24 19:04:53'),
(1114, 28, 25, 6, 1, 2, 6.70, NULL, '2026-04-24 19:04:53', '2026-04-24 19:04:53'),
(1115, 28, 25, 6, 1, 3, 2.60, NULL, '2026-04-24 19:04:53', '2026-04-24 19:04:53'),
(1116, 28, 25, 6, 1, 4, 4.40, NULL, '2026-04-24 19:04:53', '2026-04-24 19:04:53'),
(1117, 28, 28, 6, 1, 1, 5.40, NULL, '2026-04-24 19:04:53', '2026-04-24 19:04:53'),
(1118, 28, 28, 6, 1, 2, 7.90, NULL, '2026-04-24 19:04:53', '2026-04-24 19:04:53'),
(1119, 28, 28, 6, 1, 3, 3.70, NULL, '2026-04-24 19:04:53', '2026-04-24 19:04:53'),
(1120, 28, 28, 6, 1, 4, 4.60, NULL, '2026-04-24 19:04:53', '2026-04-24 19:04:53'),
(1121, 29, 1, 6, 1, 1, 7.70, NULL, '2026-04-24 19:04:53', '2026-04-24 19:04:53'),
(1122, 29, 1, 6, 1, 2, 9.30, NULL, '2026-04-24 19:04:53', '2026-04-24 19:04:53'),
(1123, 29, 1, 6, 1, 3, 2.30, NULL, '2026-04-24 19:04:53', '2026-04-24 19:04:53'),
(1124, 29, 1, 6, 1, 4, 4.70, NULL, '2026-04-24 19:04:53', '2026-04-24 19:04:53'),
(1125, 29, 2, 6, 1, 1, 6.10, NULL, '2026-04-24 19:04:53', '2026-04-24 19:04:53'),
(1126, 29, 2, 6, 1, 2, 8.70, NULL, '2026-04-24 19:04:53', '2026-04-24 19:04:53'),
(1127, 29, 2, 6, 1, 3, 3.90, NULL, '2026-04-24 19:04:53', '2026-04-24 19:04:53'),
(1128, 29, 2, 6, 1, 4, 3.50, NULL, '2026-04-24 19:04:53', '2026-04-24 19:04:53'),
(1129, 29, 8, 6, 1, 1, 4.50, NULL, '2026-04-24 19:04:53', '2026-04-24 19:04:53'),
(1130, 29, 8, 6, 1, 2, 6.30, NULL, '2026-04-24 19:04:53', '2026-04-24 19:04:53'),
(1131, 29, 8, 6, 1, 3, 4.40, NULL, '2026-04-24 19:04:53', '2026-04-24 19:04:53'),
(1132, 29, 8, 6, 1, 4, 3.00, NULL, '2026-04-24 19:04:53', '2026-04-24 19:04:53'),
(1133, 29, 9, 6, 1, 1, 7.20, NULL, '2026-04-24 19:04:53', '2026-04-24 19:04:53'),
(1134, 29, 9, 6, 1, 2, 8.10, NULL, '2026-04-24 19:04:53', '2026-04-24 19:04:53'),
(1135, 29, 9, 6, 1, 3, 2.30, NULL, '2026-04-24 19:04:53', '2026-04-24 19:04:53'),
(1136, 29, 9, 6, 1, 4, 2.40, NULL, '2026-04-24 19:04:53', '2026-04-24 19:04:53'),
(1137, 29, 10, 6, 1, 1, 4.30, NULL, '2026-04-24 19:04:53', '2026-04-24 19:04:53'),
(1138, 29, 10, 6, 1, 2, 7.40, NULL, '2026-04-24 19:04:53', '2026-04-24 19:04:53'),
(1139, 29, 10, 6, 1, 3, 2.60, NULL, '2026-04-24 19:04:53', '2026-04-24 19:04:53'),
(1140, 29, 10, 6, 1, 4, 4.10, NULL, '2026-04-24 19:04:53', '2026-04-24 19:04:53'),
(1141, 29, 11, 6, 1, 1, 8.00, NULL, '2026-04-24 19:04:53', '2026-04-24 19:04:53'),
(1142, 29, 11, 6, 1, 2, 7.80, NULL, '2026-04-24 19:04:53', '2026-04-24 19:04:53'),
(1143, 29, 11, 6, 1, 3, 3.70, NULL, '2026-04-24 19:04:53', '2026-04-24 19:04:53'),
(1144, 29, 11, 6, 1, 4, 4.20, NULL, '2026-04-24 19:04:53', '2026-04-24 19:04:53'),
(1145, 29, 15, 6, 1, 1, 9.30, NULL, '2026-04-24 19:04:53', '2026-04-24 19:04:53'),
(1146, 29, 15, 6, 1, 2, 8.10, NULL, '2026-04-24 19:04:53', '2026-04-24 19:04:53'),
(1147, 29, 15, 6, 1, 3, 2.20, NULL, '2026-04-24 19:04:53', '2026-04-24 19:04:53'),
(1148, 29, 15, 6, 1, 4, 2.40, NULL, '2026-04-24 19:04:53', '2026-04-24 19:04:53'),
(1149, 29, 23, 6, 1, 1, 7.00, NULL, '2026-04-24 19:04:53', '2026-04-24 19:04:53'),
(1150, 29, 23, 6, 1, 2, 6.90, NULL, '2026-04-24 19:04:53', '2026-04-24 19:04:53'),
(1151, 29, 23, 6, 1, 3, 4.70, NULL, '2026-04-24 19:04:53', '2026-04-24 19:04:53'),
(1152, 29, 23, 6, 1, 4, 3.20, NULL, '2026-04-24 19:04:53', '2026-04-24 19:04:53'),
(1153, 29, 25, 6, 1, 1, 5.50, NULL, '2026-04-24 19:04:53', '2026-04-24 19:04:53'),
(1154, 29, 25, 6, 1, 2, 8.20, NULL, '2026-04-24 19:04:53', '2026-04-24 19:04:53'),
(1155, 29, 25, 6, 1, 3, 2.20, NULL, '2026-04-24 19:04:53', '2026-04-24 19:04:53'),
(1156, 29, 25, 6, 1, 4, 2.50, NULL, '2026-04-24 19:04:53', '2026-04-24 19:04:53'),
(1157, 29, 28, 6, 1, 1, 5.20, NULL, '2026-04-24 19:04:53', '2026-04-24 19:04:53'),
(1158, 29, 28, 6, 1, 2, 9.40, NULL, '2026-04-24 19:04:53', '2026-04-24 19:04:53'),
(1159, 29, 28, 6, 1, 3, 3.80, NULL, '2026-04-24 19:04:53', '2026-04-24 19:04:53'),
(1160, 29, 28, 6, 1, 4, 2.80, NULL, '2026-04-24 19:04:53', '2026-04-24 19:04:53'),
(1161, 30, 1, 6, 1, 1, 7.20, NULL, '2026-04-24 19:04:53', '2026-04-24 19:04:53'),
(1162, 30, 1, 6, 1, 2, 9.30, NULL, '2026-04-24 19:04:53', '2026-04-24 19:04:53'),
(1163, 30, 1, 6, 1, 3, 4.50, NULL, '2026-04-24 19:04:53', '2026-04-24 19:04:53'),
(1164, 30, 1, 6, 1, 4, 4.30, NULL, '2026-04-24 19:04:53', '2026-04-24 19:04:53'),
(1165, 30, 2, 6, 1, 1, 7.00, NULL, '2026-04-24 19:04:53', '2026-04-24 19:04:53'),
(1166, 30, 2, 6, 1, 2, 7.10, NULL, '2026-04-24 19:04:53', '2026-04-24 19:04:53'),
(1167, 30, 2, 6, 1, 3, 3.30, NULL, '2026-04-24 19:04:53', '2026-04-24 19:04:53'),
(1168, 30, 2, 6, 1, 4, 3.20, NULL, '2026-04-24 19:04:53', '2026-04-24 19:04:53'),
(1169, 30, 8, 6, 1, 1, 9.00, NULL, '2026-04-24 19:04:53', '2026-04-24 19:04:53'),
(1170, 30, 8, 6, 1, 2, 6.50, NULL, '2026-04-24 19:04:53', '2026-04-24 19:04:53'),
(1171, 30, 8, 6, 1, 3, 4.20, NULL, '2026-04-24 19:04:53', '2026-04-24 19:04:53'),
(1172, 30, 8, 6, 1, 4, 4.60, NULL, '2026-04-24 19:04:53', '2026-04-24 19:04:53'),
(1173, 30, 9, 6, 1, 1, 8.80, NULL, '2026-04-24 19:04:53', '2026-04-24 19:04:53'),
(1174, 30, 9, 6, 1, 2, 6.10, NULL, '2026-04-24 19:04:53', '2026-04-24 19:04:53'),
(1175, 30, 9, 6, 1, 3, 3.70, NULL, '2026-04-24 19:04:53', '2026-04-24 19:04:53'),
(1176, 30, 9, 6, 1, 4, 4.60, NULL, '2026-04-24 19:04:53', '2026-04-24 19:04:53'),
(1177, 30, 10, 6, 1, 1, 8.30, NULL, '2026-04-24 19:04:53', '2026-04-24 19:04:53'),
(1178, 30, 10, 6, 1, 2, 4.40, NULL, '2026-04-24 19:04:53', '2026-04-24 19:04:53'),
(1179, 30, 10, 6, 1, 3, 4.50, NULL, '2026-04-24 19:04:53', '2026-04-24 19:04:53'),
(1180, 30, 10, 6, 1, 4, 3.90, NULL, '2026-04-24 19:04:53', '2026-04-24 19:04:53'),
(1181, 30, 11, 6, 1, 1, 7.10, NULL, '2026-04-24 19:04:53', '2026-04-24 19:04:53'),
(1182, 30, 11, 6, 1, 2, 9.10, NULL, '2026-04-24 19:04:53', '2026-04-24 19:04:53'),
(1183, 30, 11, 6, 1, 3, 3.60, NULL, '2026-04-24 19:04:53', '2026-04-24 19:04:53'),
(1184, 30, 11, 6, 1, 4, 2.60, NULL, '2026-04-24 19:04:53', '2026-04-24 19:04:53'),
(1185, 30, 15, 6, 1, 1, 4.70, NULL, '2026-04-24 19:04:53', '2026-04-24 19:04:53'),
(1186, 30, 15, 6, 1, 2, 8.60, NULL, '2026-04-24 19:04:53', '2026-04-24 19:04:53'),
(1187, 30, 15, 6, 1, 3, 3.80, NULL, '2026-04-24 19:04:53', '2026-04-24 19:04:53'),
(1188, 30, 15, 6, 1, 4, 4.30, NULL, '2026-04-24 19:04:53', '2026-04-24 19:04:53'),
(1189, 30, 23, 6, 1, 1, 7.50, NULL, '2026-04-24 19:04:53', '2026-04-24 19:04:53'),
(1190, 30, 23, 6, 1, 2, 5.20, NULL, '2026-04-24 19:04:53', '2026-04-24 19:04:53'),
(1191, 30, 23, 6, 1, 3, 4.50, NULL, '2026-04-24 19:04:53', '2026-04-24 19:04:53'),
(1192, 30, 23, 6, 1, 4, 3.90, NULL, '2026-04-24 19:04:53', '2026-04-24 19:04:53'),
(1193, 30, 25, 6, 1, 1, 5.80, NULL, '2026-04-24 19:04:53', '2026-04-24 19:04:53'),
(1194, 30, 25, 6, 1, 2, 8.60, NULL, '2026-04-24 19:04:53', '2026-04-24 19:04:53'),
(1195, 30, 25, 6, 1, 3, 3.40, NULL, '2026-04-24 19:04:53', '2026-04-24 19:04:53'),
(1196, 30, 25, 6, 1, 4, 4.60, NULL, '2026-04-24 19:04:53', '2026-04-24 19:04:53'),
(1197, 30, 28, 6, 1, 1, 9.40, NULL, '2026-04-24 19:04:53', '2026-04-24 19:04:53'),
(1198, 30, 28, 6, 1, 2, 8.30, NULL, '2026-04-24 19:04:53', '2026-04-24 19:04:53'),
(1199, 30, 28, 6, 1, 3, 2.40, NULL, '2026-04-24 19:04:53', '2026-04-24 19:04:53'),
(1200, 30, 28, 6, 1, 4, 2.80, NULL, '2026-04-24 19:04:53', '2026-04-24 19:04:53'),
(1201, 31, 1, 7, 1, 1, 9.20, NULL, '2026-04-24 19:04:53', '2026-04-24 19:04:53'),
(1202, 31, 1, 7, 1, 2, 5.40, NULL, '2026-04-24 19:04:53', '2026-04-24 19:04:53'),
(1203, 31, 1, 7, 1, 3, 4.60, NULL, '2026-04-24 19:04:53', '2026-04-24 19:04:53'),
(1204, 31, 1, 7, 1, 4, 2.50, NULL, '2026-04-24 19:04:53', '2026-04-24 19:04:53'),
(1205, 31, 2, 7, 1, 1, 6.20, NULL, '2026-04-24 19:04:53', '2026-04-24 19:04:53'),
(1206, 31, 2, 7, 1, 2, 6.90, NULL, '2026-04-24 19:04:53', '2026-04-24 19:04:53'),
(1207, 31, 2, 7, 1, 3, 3.30, NULL, '2026-04-24 19:04:53', '2026-04-24 19:04:53'),
(1208, 31, 2, 7, 1, 4, 3.90, NULL, '2026-04-24 19:04:53', '2026-04-24 19:04:53'),
(1209, 31, 8, 7, 1, 1, 5.90, NULL, '2026-04-24 19:04:53', '2026-04-24 19:04:53'),
(1210, 31, 8, 7, 1, 2, 6.70, NULL, '2026-04-24 19:04:53', '2026-04-24 19:04:53'),
(1211, 31, 8, 7, 1, 3, 2.60, NULL, '2026-04-24 19:04:53', '2026-04-24 19:04:53'),
(1212, 31, 8, 7, 1, 4, 2.00, NULL, '2026-04-24 19:04:53', '2026-04-24 19:04:53'),
(1213, 31, 9, 7, 1, 1, 7.60, NULL, '2026-04-24 19:04:53', '2026-04-24 19:04:53'),
(1214, 31, 9, 7, 1, 2, 8.10, NULL, '2026-04-24 19:04:53', '2026-04-24 19:04:53'),
(1215, 31, 9, 7, 1, 3, 3.00, NULL, '2026-04-24 19:04:53', '2026-04-24 19:04:53'),
(1216, 31, 9, 7, 1, 4, 4.20, NULL, '2026-04-24 19:04:53', '2026-04-24 19:04:53'),
(1217, 31, 10, 7, 1, 1, 6.40, NULL, '2026-04-24 19:04:53', '2026-04-24 19:04:53'),
(1218, 31, 10, 7, 1, 2, 5.10, NULL, '2026-04-24 19:04:53', '2026-04-24 19:04:53'),
(1219, 31, 10, 7, 1, 3, 4.40, NULL, '2026-04-24 19:04:53', '2026-04-24 19:04:53'),
(1220, 31, 10, 7, 1, 4, 3.40, NULL, '2026-04-24 19:04:53', '2026-04-24 19:04:53'),
(1221, 31, 11, 7, 1, 1, 5.50, NULL, '2026-04-24 19:04:53', '2026-04-24 19:04:53'),
(1222, 31, 11, 7, 1, 2, 9.40, NULL, '2026-04-24 19:04:53', '2026-04-24 19:04:53'),
(1223, 31, 11, 7, 1, 3, 4.30, NULL, '2026-04-24 19:04:53', '2026-04-24 19:04:53'),
(1224, 31, 11, 7, 1, 4, 3.80, NULL, '2026-04-24 19:04:53', '2026-04-24 19:04:53'),
(1225, 31, 15, 7, 1, 1, 5.30, NULL, '2026-04-24 19:04:53', '2026-04-24 19:04:53'),
(1226, 31, 15, 7, 1, 2, 8.60, NULL, '2026-04-24 19:04:53', '2026-04-24 19:04:53'),
(1227, 31, 15, 7, 1, 3, 2.30, NULL, '2026-04-24 19:04:53', '2026-04-24 19:04:53'),
(1228, 31, 15, 7, 1, 4, 2.20, NULL, '2026-04-24 19:04:53', '2026-04-24 19:04:53'),
(1229, 31, 23, 7, 1, 1, 6.10, NULL, '2026-04-24 19:04:54', '2026-04-24 19:04:54'),
(1230, 31, 23, 7, 1, 2, 7.30, NULL, '2026-04-24 19:04:54', '2026-04-24 19:04:54'),
(1231, 31, 23, 7, 1, 3, 2.00, NULL, '2026-04-24 19:04:54', '2026-04-24 19:04:54'),
(1232, 31, 23, 7, 1, 4, 4.20, NULL, '2026-04-24 19:04:54', '2026-04-24 19:04:54'),
(1233, 31, 25, 7, 1, 1, 9.30, NULL, '2026-04-24 19:04:54', '2026-04-24 19:04:54'),
(1234, 31, 25, 7, 1, 2, 6.20, NULL, '2026-04-24 19:04:54', '2026-04-24 19:04:54'),
(1235, 31, 25, 7, 1, 3, 4.70, NULL, '2026-04-24 19:04:54', '2026-04-24 19:04:54'),
(1236, 31, 25, 7, 1, 4, 2.40, NULL, '2026-04-24 19:04:54', '2026-04-24 19:04:54'),
(1237, 31, 28, 7, 1, 1, 7.40, NULL, '2026-04-24 19:04:54', '2026-04-24 19:04:54'),
(1238, 31, 28, 7, 1, 2, 6.00, NULL, '2026-04-24 19:04:54', '2026-04-24 19:04:54'),
(1239, 31, 28, 7, 1, 3, 3.70, NULL, '2026-04-24 19:04:54', '2026-04-24 19:04:54'),
(1240, 31, 28, 7, 1, 4, 3.50, NULL, '2026-04-24 19:04:54', '2026-04-24 19:04:54'),
(1241, 32, 1, 7, 1, 1, 5.10, NULL, '2026-04-24 19:04:54', '2026-04-24 19:04:54'),
(1242, 32, 1, 7, 1, 2, 9.10, NULL, '2026-04-24 19:04:54', '2026-04-24 19:04:54'),
(1243, 32, 1, 7, 1, 3, 4.10, NULL, '2026-04-24 19:04:54', '2026-04-24 19:04:54'),
(1244, 32, 1, 7, 1, 4, 3.20, NULL, '2026-04-24 19:04:54', '2026-04-24 19:04:54'),
(1245, 32, 2, 7, 1, 1, 7.20, NULL, '2026-04-24 19:04:54', '2026-04-24 19:04:54'),
(1246, 32, 2, 7, 1, 2, 4.80, NULL, '2026-04-24 19:04:54', '2026-04-24 19:04:54'),
(1247, 32, 2, 7, 1, 3, 3.20, NULL, '2026-04-24 19:04:54', '2026-04-24 19:04:54'),
(1248, 32, 2, 7, 1, 4, 3.60, NULL, '2026-04-24 19:04:54', '2026-04-24 19:04:54'),
(1249, 32, 8, 7, 1, 1, 7.70, NULL, '2026-04-24 19:04:54', '2026-04-24 19:04:54'),
(1250, 32, 8, 7, 1, 2, 8.90, NULL, '2026-04-24 19:04:54', '2026-04-24 19:04:54'),
(1251, 32, 8, 7, 1, 3, 2.10, NULL, '2026-04-24 19:04:54', '2026-04-24 19:04:54'),
(1252, 32, 8, 7, 1, 4, 2.50, NULL, '2026-04-24 19:04:54', '2026-04-24 19:04:54'),
(1253, 32, 9, 7, 1, 1, 4.20, NULL, '2026-04-24 19:04:54', '2026-04-24 19:04:54'),
(1254, 32, 9, 7, 1, 2, 9.10, NULL, '2026-04-24 19:04:54', '2026-04-24 19:04:54');
INSERT INTO `ca_scores` (`id`, `student_id`, `subject_id`, `class_arm_id`, `term_id`, `ca_config_id`, `score`, `recorded_by`, `created_at`, `updated_at`) VALUES
(1255, 32, 9, 7, 1, 3, 3.00, NULL, '2026-04-24 19:04:54', '2026-04-24 19:04:54'),
(1256, 32, 9, 7, 1, 4, 4.70, NULL, '2026-04-24 19:04:54', '2026-04-24 19:04:54'),
(1257, 32, 10, 7, 1, 1, 4.30, NULL, '2026-04-24 19:04:54', '2026-04-24 19:04:54'),
(1258, 32, 10, 7, 1, 2, 4.10, NULL, '2026-04-24 19:04:54', '2026-04-24 19:04:54'),
(1259, 32, 10, 7, 1, 3, 2.80, NULL, '2026-04-24 19:04:54', '2026-04-24 19:04:54'),
(1260, 32, 10, 7, 1, 4, 4.00, NULL, '2026-04-24 19:04:54', '2026-04-24 19:04:54'),
(1261, 32, 11, 7, 1, 1, 5.80, NULL, '2026-04-24 19:04:54', '2026-04-24 19:04:54'),
(1262, 32, 11, 7, 1, 2, 7.80, NULL, '2026-04-24 19:04:54', '2026-04-24 19:04:54'),
(1263, 32, 11, 7, 1, 3, 3.10, NULL, '2026-04-24 19:04:54', '2026-04-24 19:04:54'),
(1264, 32, 11, 7, 1, 4, 4.00, NULL, '2026-04-24 19:04:54', '2026-04-24 19:04:54'),
(1265, 32, 15, 7, 1, 1, 7.70, NULL, '2026-04-24 19:04:54', '2026-04-24 19:04:54'),
(1266, 32, 15, 7, 1, 2, 7.60, NULL, '2026-04-24 19:04:54', '2026-04-24 19:04:54'),
(1267, 32, 15, 7, 1, 3, 3.10, NULL, '2026-04-24 19:04:54', '2026-04-24 19:04:54'),
(1268, 32, 15, 7, 1, 4, 3.50, NULL, '2026-04-24 19:04:54', '2026-04-24 19:04:54'),
(1269, 32, 23, 7, 1, 1, 8.30, NULL, '2026-04-24 19:04:54', '2026-04-24 19:04:54'),
(1270, 32, 23, 7, 1, 2, 7.30, NULL, '2026-04-24 19:04:54', '2026-04-24 19:04:54'),
(1271, 32, 23, 7, 1, 3, 2.90, NULL, '2026-04-24 19:04:54', '2026-04-24 19:04:54'),
(1272, 32, 23, 7, 1, 4, 3.90, NULL, '2026-04-24 19:04:54', '2026-04-24 19:04:54'),
(1273, 32, 25, 7, 1, 1, 8.40, NULL, '2026-04-24 19:04:54', '2026-04-24 19:04:54'),
(1274, 32, 25, 7, 1, 2, 7.90, NULL, '2026-04-24 19:04:54', '2026-04-24 19:04:54'),
(1275, 32, 25, 7, 1, 3, 4.30, NULL, '2026-04-24 19:04:54', '2026-04-24 19:04:54'),
(1276, 32, 25, 7, 1, 4, 2.60, NULL, '2026-04-24 19:04:54', '2026-04-24 19:04:54'),
(1277, 32, 28, 7, 1, 1, 8.90, NULL, '2026-04-24 19:04:54', '2026-04-24 19:04:54'),
(1278, 32, 28, 7, 1, 2, 5.10, NULL, '2026-04-24 19:04:54', '2026-04-24 19:04:54'),
(1279, 32, 28, 7, 1, 3, 4.10, NULL, '2026-04-24 19:04:54', '2026-04-24 19:04:54'),
(1280, 32, 28, 7, 1, 4, 4.40, NULL, '2026-04-24 19:04:54', '2026-04-24 19:04:54'),
(1281, 33, 1, 7, 1, 1, 6.90, NULL, '2026-04-24 19:04:54', '2026-04-24 19:04:54'),
(1282, 33, 1, 7, 1, 2, 5.20, NULL, '2026-04-24 19:04:54', '2026-04-24 19:04:54'),
(1283, 33, 1, 7, 1, 3, 3.40, NULL, '2026-04-24 19:04:54', '2026-04-24 19:04:54'),
(1284, 33, 1, 7, 1, 4, 2.70, NULL, '2026-04-24 19:04:54', '2026-04-24 19:04:54'),
(1285, 33, 2, 7, 1, 1, 6.60, NULL, '2026-04-24 19:04:54', '2026-04-24 19:04:54'),
(1286, 33, 2, 7, 1, 2, 5.40, NULL, '2026-04-24 19:04:54', '2026-04-24 19:04:54'),
(1287, 33, 2, 7, 1, 3, 3.80, NULL, '2026-04-24 19:04:54', '2026-04-24 19:04:54'),
(1288, 33, 2, 7, 1, 4, 2.70, NULL, '2026-04-24 19:04:54', '2026-04-24 19:04:54'),
(1289, 33, 8, 7, 1, 1, 7.80, NULL, '2026-04-24 19:04:54', '2026-04-24 19:04:54'),
(1290, 33, 8, 7, 1, 2, 8.30, NULL, '2026-04-24 19:04:54', '2026-04-24 19:04:54'),
(1291, 33, 8, 7, 1, 3, 3.60, NULL, '2026-04-24 19:04:54', '2026-04-24 19:04:54'),
(1292, 33, 8, 7, 1, 4, 2.70, NULL, '2026-04-24 19:04:54', '2026-04-24 19:04:54'),
(1293, 33, 9, 7, 1, 1, 4.80, NULL, '2026-04-24 19:04:54', '2026-04-24 19:04:54'),
(1294, 33, 9, 7, 1, 2, 9.10, NULL, '2026-04-24 19:04:54', '2026-04-24 19:04:54'),
(1295, 33, 9, 7, 1, 3, 4.70, NULL, '2026-04-24 19:04:54', '2026-04-24 19:04:54'),
(1296, 33, 9, 7, 1, 4, 3.40, NULL, '2026-04-24 19:04:54', '2026-04-24 19:04:54'),
(1297, 33, 10, 7, 1, 1, 8.30, NULL, '2026-04-24 19:04:54', '2026-04-24 19:04:54'),
(1298, 33, 10, 7, 1, 2, 5.60, NULL, '2026-04-24 19:04:54', '2026-04-24 19:04:54'),
(1299, 33, 10, 7, 1, 3, 3.80, NULL, '2026-04-24 19:04:54', '2026-04-24 19:04:54'),
(1300, 33, 10, 7, 1, 4, 4.40, NULL, '2026-04-24 19:04:54', '2026-04-24 19:04:54'),
(1301, 33, 11, 7, 1, 1, 4.00, NULL, '2026-04-24 19:04:54', '2026-04-24 19:04:54'),
(1302, 33, 11, 7, 1, 2, 8.80, NULL, '2026-04-24 19:04:54', '2026-04-24 19:04:54'),
(1303, 33, 11, 7, 1, 3, 3.00, NULL, '2026-04-24 19:04:54', '2026-04-24 19:04:54'),
(1304, 33, 11, 7, 1, 4, 2.20, NULL, '2026-04-24 19:04:54', '2026-04-24 19:04:54'),
(1305, 33, 15, 7, 1, 1, 9.50, NULL, '2026-04-24 19:04:54', '2026-04-24 19:04:54'),
(1306, 33, 15, 7, 1, 2, 8.70, NULL, '2026-04-24 19:04:54', '2026-04-24 19:04:54'),
(1307, 33, 15, 7, 1, 3, 2.90, NULL, '2026-04-24 19:04:54', '2026-04-24 19:04:54'),
(1308, 33, 15, 7, 1, 4, 3.30, NULL, '2026-04-24 19:04:54', '2026-04-24 19:04:54'),
(1309, 33, 23, 7, 1, 1, 4.80, NULL, '2026-04-24 19:04:54', '2026-04-24 19:04:54'),
(1310, 33, 23, 7, 1, 2, 9.40, NULL, '2026-04-24 19:04:54', '2026-04-24 19:04:54'),
(1311, 33, 23, 7, 1, 3, 2.60, NULL, '2026-04-24 19:04:54', '2026-04-24 19:04:54'),
(1312, 33, 23, 7, 1, 4, 3.10, NULL, '2026-04-24 19:04:54', '2026-04-24 19:04:54'),
(1313, 33, 25, 7, 1, 1, 6.00, NULL, '2026-04-24 19:04:54', '2026-04-24 19:04:54'),
(1314, 33, 25, 7, 1, 2, 8.60, NULL, '2026-04-24 19:04:54', '2026-04-24 19:04:54'),
(1315, 33, 25, 7, 1, 3, 4.60, NULL, '2026-04-24 19:04:54', '2026-04-24 19:04:54'),
(1316, 33, 25, 7, 1, 4, 4.00, NULL, '2026-04-24 19:04:54', '2026-04-24 19:04:54'),
(1317, 33, 28, 7, 1, 1, 8.60, NULL, '2026-04-24 19:04:54', '2026-04-24 19:04:54'),
(1318, 33, 28, 7, 1, 2, 7.90, NULL, '2026-04-24 19:04:54', '2026-04-24 19:04:54'),
(1319, 33, 28, 7, 1, 3, 2.90, NULL, '2026-04-24 19:04:54', '2026-04-24 19:04:54'),
(1320, 33, 28, 7, 1, 4, 4.70, NULL, '2026-04-24 19:04:54', '2026-04-24 19:04:54'),
(1321, 34, 1, 7, 1, 1, 4.50, NULL, '2026-04-24 19:04:54', '2026-04-24 19:04:54'),
(1322, 34, 1, 7, 1, 2, 6.20, NULL, '2026-04-24 19:04:54', '2026-04-24 19:04:54'),
(1323, 34, 1, 7, 1, 3, 4.50, NULL, '2026-04-24 19:04:54', '2026-04-24 19:04:54'),
(1324, 34, 1, 7, 1, 4, 4.70, NULL, '2026-04-24 19:04:54', '2026-04-24 19:04:54'),
(1325, 34, 2, 7, 1, 1, 9.40, NULL, '2026-04-24 19:04:54', '2026-04-24 19:04:54'),
(1326, 34, 2, 7, 1, 2, 8.80, NULL, '2026-04-24 19:04:54', '2026-04-24 19:04:54'),
(1327, 34, 2, 7, 1, 3, 2.70, NULL, '2026-04-24 19:04:54', '2026-04-24 19:04:54'),
(1328, 34, 2, 7, 1, 4, 3.80, NULL, '2026-04-24 19:04:54', '2026-04-24 19:04:54'),
(1329, 34, 8, 7, 1, 1, 7.50, NULL, '2026-04-24 19:04:54', '2026-04-24 19:04:54'),
(1330, 34, 8, 7, 1, 2, 4.30, NULL, '2026-04-24 19:04:54', '2026-04-24 19:04:54'),
(1331, 34, 8, 7, 1, 3, 4.30, NULL, '2026-04-24 19:04:54', '2026-04-24 19:04:54'),
(1332, 34, 8, 7, 1, 4, 3.10, NULL, '2026-04-24 19:04:54', '2026-04-24 19:04:54'),
(1333, 34, 9, 7, 1, 1, 8.80, NULL, '2026-04-24 19:04:54', '2026-04-24 19:04:54'),
(1334, 34, 9, 7, 1, 2, 5.40, NULL, '2026-04-24 19:04:54', '2026-04-24 19:04:54'),
(1335, 34, 9, 7, 1, 3, 4.70, NULL, '2026-04-24 19:04:54', '2026-04-24 19:04:54'),
(1336, 34, 9, 7, 1, 4, 4.50, NULL, '2026-04-24 19:04:54', '2026-04-24 19:04:54'),
(1337, 34, 10, 7, 1, 1, 7.90, NULL, '2026-04-24 19:04:54', '2026-04-24 19:04:54'),
(1338, 34, 10, 7, 1, 2, 4.80, NULL, '2026-04-24 19:04:54', '2026-04-24 19:04:54'),
(1339, 34, 10, 7, 1, 3, 3.90, NULL, '2026-04-24 19:04:54', '2026-04-24 19:04:54'),
(1340, 34, 10, 7, 1, 4, 3.40, NULL, '2026-04-24 19:04:54', '2026-04-24 19:04:54'),
(1341, 34, 11, 7, 1, 1, 8.00, NULL, '2026-04-24 19:04:54', '2026-04-24 19:04:54'),
(1342, 34, 11, 7, 1, 2, 6.00, NULL, '2026-04-24 19:04:54', '2026-04-24 19:04:54'),
(1343, 34, 11, 7, 1, 3, 3.30, NULL, '2026-04-24 19:04:54', '2026-04-24 19:04:54'),
(1344, 34, 11, 7, 1, 4, 2.10, NULL, '2026-04-24 19:04:54', '2026-04-24 19:04:54'),
(1345, 34, 15, 7, 1, 1, 5.30, NULL, '2026-04-24 19:04:54', '2026-04-24 19:04:54'),
(1346, 34, 15, 7, 1, 2, 8.80, NULL, '2026-04-24 19:04:54', '2026-04-24 19:04:54'),
(1347, 34, 15, 7, 1, 3, 2.90, NULL, '2026-04-24 19:04:54', '2026-04-24 19:04:54'),
(1348, 34, 15, 7, 1, 4, 3.30, NULL, '2026-04-24 19:04:54', '2026-04-24 19:04:54'),
(1349, 34, 23, 7, 1, 1, 5.90, NULL, '2026-04-24 19:04:54', '2026-04-24 19:04:54'),
(1350, 34, 23, 7, 1, 2, 5.00, NULL, '2026-04-24 19:04:54', '2026-04-24 19:04:54'),
(1351, 34, 23, 7, 1, 3, 3.20, NULL, '2026-04-24 19:04:54', '2026-04-24 19:04:54'),
(1352, 34, 23, 7, 1, 4, 4.70, NULL, '2026-04-24 19:04:54', '2026-04-24 19:04:54'),
(1353, 34, 25, 7, 1, 1, 8.20, NULL, '2026-04-24 19:04:54', '2026-04-24 19:04:54'),
(1354, 34, 25, 7, 1, 2, 9.50, NULL, '2026-04-24 19:04:54', '2026-04-24 19:04:54'),
(1355, 34, 25, 7, 1, 3, 2.70, NULL, '2026-04-24 19:04:54', '2026-04-24 19:04:54'),
(1356, 34, 25, 7, 1, 4, 3.00, NULL, '2026-04-24 19:04:54', '2026-04-24 19:04:54'),
(1357, 34, 28, 7, 1, 1, 6.70, NULL, '2026-04-24 19:04:54', '2026-04-24 19:04:54'),
(1358, 34, 28, 7, 1, 2, 9.10, NULL, '2026-04-24 19:04:54', '2026-04-24 19:04:54'),
(1359, 34, 28, 7, 1, 3, 3.30, NULL, '2026-04-24 19:04:54', '2026-04-24 19:04:54'),
(1360, 34, 28, 7, 1, 4, 4.20, NULL, '2026-04-24 19:04:54', '2026-04-24 19:04:54'),
(1361, 35, 1, 7, 1, 1, 5.90, NULL, '2026-04-24 19:04:54', '2026-04-24 19:04:54'),
(1362, 35, 1, 7, 1, 2, 6.80, NULL, '2026-04-24 19:04:54', '2026-04-24 19:04:54'),
(1363, 35, 1, 7, 1, 3, 2.90, NULL, '2026-04-24 19:04:54', '2026-04-24 19:04:54'),
(1364, 35, 1, 7, 1, 4, 3.20, NULL, '2026-04-24 19:04:54', '2026-04-24 19:04:54'),
(1365, 35, 2, 7, 1, 1, 6.60, NULL, '2026-04-24 19:04:54', '2026-04-24 19:04:54'),
(1366, 35, 2, 7, 1, 2, 7.60, NULL, '2026-04-24 19:04:54', '2026-04-24 19:04:54'),
(1367, 35, 2, 7, 1, 3, 2.40, NULL, '2026-04-24 19:04:54', '2026-04-24 19:04:54'),
(1368, 35, 2, 7, 1, 4, 2.30, NULL, '2026-04-24 19:04:54', '2026-04-24 19:04:54'),
(1369, 35, 8, 7, 1, 1, 8.70, NULL, '2026-04-24 19:04:54', '2026-04-24 19:04:54'),
(1370, 35, 8, 7, 1, 2, 6.00, NULL, '2026-04-24 19:04:54', '2026-04-24 19:04:54'),
(1371, 35, 8, 7, 1, 3, 2.40, NULL, '2026-04-24 19:04:54', '2026-04-24 19:04:54'),
(1372, 35, 8, 7, 1, 4, 3.10, NULL, '2026-04-24 19:04:54', '2026-04-24 19:04:54'),
(1373, 35, 9, 7, 1, 1, 4.10, NULL, '2026-04-24 19:04:54', '2026-04-24 19:04:54'),
(1374, 35, 9, 7, 1, 2, 5.10, NULL, '2026-04-24 19:04:54', '2026-04-24 19:04:54'),
(1375, 35, 9, 7, 1, 3, 4.20, NULL, '2026-04-24 19:04:54', '2026-04-24 19:04:54'),
(1376, 35, 9, 7, 1, 4, 2.60, NULL, '2026-04-24 19:04:54', '2026-04-24 19:04:54'),
(1377, 35, 10, 7, 1, 1, 6.30, NULL, '2026-04-24 19:04:54', '2026-04-24 19:04:54'),
(1378, 35, 10, 7, 1, 2, 5.50, NULL, '2026-04-24 19:04:54', '2026-04-24 19:04:54'),
(1379, 35, 10, 7, 1, 3, 4.30, NULL, '2026-04-24 19:04:54', '2026-04-24 19:04:54'),
(1380, 35, 10, 7, 1, 4, 2.70, NULL, '2026-04-24 19:04:54', '2026-04-24 19:04:54'),
(1381, 35, 11, 7, 1, 1, 4.40, NULL, '2026-04-24 19:04:54', '2026-04-24 19:04:54'),
(1382, 35, 11, 7, 1, 2, 4.90, NULL, '2026-04-24 19:04:54', '2026-04-24 19:04:54'),
(1383, 35, 11, 7, 1, 3, 3.80, NULL, '2026-04-24 19:04:54', '2026-04-24 19:04:54'),
(1384, 35, 11, 7, 1, 4, 3.50, NULL, '2026-04-24 19:04:54', '2026-04-24 19:04:54'),
(1385, 35, 15, 7, 1, 1, 6.70, NULL, '2026-04-24 19:04:54', '2026-04-24 19:04:54'),
(1386, 35, 15, 7, 1, 2, 4.90, NULL, '2026-04-24 19:04:54', '2026-04-24 19:04:54'),
(1387, 35, 15, 7, 1, 3, 3.40, NULL, '2026-04-24 19:04:54', '2026-04-24 19:04:54'),
(1388, 35, 15, 7, 1, 4, 3.10, NULL, '2026-04-24 19:04:54', '2026-04-24 19:04:54'),
(1389, 35, 23, 7, 1, 1, 7.80, NULL, '2026-04-24 19:04:54', '2026-04-24 19:04:54'),
(1390, 35, 23, 7, 1, 2, 7.40, NULL, '2026-04-24 19:04:54', '2026-04-24 19:04:54'),
(1391, 35, 23, 7, 1, 3, 2.80, NULL, '2026-04-24 19:04:54', '2026-04-24 19:04:54'),
(1392, 35, 23, 7, 1, 4, 2.90, NULL, '2026-04-24 19:04:54', '2026-04-24 19:04:54'),
(1393, 35, 25, 7, 1, 1, 5.70, NULL, '2026-04-24 19:04:54', '2026-04-24 19:04:54'),
(1394, 35, 25, 7, 1, 2, 5.30, NULL, '2026-04-24 19:04:54', '2026-04-24 19:04:54'),
(1395, 35, 25, 7, 1, 3, 4.10, NULL, '2026-04-24 19:04:54', '2026-04-24 19:04:54'),
(1396, 35, 25, 7, 1, 4, 2.70, NULL, '2026-04-24 19:04:54', '2026-04-24 19:04:54'),
(1397, 35, 28, 7, 1, 1, 4.50, NULL, '2026-04-24 19:04:54', '2026-04-24 19:04:54'),
(1398, 35, 28, 7, 1, 2, 5.50, NULL, '2026-04-24 19:04:54', '2026-04-24 19:04:54'),
(1399, 35, 28, 7, 1, 3, 2.40, NULL, '2026-04-24 19:04:54', '2026-04-24 19:04:54'),
(1400, 35, 28, 7, 1, 4, 4.30, NULL, '2026-04-24 19:04:54', '2026-04-24 19:04:54'),
(1401, 36, 1, 8, 1, 1, 4.20, NULL, '2026-04-24 19:04:54', '2026-04-24 19:04:54'),
(1402, 36, 1, 8, 1, 2, 4.40, NULL, '2026-04-24 19:04:54', '2026-04-24 19:04:54'),
(1403, 36, 1, 8, 1, 3, 3.20, NULL, '2026-04-24 19:04:54', '2026-04-24 19:04:54'),
(1404, 36, 1, 8, 1, 4, 3.00, NULL, '2026-04-24 19:04:54', '2026-04-24 19:04:54'),
(1405, 36, 2, 8, 1, 1, 5.10, NULL, '2026-04-24 19:04:54', '2026-04-24 19:04:54'),
(1406, 36, 2, 8, 1, 2, 4.10, NULL, '2026-04-24 19:04:54', '2026-04-24 19:04:54'),
(1407, 36, 2, 8, 1, 3, 2.30, NULL, '2026-04-24 19:04:54', '2026-04-24 19:04:54'),
(1408, 36, 2, 8, 1, 4, 2.40, NULL, '2026-04-24 19:04:54', '2026-04-24 19:04:54'),
(1409, 36, 8, 8, 1, 1, 7.20, NULL, '2026-04-24 19:04:54', '2026-04-24 19:04:54'),
(1410, 36, 8, 8, 1, 2, 6.30, NULL, '2026-04-24 19:04:54', '2026-04-24 19:04:54'),
(1411, 36, 8, 8, 1, 3, 2.90, NULL, '2026-04-24 19:04:54', '2026-04-24 19:04:54'),
(1412, 36, 8, 8, 1, 4, 4.50, NULL, '2026-04-24 19:04:54', '2026-04-24 19:04:54'),
(1413, 36, 9, 8, 1, 1, 9.40, NULL, '2026-04-24 19:04:54', '2026-04-24 19:04:54'),
(1414, 36, 9, 8, 1, 2, 5.00, NULL, '2026-04-24 19:04:54', '2026-04-24 19:04:54'),
(1415, 36, 9, 8, 1, 3, 2.90, NULL, '2026-04-24 19:04:54', '2026-04-24 19:04:54'),
(1416, 36, 9, 8, 1, 4, 2.20, NULL, '2026-04-24 19:04:54', '2026-04-24 19:04:54'),
(1417, 36, 10, 8, 1, 1, 8.40, NULL, '2026-04-24 19:04:54', '2026-04-24 19:04:54'),
(1418, 36, 10, 8, 1, 2, 8.90, NULL, '2026-04-24 19:04:54', '2026-04-24 19:04:54'),
(1419, 36, 10, 8, 1, 3, 4.00, NULL, '2026-04-24 19:04:54', '2026-04-24 19:04:54'),
(1420, 36, 10, 8, 1, 4, 3.90, NULL, '2026-04-24 19:04:54', '2026-04-24 19:04:54'),
(1421, 36, 11, 8, 1, 1, 8.50, NULL, '2026-04-24 19:04:54', '2026-04-24 19:04:54'),
(1422, 36, 11, 8, 1, 2, 9.50, NULL, '2026-04-24 19:04:54', '2026-04-24 19:04:54'),
(1423, 36, 11, 8, 1, 3, 3.20, NULL, '2026-04-24 19:04:54', '2026-04-24 19:04:54'),
(1424, 36, 11, 8, 1, 4, 4.30, NULL, '2026-04-24 19:04:54', '2026-04-24 19:04:54'),
(1425, 36, 15, 8, 1, 1, 9.30, NULL, '2026-04-24 19:04:54', '2026-04-24 19:04:54'),
(1426, 36, 15, 8, 1, 2, 6.00, NULL, '2026-04-24 19:04:54', '2026-04-24 19:04:54'),
(1427, 36, 15, 8, 1, 3, 3.30, NULL, '2026-04-24 19:04:54', '2026-04-24 19:04:54'),
(1428, 36, 15, 8, 1, 4, 3.20, NULL, '2026-04-24 19:04:54', '2026-04-24 19:04:54'),
(1429, 36, 23, 8, 1, 1, 8.50, NULL, '2026-04-24 19:04:54', '2026-04-24 19:04:54'),
(1430, 36, 23, 8, 1, 2, 6.80, NULL, '2026-04-24 19:04:54', '2026-04-24 19:04:54'),
(1431, 36, 23, 8, 1, 3, 4.60, NULL, '2026-04-24 19:04:54', '2026-04-24 19:04:54'),
(1432, 36, 23, 8, 1, 4, 4.00, NULL, '2026-04-24 19:04:54', '2026-04-24 19:04:54'),
(1433, 36, 25, 8, 1, 1, 4.40, NULL, '2026-04-24 19:04:54', '2026-04-24 19:04:54'),
(1434, 36, 25, 8, 1, 2, 5.20, NULL, '2026-04-24 19:04:54', '2026-04-24 19:04:54'),
(1435, 36, 25, 8, 1, 3, 2.90, NULL, '2026-04-24 19:04:54', '2026-04-24 19:04:54'),
(1436, 36, 25, 8, 1, 4, 4.00, NULL, '2026-04-24 19:04:54', '2026-04-24 19:04:54'),
(1437, 36, 28, 8, 1, 1, 7.40, NULL, '2026-04-24 19:04:54', '2026-04-24 19:04:54'),
(1438, 36, 28, 8, 1, 2, 8.50, NULL, '2026-04-24 19:04:54', '2026-04-24 19:04:54'),
(1439, 36, 28, 8, 1, 3, 3.30, NULL, '2026-04-24 19:04:54', '2026-04-24 19:04:54'),
(1440, 36, 28, 8, 1, 4, 3.30, NULL, '2026-04-24 19:04:54', '2026-04-24 19:04:54'),
(1441, 37, 1, 8, 1, 1, 9.00, NULL, '2026-04-24 19:04:54', '2026-04-24 19:04:54'),
(1442, 37, 1, 8, 1, 2, 7.80, NULL, '2026-04-24 19:04:54', '2026-04-24 19:04:54'),
(1443, 37, 1, 8, 1, 3, 2.40, NULL, '2026-04-24 19:04:54', '2026-04-24 19:04:54'),
(1444, 37, 1, 8, 1, 4, 4.30, NULL, '2026-04-24 19:04:54', '2026-04-24 19:04:54'),
(1445, 37, 2, 8, 1, 1, 4.70, NULL, '2026-04-24 19:04:54', '2026-04-24 19:04:54'),
(1446, 37, 2, 8, 1, 2, 8.30, NULL, '2026-04-24 19:04:54', '2026-04-24 19:04:54'),
(1447, 37, 2, 8, 1, 3, 4.00, NULL, '2026-04-24 19:04:54', '2026-04-24 19:04:54'),
(1448, 37, 2, 8, 1, 4, 4.70, NULL, '2026-04-24 19:04:54', '2026-04-24 19:04:54'),
(1449, 37, 8, 8, 1, 1, 9.40, NULL, '2026-04-24 19:04:54', '2026-04-24 19:04:54'),
(1450, 37, 8, 8, 1, 2, 8.50, NULL, '2026-04-24 19:04:54', '2026-04-24 19:04:54'),
(1451, 37, 8, 8, 1, 3, 3.40, NULL, '2026-04-24 19:04:54', '2026-04-24 19:04:54'),
(1452, 37, 8, 8, 1, 4, 3.90, NULL, '2026-04-24 19:04:54', '2026-04-24 19:04:54'),
(1453, 37, 9, 8, 1, 1, 9.00, NULL, '2026-04-24 19:04:54', '2026-04-24 19:04:54'),
(1454, 37, 9, 8, 1, 2, 7.50, NULL, '2026-04-24 19:04:54', '2026-04-24 19:04:54'),
(1455, 37, 9, 8, 1, 3, 4.40, NULL, '2026-04-24 19:04:54', '2026-04-24 19:04:54'),
(1456, 37, 9, 8, 1, 4, 3.00, NULL, '2026-04-24 19:04:54', '2026-04-24 19:04:54'),
(1457, 37, 10, 8, 1, 1, 7.50, NULL, '2026-04-24 19:04:54', '2026-04-24 19:04:54'),
(1458, 37, 10, 8, 1, 2, 5.90, NULL, '2026-04-24 19:04:54', '2026-04-24 19:04:54'),
(1459, 37, 10, 8, 1, 3, 3.20, NULL, '2026-04-24 19:04:54', '2026-04-24 19:04:54'),
(1460, 37, 10, 8, 1, 4, 2.80, NULL, '2026-04-24 19:04:54', '2026-04-24 19:04:54'),
(1461, 37, 11, 8, 1, 1, 4.80, NULL, '2026-04-24 19:04:54', '2026-04-24 19:04:54'),
(1462, 37, 11, 8, 1, 2, 8.70, NULL, '2026-04-24 19:04:54', '2026-04-24 19:04:54'),
(1463, 37, 11, 8, 1, 3, 2.80, NULL, '2026-04-24 19:04:54', '2026-04-24 19:04:54'),
(1464, 37, 11, 8, 1, 4, 3.90, NULL, '2026-04-24 19:04:54', '2026-04-24 19:04:54'),
(1465, 37, 15, 8, 1, 1, 8.90, NULL, '2026-04-24 19:04:54', '2026-04-24 19:04:54'),
(1466, 37, 15, 8, 1, 2, 8.00, NULL, '2026-04-24 19:04:54', '2026-04-24 19:04:54'),
(1467, 37, 15, 8, 1, 3, 3.80, NULL, '2026-04-24 19:04:54', '2026-04-24 19:04:54'),
(1468, 37, 15, 8, 1, 4, 4.20, NULL, '2026-04-24 19:04:54', '2026-04-24 19:04:54'),
(1469, 37, 23, 8, 1, 1, 4.50, NULL, '2026-04-24 19:04:54', '2026-04-24 19:04:54'),
(1470, 37, 23, 8, 1, 2, 5.60, NULL, '2026-04-24 19:04:54', '2026-04-24 19:04:54'),
(1471, 37, 23, 8, 1, 3, 4.00, NULL, '2026-04-24 19:04:54', '2026-04-24 19:04:54'),
(1472, 37, 23, 8, 1, 4, 3.40, NULL, '2026-04-24 19:04:54', '2026-04-24 19:04:54'),
(1473, 37, 25, 8, 1, 1, 4.70, NULL, '2026-04-24 19:04:54', '2026-04-24 19:04:54'),
(1474, 37, 25, 8, 1, 2, 7.00, NULL, '2026-04-24 19:04:54', '2026-04-24 19:04:54'),
(1475, 37, 25, 8, 1, 3, 4.40, NULL, '2026-04-24 19:04:54', '2026-04-24 19:04:54'),
(1476, 37, 25, 8, 1, 4, 4.60, NULL, '2026-04-24 19:04:54', '2026-04-24 19:04:54'),
(1477, 37, 28, 8, 1, 1, 6.70, NULL, '2026-04-24 19:04:54', '2026-04-24 19:04:54'),
(1478, 37, 28, 8, 1, 2, 8.60, NULL, '2026-04-24 19:04:54', '2026-04-24 19:04:54'),
(1479, 37, 28, 8, 1, 3, 2.40, NULL, '2026-04-24 19:04:54', '2026-04-24 19:04:54'),
(1480, 37, 28, 8, 1, 4, 4.10, NULL, '2026-04-24 19:04:54', '2026-04-24 19:04:54'),
(1481, 38, 1, 8, 1, 1, 4.80, NULL, '2026-04-24 19:04:54', '2026-04-24 19:04:54'),
(1482, 38, 1, 8, 1, 2, 9.50, NULL, '2026-04-24 19:04:54', '2026-04-24 19:04:54'),
(1483, 38, 1, 8, 1, 3, 3.00, NULL, '2026-04-24 19:04:54', '2026-04-24 19:04:54'),
(1484, 38, 1, 8, 1, 4, 4.20, NULL, '2026-04-24 19:04:54', '2026-04-24 19:04:54'),
(1485, 38, 2, 8, 1, 1, 9.20, NULL, '2026-04-24 19:04:54', '2026-04-24 19:04:54'),
(1486, 38, 2, 8, 1, 2, 5.80, NULL, '2026-04-24 19:04:54', '2026-04-24 19:04:54'),
(1487, 38, 2, 8, 1, 3, 4.60, NULL, '2026-04-24 19:04:54', '2026-04-24 19:04:54'),
(1488, 38, 2, 8, 1, 4, 4.30, NULL, '2026-04-24 19:04:54', '2026-04-24 19:04:54'),
(1489, 38, 8, 8, 1, 1, 7.90, NULL, '2026-04-24 19:04:54', '2026-04-24 19:04:54'),
(1490, 38, 8, 8, 1, 2, 9.50, NULL, '2026-04-24 19:04:54', '2026-04-24 19:04:54'),
(1491, 38, 8, 8, 1, 3, 3.10, NULL, '2026-04-24 19:04:54', '2026-04-24 19:04:54'),
(1492, 38, 8, 8, 1, 4, 2.40, NULL, '2026-04-24 19:04:54', '2026-04-24 19:04:54'),
(1493, 38, 9, 8, 1, 1, 5.40, NULL, '2026-04-24 19:04:54', '2026-04-24 19:04:54'),
(1494, 38, 9, 8, 1, 2, 4.30, NULL, '2026-04-24 19:04:54', '2026-04-24 19:04:54'),
(1495, 38, 9, 8, 1, 3, 3.40, NULL, '2026-04-24 19:04:54', '2026-04-24 19:04:54'),
(1496, 38, 9, 8, 1, 4, 3.90, NULL, '2026-04-24 19:04:54', '2026-04-24 19:04:54'),
(1497, 38, 10, 8, 1, 1, 4.60, NULL, '2026-04-24 19:04:54', '2026-04-24 19:04:54'),
(1498, 38, 10, 8, 1, 2, 6.40, NULL, '2026-04-24 19:04:54', '2026-04-24 19:04:54'),
(1499, 38, 10, 8, 1, 3, 4.30, NULL, '2026-04-24 19:04:54', '2026-04-24 19:04:54'),
(1500, 38, 10, 8, 1, 4, 4.60, NULL, '2026-04-24 19:04:54', '2026-04-24 19:04:54'),
(1501, 38, 11, 8, 1, 1, 8.30, NULL, '2026-04-24 19:04:54', '2026-04-24 19:04:54'),
(1502, 38, 11, 8, 1, 2, 6.90, NULL, '2026-04-24 19:04:54', '2026-04-24 19:04:54'),
(1503, 38, 11, 8, 1, 3, 4.00, NULL, '2026-04-24 19:04:54', '2026-04-24 19:04:54'),
(1504, 38, 11, 8, 1, 4, 2.70, NULL, '2026-04-24 19:04:54', '2026-04-24 19:04:54'),
(1505, 38, 15, 8, 1, 1, 8.60, NULL, '2026-04-24 19:04:54', '2026-04-24 19:04:54'),
(1506, 38, 15, 8, 1, 2, 9.10, NULL, '2026-04-24 19:04:54', '2026-04-24 19:04:54'),
(1507, 38, 15, 8, 1, 3, 2.60, NULL, '2026-04-24 19:04:54', '2026-04-24 19:04:54'),
(1508, 38, 15, 8, 1, 4, 3.30, NULL, '2026-04-24 19:04:54', '2026-04-24 19:04:54'),
(1509, 38, 23, 8, 1, 1, 6.10, NULL, '2026-04-24 19:04:54', '2026-04-24 19:04:54'),
(1510, 38, 23, 8, 1, 2, 4.00, NULL, '2026-04-24 19:04:54', '2026-04-24 19:04:54'),
(1511, 38, 23, 8, 1, 3, 2.40, NULL, '2026-04-24 19:04:54', '2026-04-24 19:04:54'),
(1512, 38, 23, 8, 1, 4, 3.20, NULL, '2026-04-24 19:04:54', '2026-04-24 19:04:54'),
(1513, 38, 25, 8, 1, 1, 4.60, NULL, '2026-04-24 19:04:54', '2026-04-24 19:04:54'),
(1514, 38, 25, 8, 1, 2, 5.80, NULL, '2026-04-24 19:04:54', '2026-04-24 19:04:54'),
(1515, 38, 25, 8, 1, 3, 4.30, NULL, '2026-04-24 19:04:54', '2026-04-24 19:04:54'),
(1516, 38, 25, 8, 1, 4, 3.60, NULL, '2026-04-24 19:04:54', '2026-04-24 19:04:54'),
(1517, 38, 28, 8, 1, 1, 4.80, NULL, '2026-04-24 19:04:54', '2026-04-24 19:04:54'),
(1518, 38, 28, 8, 1, 2, 4.50, NULL, '2026-04-24 19:04:54', '2026-04-24 19:04:54'),
(1519, 38, 28, 8, 1, 3, 4.10, NULL, '2026-04-24 19:04:54', '2026-04-24 19:04:54'),
(1520, 38, 28, 8, 1, 4, 2.40, NULL, '2026-04-24 19:04:54', '2026-04-24 19:04:54'),
(1521, 39, 1, 8, 1, 1, 6.60, NULL, '2026-04-24 19:04:54', '2026-04-24 19:04:54'),
(1522, 39, 1, 8, 1, 2, 7.80, NULL, '2026-04-24 19:04:54', '2026-04-24 19:04:54'),
(1523, 39, 1, 8, 1, 3, 2.80, NULL, '2026-04-24 19:04:54', '2026-04-24 19:04:54'),
(1524, 39, 1, 8, 1, 4, 2.30, NULL, '2026-04-24 19:04:54', '2026-04-24 19:04:54'),
(1525, 39, 2, 8, 1, 1, 7.60, NULL, '2026-04-24 19:04:54', '2026-04-24 19:04:54'),
(1526, 39, 2, 8, 1, 2, 4.90, NULL, '2026-04-24 19:04:54', '2026-04-24 19:04:54'),
(1527, 39, 2, 8, 1, 3, 3.00, NULL, '2026-04-24 19:04:54', '2026-04-24 19:04:54'),
(1528, 39, 2, 8, 1, 4, 2.50, NULL, '2026-04-24 19:04:54', '2026-04-24 19:04:54'),
(1529, 39, 8, 8, 1, 1, 6.60, NULL, '2026-04-24 19:04:54', '2026-04-24 19:04:54'),
(1530, 39, 8, 8, 1, 2, 8.70, NULL, '2026-04-24 19:04:54', '2026-04-24 19:04:54'),
(1531, 39, 8, 8, 1, 3, 4.70, NULL, '2026-04-24 19:04:54', '2026-04-24 19:04:54'),
(1532, 39, 8, 8, 1, 4, 4.00, NULL, '2026-04-24 19:04:54', '2026-04-24 19:04:54'),
(1533, 39, 9, 8, 1, 1, 7.60, NULL, '2026-04-24 19:04:54', '2026-04-24 19:04:54'),
(1534, 39, 9, 8, 1, 2, 6.10, NULL, '2026-04-24 19:04:54', '2026-04-24 19:04:54'),
(1535, 39, 9, 8, 1, 3, 2.50, NULL, '2026-04-24 19:04:54', '2026-04-24 19:04:54'),
(1536, 39, 9, 8, 1, 4, 4.70, NULL, '2026-04-24 19:04:54', '2026-04-24 19:04:54'),
(1537, 39, 10, 8, 1, 1, 6.50, NULL, '2026-04-24 19:04:54', '2026-04-24 19:04:54'),
(1538, 39, 10, 8, 1, 2, 9.00, NULL, '2026-04-24 19:04:54', '2026-04-24 19:04:54'),
(1539, 39, 10, 8, 1, 3, 4.40, NULL, '2026-04-24 19:04:54', '2026-04-24 19:04:54'),
(1540, 39, 10, 8, 1, 4, 3.10, NULL, '2026-04-24 19:04:54', '2026-04-24 19:04:54'),
(1541, 39, 11, 8, 1, 1, 6.90, NULL, '2026-04-24 19:04:54', '2026-04-24 19:04:54'),
(1542, 39, 11, 8, 1, 2, 6.10, NULL, '2026-04-24 19:04:54', '2026-04-24 19:04:54'),
(1543, 39, 11, 8, 1, 3, 3.80, NULL, '2026-04-24 19:04:54', '2026-04-24 19:04:54'),
(1544, 39, 11, 8, 1, 4, 4.50, NULL, '2026-04-24 19:04:54', '2026-04-24 19:04:54'),
(1545, 39, 15, 8, 1, 1, 8.70, NULL, '2026-04-24 19:04:54', '2026-04-24 19:04:54'),
(1546, 39, 15, 8, 1, 2, 9.00, NULL, '2026-04-24 19:04:54', '2026-04-24 19:04:54'),
(1547, 39, 15, 8, 1, 3, 3.00, NULL, '2026-04-24 19:04:54', '2026-04-24 19:04:54'),
(1548, 39, 15, 8, 1, 4, 3.60, NULL, '2026-04-24 19:04:54', '2026-04-24 19:04:54'),
(1549, 39, 23, 8, 1, 1, 6.10, NULL, '2026-04-24 19:04:54', '2026-04-24 19:04:54'),
(1550, 39, 23, 8, 1, 2, 9.30, NULL, '2026-04-24 19:04:54', '2026-04-24 19:04:54'),
(1551, 39, 23, 8, 1, 3, 2.20, NULL, '2026-04-24 19:04:54', '2026-04-24 19:04:54'),
(1552, 39, 23, 8, 1, 4, 2.10, NULL, '2026-04-24 19:04:54', '2026-04-24 19:04:54'),
(1553, 39, 25, 8, 1, 1, 5.40, NULL, '2026-04-24 19:04:54', '2026-04-24 19:04:54'),
(1554, 39, 25, 8, 1, 2, 5.60, NULL, '2026-04-24 19:04:54', '2026-04-24 19:04:54'),
(1555, 39, 25, 8, 1, 3, 4.70, NULL, '2026-04-24 19:04:54', '2026-04-24 19:04:54'),
(1556, 39, 25, 8, 1, 4, 4.30, NULL, '2026-04-24 19:04:54', '2026-04-24 19:04:54'),
(1557, 39, 28, 8, 1, 1, 9.30, NULL, '2026-04-24 19:04:54', '2026-04-24 19:04:54'),
(1558, 39, 28, 8, 1, 2, 4.50, NULL, '2026-04-24 19:04:54', '2026-04-24 19:04:54'),
(1559, 39, 28, 8, 1, 3, 4.40, NULL, '2026-04-24 19:04:54', '2026-04-24 19:04:54'),
(1560, 39, 28, 8, 1, 4, 4.60, NULL, '2026-04-24 19:04:54', '2026-04-24 19:04:54'),
(1561, 40, 1, 8, 1, 1, 8.40, NULL, '2026-04-24 19:04:54', '2026-04-24 19:04:54'),
(1562, 40, 1, 8, 1, 2, 6.60, NULL, '2026-04-24 19:04:54', '2026-04-24 19:04:54'),
(1563, 40, 1, 8, 1, 3, 3.90, NULL, '2026-04-24 19:04:54', '2026-04-24 19:04:54'),
(1564, 40, 1, 8, 1, 4, 2.10, NULL, '2026-04-24 19:04:54', '2026-04-24 19:04:54'),
(1565, 40, 2, 8, 1, 1, 4.60, NULL, '2026-04-24 19:04:54', '2026-04-24 19:04:54'),
(1566, 40, 2, 8, 1, 2, 9.30, NULL, '2026-04-24 19:04:54', '2026-04-24 19:04:54'),
(1567, 40, 2, 8, 1, 3, 4.30, NULL, '2026-04-24 19:04:54', '2026-04-24 19:04:54'),
(1568, 40, 2, 8, 1, 4, 3.50, NULL, '2026-04-24 19:04:54', '2026-04-24 19:04:54'),
(1569, 40, 8, 8, 1, 1, 5.20, NULL, '2026-04-24 19:04:54', '2026-04-24 19:04:54'),
(1570, 40, 8, 8, 1, 2, 7.00, NULL, '2026-04-24 19:04:54', '2026-04-24 19:04:54'),
(1571, 40, 8, 8, 1, 3, 2.70, NULL, '2026-04-24 19:04:54', '2026-04-24 19:04:54'),
(1572, 40, 8, 8, 1, 4, 3.40, NULL, '2026-04-24 19:04:54', '2026-04-24 19:04:54'),
(1573, 40, 9, 8, 1, 1, 8.50, NULL, '2026-04-24 19:04:54', '2026-04-24 19:04:54'),
(1574, 40, 9, 8, 1, 2, 7.40, NULL, '2026-04-24 19:04:54', '2026-04-24 19:04:54'),
(1575, 40, 9, 8, 1, 3, 4.20, NULL, '2026-04-24 19:04:54', '2026-04-24 19:04:54'),
(1576, 40, 9, 8, 1, 4, 3.20, NULL, '2026-04-24 19:04:54', '2026-04-24 19:04:54'),
(1577, 40, 10, 8, 1, 1, 7.30, NULL, '2026-04-24 19:04:54', '2026-04-24 19:04:54'),
(1578, 40, 10, 8, 1, 2, 8.50, NULL, '2026-04-24 19:04:54', '2026-04-24 19:04:54'),
(1579, 40, 10, 8, 1, 3, 3.40, NULL, '2026-04-24 19:04:54', '2026-04-24 19:04:54'),
(1580, 40, 10, 8, 1, 4, 4.50, NULL, '2026-04-24 19:04:54', '2026-04-24 19:04:54'),
(1581, 40, 11, 8, 1, 1, 6.30, NULL, '2026-04-24 19:04:54', '2026-04-24 19:04:54'),
(1582, 40, 11, 8, 1, 2, 6.30, NULL, '2026-04-24 19:04:54', '2026-04-24 19:04:54'),
(1583, 40, 11, 8, 1, 3, 4.30, NULL, '2026-04-24 19:04:54', '2026-04-24 19:04:54'),
(1584, 40, 11, 8, 1, 4, 2.20, NULL, '2026-04-24 19:04:54', '2026-04-24 19:04:54'),
(1585, 40, 15, 8, 1, 1, 8.30, NULL, '2026-04-24 19:04:54', '2026-04-24 19:04:54'),
(1586, 40, 15, 8, 1, 2, 5.50, NULL, '2026-04-24 19:04:54', '2026-04-24 19:04:54'),
(1587, 40, 15, 8, 1, 3, 3.90, NULL, '2026-04-24 19:04:54', '2026-04-24 19:04:54'),
(1588, 40, 15, 8, 1, 4, 2.50, NULL, '2026-04-24 19:04:54', '2026-04-24 19:04:54'),
(1589, 40, 23, 8, 1, 1, 4.10, NULL, '2026-04-24 19:04:54', '2026-04-24 19:04:54'),
(1590, 40, 23, 8, 1, 2, 5.20, NULL, '2026-04-24 19:04:54', '2026-04-24 19:04:54'),
(1591, 40, 23, 8, 1, 3, 2.80, NULL, '2026-04-24 19:04:54', '2026-04-24 19:04:54'),
(1592, 40, 23, 8, 1, 4, 2.30, NULL, '2026-04-24 19:04:54', '2026-04-24 19:04:54'),
(1593, 40, 25, 8, 1, 1, 8.30, NULL, '2026-04-24 19:04:54', '2026-04-24 19:04:54'),
(1594, 40, 25, 8, 1, 2, 8.20, NULL, '2026-04-24 19:04:54', '2026-04-24 19:04:54'),
(1595, 40, 25, 8, 1, 3, 3.90, NULL, '2026-04-24 19:04:54', '2026-04-24 19:04:54'),
(1596, 40, 25, 8, 1, 4, 3.00, NULL, '2026-04-24 19:04:54', '2026-04-24 19:04:54'),
(1597, 40, 28, 8, 1, 1, 4.00, NULL, '2026-04-24 19:04:54', '2026-04-24 19:04:54'),
(1598, 40, 28, 8, 1, 2, 4.20, NULL, '2026-04-24 19:04:54', '2026-04-24 19:04:54'),
(1599, 40, 28, 8, 1, 3, 4.50, NULL, '2026-04-24 19:04:54', '2026-04-24 19:04:54'),
(1600, 40, 28, 8, 1, 4, 4.70, NULL, '2026-04-24 19:04:54', '2026-04-24 19:04:54'),
(1601, 41, 1, 9, 1, 1, 4.80, NULL, '2026-04-24 19:04:54', '2026-04-24 19:04:54'),
(1602, 41, 1, 9, 1, 2, 5.40, NULL, '2026-04-24 19:04:54', '2026-04-24 19:04:54'),
(1603, 41, 1, 9, 1, 3, 4.50, NULL, '2026-04-24 19:04:54', '2026-04-24 19:04:54'),
(1604, 41, 1, 9, 1, 4, 2.70, NULL, '2026-04-24 19:04:54', '2026-04-24 19:04:54'),
(1605, 41, 2, 9, 1, 1, 7.70, NULL, '2026-04-24 19:04:54', '2026-04-24 19:04:54'),
(1606, 41, 2, 9, 1, 2, 7.60, NULL, '2026-04-24 19:04:54', '2026-04-24 19:04:54'),
(1607, 41, 2, 9, 1, 3, 4.40, NULL, '2026-04-24 19:04:54', '2026-04-24 19:04:54'),
(1608, 41, 2, 9, 1, 4, 3.70, NULL, '2026-04-24 19:04:54', '2026-04-24 19:04:54'),
(1609, 41, 8, 9, 1, 1, 6.70, NULL, '2026-04-24 19:04:55', '2026-04-24 19:04:55'),
(1610, 41, 8, 9, 1, 2, 6.10, NULL, '2026-04-24 19:04:55', '2026-04-24 19:04:55'),
(1611, 41, 8, 9, 1, 3, 3.40, NULL, '2026-04-24 19:04:55', '2026-04-24 19:04:55'),
(1612, 41, 8, 9, 1, 4, 2.70, NULL, '2026-04-24 19:04:55', '2026-04-24 19:04:55'),
(1613, 41, 9, 9, 1, 1, 9.50, NULL, '2026-04-24 19:04:55', '2026-04-24 19:04:55'),
(1614, 41, 9, 9, 1, 2, 5.90, NULL, '2026-04-24 19:04:55', '2026-04-24 19:04:55'),
(1615, 41, 9, 9, 1, 3, 3.70, NULL, '2026-04-24 19:04:55', '2026-04-24 19:04:55'),
(1616, 41, 9, 9, 1, 4, 2.00, NULL, '2026-04-24 19:04:55', '2026-04-24 19:04:55'),
(1617, 41, 10, 9, 1, 1, 4.20, NULL, '2026-04-24 19:04:55', '2026-04-24 19:04:55'),
(1618, 41, 10, 9, 1, 2, 4.90, NULL, '2026-04-24 19:04:55', '2026-04-24 19:04:55'),
(1619, 41, 10, 9, 1, 3, 4.40, NULL, '2026-04-24 19:04:55', '2026-04-24 19:04:55'),
(1620, 41, 10, 9, 1, 4, 3.10, NULL, '2026-04-24 19:04:55', '2026-04-24 19:04:55'),
(1621, 41, 11, 9, 1, 1, 6.40, NULL, '2026-04-24 19:04:55', '2026-04-24 19:04:55'),
(1622, 41, 11, 9, 1, 2, 6.70, NULL, '2026-04-24 19:04:55', '2026-04-24 19:04:55'),
(1623, 41, 11, 9, 1, 3, 3.70, NULL, '2026-04-24 19:04:55', '2026-04-24 19:04:55'),
(1624, 41, 11, 9, 1, 4, 3.80, NULL, '2026-04-24 19:04:55', '2026-04-24 19:04:55'),
(1625, 41, 15, 9, 1, 1, 9.10, NULL, '2026-04-24 19:04:55', '2026-04-24 19:04:55'),
(1626, 41, 15, 9, 1, 2, 8.50, NULL, '2026-04-24 19:04:55', '2026-04-24 19:04:55'),
(1627, 41, 15, 9, 1, 3, 3.80, NULL, '2026-04-24 19:04:55', '2026-04-24 19:04:55'),
(1628, 41, 15, 9, 1, 4, 2.50, NULL, '2026-04-24 19:04:55', '2026-04-24 19:04:55'),
(1629, 41, 23, 9, 1, 1, 6.50, NULL, '2026-04-24 19:04:55', '2026-04-24 19:04:55'),
(1630, 41, 23, 9, 1, 2, 4.00, NULL, '2026-04-24 19:04:55', '2026-04-24 19:04:55'),
(1631, 41, 23, 9, 1, 3, 4.60, NULL, '2026-04-24 19:04:55', '2026-04-24 19:04:55'),
(1632, 41, 23, 9, 1, 4, 2.60, NULL, '2026-04-24 19:04:55', '2026-04-24 19:04:55'),
(1633, 41, 25, 9, 1, 1, 8.20, NULL, '2026-04-24 19:04:55', '2026-04-24 19:04:55'),
(1634, 41, 25, 9, 1, 2, 4.80, NULL, '2026-04-24 19:04:55', '2026-04-24 19:04:55'),
(1635, 41, 25, 9, 1, 3, 3.80, NULL, '2026-04-24 19:04:55', '2026-04-24 19:04:55'),
(1636, 41, 25, 9, 1, 4, 3.50, NULL, '2026-04-24 19:04:55', '2026-04-24 19:04:55'),
(1637, 41, 28, 9, 1, 1, 7.50, NULL, '2026-04-24 19:04:55', '2026-04-24 19:04:55'),
(1638, 41, 28, 9, 1, 2, 9.00, NULL, '2026-04-24 19:04:55', '2026-04-24 19:04:55'),
(1639, 41, 28, 9, 1, 3, 3.40, NULL, '2026-04-24 19:04:55', '2026-04-24 19:04:55'),
(1640, 41, 28, 9, 1, 4, 2.90, NULL, '2026-04-24 19:04:55', '2026-04-24 19:04:55'),
(1641, 42, 1, 9, 1, 1, 6.70, NULL, '2026-04-24 19:04:55', '2026-04-24 19:04:55'),
(1642, 42, 1, 9, 1, 2, 5.40, NULL, '2026-04-24 19:04:55', '2026-04-24 19:04:55'),
(1643, 42, 1, 9, 1, 3, 4.10, NULL, '2026-04-24 19:04:55', '2026-04-24 19:04:55'),
(1644, 42, 1, 9, 1, 4, 2.70, NULL, '2026-04-24 19:04:55', '2026-04-24 19:04:55'),
(1645, 42, 2, 9, 1, 1, 8.00, NULL, '2026-04-24 19:04:55', '2026-04-24 19:04:55'),
(1646, 42, 2, 9, 1, 2, 5.70, NULL, '2026-04-24 19:04:55', '2026-04-24 19:04:55'),
(1647, 42, 2, 9, 1, 3, 2.90, NULL, '2026-04-24 19:04:55', '2026-04-24 19:04:55'),
(1648, 42, 2, 9, 1, 4, 3.20, NULL, '2026-04-24 19:04:55', '2026-04-24 19:04:55'),
(1649, 42, 8, 9, 1, 1, 7.00, NULL, '2026-04-24 19:04:55', '2026-04-24 19:04:55'),
(1650, 42, 8, 9, 1, 2, 5.30, NULL, '2026-04-24 19:04:55', '2026-04-24 19:04:55'),
(1651, 42, 8, 9, 1, 3, 4.70, NULL, '2026-04-24 19:04:55', '2026-04-24 19:04:55'),
(1652, 42, 8, 9, 1, 4, 2.70, NULL, '2026-04-24 19:04:55', '2026-04-24 19:04:55'),
(1653, 42, 9, 9, 1, 1, 7.70, NULL, '2026-04-24 19:04:55', '2026-04-24 19:04:55'),
(1654, 42, 9, 9, 1, 2, 8.60, NULL, '2026-04-24 19:04:55', '2026-04-24 19:04:55'),
(1655, 42, 9, 9, 1, 3, 3.30, NULL, '2026-04-24 19:04:55', '2026-04-24 19:04:55'),
(1656, 42, 9, 9, 1, 4, 3.40, NULL, '2026-04-24 19:04:55', '2026-04-24 19:04:55'),
(1657, 42, 10, 9, 1, 1, 7.10, NULL, '2026-04-24 19:04:55', '2026-04-24 19:04:55'),
(1658, 42, 10, 9, 1, 2, 7.30, NULL, '2026-04-24 19:04:55', '2026-04-24 19:04:55'),
(1659, 42, 10, 9, 1, 3, 4.40, NULL, '2026-04-24 19:04:55', '2026-04-24 19:04:55'),
(1660, 42, 10, 9, 1, 4, 4.00, NULL, '2026-04-24 19:04:55', '2026-04-24 19:04:55'),
(1661, 42, 11, 9, 1, 1, 4.50, NULL, '2026-04-24 19:04:55', '2026-04-24 19:04:55'),
(1662, 42, 11, 9, 1, 2, 4.40, NULL, '2026-04-24 19:04:55', '2026-04-24 19:04:55'),
(1663, 42, 11, 9, 1, 3, 2.30, NULL, '2026-04-24 19:04:55', '2026-04-24 19:04:55'),
(1664, 42, 11, 9, 1, 4, 3.40, NULL, '2026-04-24 19:04:55', '2026-04-24 19:04:55'),
(1665, 42, 15, 9, 1, 1, 6.50, NULL, '2026-04-24 19:04:55', '2026-04-24 19:04:55'),
(1666, 42, 15, 9, 1, 2, 8.30, NULL, '2026-04-24 19:04:55', '2026-04-24 19:04:55'),
(1667, 42, 15, 9, 1, 3, 3.00, NULL, '2026-04-24 19:04:55', '2026-04-24 19:04:55'),
(1668, 42, 15, 9, 1, 4, 3.20, NULL, '2026-04-24 19:04:55', '2026-04-24 19:04:55'),
(1669, 42, 23, 9, 1, 1, 5.70, NULL, '2026-04-24 19:04:55', '2026-04-24 19:04:55'),
(1670, 42, 23, 9, 1, 2, 8.90, NULL, '2026-04-24 19:04:55', '2026-04-24 19:04:55'),
(1671, 42, 23, 9, 1, 3, 3.10, NULL, '2026-04-24 19:04:55', '2026-04-24 19:04:55'),
(1672, 42, 23, 9, 1, 4, 3.00, NULL, '2026-04-24 19:04:55', '2026-04-24 19:04:55'),
(1673, 42, 25, 9, 1, 1, 8.20, NULL, '2026-04-24 19:04:55', '2026-04-24 19:04:55'),
(1674, 42, 25, 9, 1, 2, 4.20, NULL, '2026-04-24 19:04:55', '2026-04-24 19:04:55'),
(1675, 42, 25, 9, 1, 3, 3.00, NULL, '2026-04-24 19:04:55', '2026-04-24 19:04:55'),
(1676, 42, 25, 9, 1, 4, 3.50, NULL, '2026-04-24 19:04:55', '2026-04-24 19:04:55'),
(1677, 42, 28, 9, 1, 1, 4.20, NULL, '2026-04-24 19:04:55', '2026-04-24 19:04:55'),
(1678, 42, 28, 9, 1, 2, 8.30, NULL, '2026-04-24 19:04:55', '2026-04-24 19:04:55'),
(1679, 42, 28, 9, 1, 3, 3.50, NULL, '2026-04-24 19:04:55', '2026-04-24 19:04:55'),
(1680, 42, 28, 9, 1, 4, 3.50, NULL, '2026-04-24 19:04:55', '2026-04-24 19:04:55'),
(1681, 43, 1, 9, 1, 1, 4.80, NULL, '2026-04-24 19:04:55', '2026-04-24 19:04:55'),
(1682, 43, 1, 9, 1, 2, 5.50, NULL, '2026-04-24 19:04:55', '2026-04-24 19:04:55'),
(1683, 43, 1, 9, 1, 3, 4.50, NULL, '2026-04-24 19:04:55', '2026-04-24 19:04:55'),
(1684, 43, 1, 9, 1, 4, 4.20, NULL, '2026-04-24 19:04:55', '2026-04-24 19:04:55'),
(1685, 43, 2, 9, 1, 1, 5.00, NULL, '2026-04-24 19:04:55', '2026-04-24 19:04:55'),
(1686, 43, 2, 9, 1, 2, 5.70, NULL, '2026-04-24 19:04:55', '2026-04-24 19:04:55'),
(1687, 43, 2, 9, 1, 3, 2.10, NULL, '2026-04-24 19:04:55', '2026-04-24 19:04:55'),
(1688, 43, 2, 9, 1, 4, 2.30, NULL, '2026-04-24 19:04:55', '2026-04-24 19:04:55'),
(1689, 43, 8, 9, 1, 1, 4.40, NULL, '2026-04-24 19:04:55', '2026-04-24 19:04:55'),
(1690, 43, 8, 9, 1, 2, 9.20, NULL, '2026-04-24 19:04:55', '2026-04-24 19:04:55'),
(1691, 43, 8, 9, 1, 3, 3.30, NULL, '2026-04-24 19:04:55', '2026-04-24 19:04:55'),
(1692, 43, 8, 9, 1, 4, 3.40, NULL, '2026-04-24 19:04:55', '2026-04-24 19:04:55'),
(1693, 43, 9, 9, 1, 1, 8.80, NULL, '2026-04-24 19:04:55', '2026-04-24 19:04:55'),
(1694, 43, 9, 9, 1, 2, 7.90, NULL, '2026-04-24 19:04:55', '2026-04-24 19:04:55'),
(1695, 43, 9, 9, 1, 3, 4.60, NULL, '2026-04-24 19:04:55', '2026-04-24 19:04:55'),
(1696, 43, 9, 9, 1, 4, 4.20, NULL, '2026-04-24 19:04:55', '2026-04-24 19:04:55'),
(1697, 43, 10, 9, 1, 1, 6.20, NULL, '2026-04-24 19:04:55', '2026-04-24 19:04:55'),
(1698, 43, 10, 9, 1, 2, 8.60, NULL, '2026-04-24 19:04:55', '2026-04-24 19:04:55'),
(1699, 43, 10, 9, 1, 3, 2.80, NULL, '2026-04-24 19:04:55', '2026-04-24 19:04:55'),
(1700, 43, 10, 9, 1, 4, 3.30, NULL, '2026-04-24 19:04:55', '2026-04-24 19:04:55'),
(1701, 43, 11, 9, 1, 1, 8.90, NULL, '2026-04-24 19:04:55', '2026-04-24 19:04:55'),
(1702, 43, 11, 9, 1, 2, 8.80, NULL, '2026-04-24 19:04:55', '2026-04-24 19:04:55'),
(1703, 43, 11, 9, 1, 3, 3.30, NULL, '2026-04-24 19:04:55', '2026-04-24 19:04:55'),
(1704, 43, 11, 9, 1, 4, 4.40, NULL, '2026-04-24 19:04:55', '2026-04-24 19:04:55'),
(1705, 43, 15, 9, 1, 1, 6.20, NULL, '2026-04-24 19:04:55', '2026-04-24 19:04:55'),
(1706, 43, 15, 9, 1, 2, 8.00, NULL, '2026-04-24 19:04:55', '2026-04-24 19:04:55'),
(1707, 43, 15, 9, 1, 3, 3.40, NULL, '2026-04-24 19:04:55', '2026-04-24 19:04:55'),
(1708, 43, 15, 9, 1, 4, 3.40, NULL, '2026-04-24 19:04:55', '2026-04-24 19:04:55'),
(1709, 43, 23, 9, 1, 1, 5.80, NULL, '2026-04-24 19:04:55', '2026-04-24 19:04:55'),
(1710, 43, 23, 9, 1, 2, 6.10, NULL, '2026-04-24 19:04:55', '2026-04-24 19:04:55'),
(1711, 43, 23, 9, 1, 3, 2.20, NULL, '2026-04-24 19:04:55', '2026-04-24 19:04:55'),
(1712, 43, 23, 9, 1, 4, 3.20, NULL, '2026-04-24 19:04:55', '2026-04-24 19:04:55'),
(1713, 43, 25, 9, 1, 1, 4.90, NULL, '2026-04-24 19:04:55', '2026-04-24 19:04:55'),
(1714, 43, 25, 9, 1, 2, 4.20, NULL, '2026-04-24 19:04:55', '2026-04-24 19:04:55'),
(1715, 43, 25, 9, 1, 3, 3.70, NULL, '2026-04-24 19:04:55', '2026-04-24 19:04:55'),
(1716, 43, 25, 9, 1, 4, 4.20, NULL, '2026-04-24 19:04:55', '2026-04-24 19:04:55'),
(1717, 43, 28, 9, 1, 1, 9.20, NULL, '2026-04-24 19:04:55', '2026-04-24 19:04:55'),
(1718, 43, 28, 9, 1, 2, 8.00, NULL, '2026-04-24 19:04:55', '2026-04-24 19:04:55'),
(1719, 43, 28, 9, 1, 3, 4.20, NULL, '2026-04-24 19:04:55', '2026-04-24 19:04:55'),
(1720, 43, 28, 9, 1, 4, 2.50, NULL, '2026-04-24 19:04:55', '2026-04-24 19:04:55'),
(1721, 44, 1, 9, 1, 1, 5.00, NULL, '2026-04-24 19:04:55', '2026-04-24 19:04:55'),
(1722, 44, 1, 9, 1, 2, 7.60, NULL, '2026-04-24 19:04:55', '2026-04-24 19:04:55'),
(1723, 44, 1, 9, 1, 3, 4.10, NULL, '2026-04-24 19:04:55', '2026-04-24 19:04:55'),
(1724, 44, 1, 9, 1, 4, 2.40, NULL, '2026-04-24 19:04:55', '2026-04-24 19:04:55'),
(1725, 44, 2, 9, 1, 1, 4.80, NULL, '2026-04-24 19:04:55', '2026-04-24 19:04:55'),
(1726, 44, 2, 9, 1, 2, 6.10, NULL, '2026-04-24 19:04:55', '2026-04-24 19:04:55'),
(1727, 44, 2, 9, 1, 3, 2.80, NULL, '2026-04-24 19:04:55', '2026-04-24 19:04:55'),
(1728, 44, 2, 9, 1, 4, 2.80, NULL, '2026-04-24 19:04:55', '2026-04-24 19:04:55'),
(1729, 44, 8, 9, 1, 1, 5.50, NULL, '2026-04-24 19:04:55', '2026-04-24 19:04:55'),
(1730, 44, 8, 9, 1, 2, 8.30, NULL, '2026-04-24 19:04:55', '2026-04-24 19:04:55'),
(1731, 44, 8, 9, 1, 3, 2.20, NULL, '2026-04-24 19:04:55', '2026-04-24 19:04:55'),
(1732, 44, 8, 9, 1, 4, 2.60, NULL, '2026-04-24 19:04:55', '2026-04-24 19:04:55'),
(1733, 44, 9, 9, 1, 1, 6.70, NULL, '2026-04-24 19:04:55', '2026-04-24 19:04:55'),
(1734, 44, 9, 9, 1, 2, 7.80, NULL, '2026-04-24 19:04:55', '2026-04-24 19:04:55'),
(1735, 44, 9, 9, 1, 3, 2.20, NULL, '2026-04-24 19:04:55', '2026-04-24 19:04:55'),
(1736, 44, 9, 9, 1, 4, 3.40, NULL, '2026-04-24 19:04:55', '2026-04-24 19:04:55'),
(1737, 44, 10, 9, 1, 1, 7.00, NULL, '2026-04-24 19:04:55', '2026-04-24 19:04:55'),
(1738, 44, 10, 9, 1, 2, 7.90, NULL, '2026-04-24 19:04:55', '2026-04-24 19:04:55'),
(1739, 44, 10, 9, 1, 3, 2.90, NULL, '2026-04-24 19:04:55', '2026-04-24 19:04:55'),
(1740, 44, 10, 9, 1, 4, 2.50, NULL, '2026-04-24 19:04:55', '2026-04-24 19:04:55'),
(1741, 44, 11, 9, 1, 1, 4.00, NULL, '2026-04-24 19:04:55', '2026-04-24 19:04:55'),
(1742, 44, 11, 9, 1, 2, 7.50, NULL, '2026-04-24 19:04:55', '2026-04-24 19:04:55'),
(1743, 44, 11, 9, 1, 3, 4.20, NULL, '2026-04-24 19:04:55', '2026-04-24 19:04:55'),
(1744, 44, 11, 9, 1, 4, 2.10, NULL, '2026-04-24 19:04:55', '2026-04-24 19:04:55'),
(1745, 44, 15, 9, 1, 1, 7.40, NULL, '2026-04-24 19:04:55', '2026-04-24 19:04:55'),
(1746, 44, 15, 9, 1, 2, 8.90, NULL, '2026-04-24 19:04:55', '2026-04-24 19:04:55'),
(1747, 44, 15, 9, 1, 3, 4.40, NULL, '2026-04-24 19:04:55', '2026-04-24 19:04:55'),
(1748, 44, 15, 9, 1, 4, 2.70, NULL, '2026-04-24 19:04:55', '2026-04-24 19:04:55'),
(1749, 44, 23, 9, 1, 1, 6.70, NULL, '2026-04-24 19:04:55', '2026-04-24 19:04:55'),
(1750, 44, 23, 9, 1, 2, 8.10, NULL, '2026-04-24 19:04:55', '2026-04-24 19:04:55'),
(1751, 44, 23, 9, 1, 3, 2.70, NULL, '2026-04-24 19:04:55', '2026-04-24 19:04:55'),
(1752, 44, 23, 9, 1, 4, 3.00, NULL, '2026-04-24 19:04:55', '2026-04-24 19:04:55'),
(1753, 44, 25, 9, 1, 1, 8.90, NULL, '2026-04-24 19:04:55', '2026-04-24 19:04:55'),
(1754, 44, 25, 9, 1, 2, 8.60, NULL, '2026-04-24 19:04:55', '2026-04-24 19:04:55'),
(1755, 44, 25, 9, 1, 3, 3.50, NULL, '2026-04-24 19:04:55', '2026-04-24 19:04:55'),
(1756, 44, 25, 9, 1, 4, 2.50, NULL, '2026-04-24 19:04:55', '2026-04-24 19:04:55'),
(1757, 44, 28, 9, 1, 1, 9.40, NULL, '2026-04-24 19:04:55', '2026-04-24 19:04:55'),
(1758, 44, 28, 9, 1, 2, 5.90, NULL, '2026-04-24 19:04:55', '2026-04-24 19:04:55'),
(1759, 44, 28, 9, 1, 3, 3.10, NULL, '2026-04-24 19:04:55', '2026-04-24 19:04:55'),
(1760, 44, 28, 9, 1, 4, 2.40, NULL, '2026-04-24 19:04:55', '2026-04-24 19:04:55'),
(1761, 45, 1, 9, 1, 1, 5.90, NULL, '2026-04-24 19:04:55', '2026-04-24 19:04:55'),
(1762, 45, 1, 9, 1, 2, 5.50, NULL, '2026-04-24 19:04:55', '2026-04-24 19:04:55'),
(1763, 45, 1, 9, 1, 3, 4.50, NULL, '2026-04-24 19:04:55', '2026-04-24 19:04:55'),
(1764, 45, 1, 9, 1, 4, 2.70, NULL, '2026-04-24 19:04:55', '2026-04-24 19:04:55'),
(1765, 45, 2, 9, 1, 1, 7.20, NULL, '2026-04-24 19:04:55', '2026-04-24 19:04:55'),
(1766, 45, 2, 9, 1, 2, 8.80, NULL, '2026-04-24 19:04:55', '2026-04-24 19:04:55'),
(1767, 45, 2, 9, 1, 3, 4.00, NULL, '2026-04-24 19:04:55', '2026-04-24 19:04:55'),
(1768, 45, 2, 9, 1, 4, 4.60, NULL, '2026-04-24 19:04:55', '2026-04-24 19:04:55'),
(1769, 45, 8, 9, 1, 1, 6.20, NULL, '2026-04-24 19:04:55', '2026-04-24 19:04:55'),
(1770, 45, 8, 9, 1, 2, 7.70, NULL, '2026-04-24 19:04:55', '2026-04-24 19:04:55'),
(1771, 45, 8, 9, 1, 3, 3.40, NULL, '2026-04-24 19:04:55', '2026-04-24 19:04:55'),
(1772, 45, 8, 9, 1, 4, 3.00, NULL, '2026-04-24 19:04:55', '2026-04-24 19:04:55'),
(1773, 45, 9, 9, 1, 1, 9.20, NULL, '2026-04-24 19:04:55', '2026-04-24 19:04:55'),
(1774, 45, 9, 9, 1, 2, 9.10, NULL, '2026-04-24 19:04:55', '2026-04-24 19:04:55'),
(1775, 45, 9, 9, 1, 3, 2.10, NULL, '2026-04-24 19:04:55', '2026-04-24 19:04:55'),
(1776, 45, 9, 9, 1, 4, 3.60, NULL, '2026-04-24 19:04:55', '2026-04-24 19:04:55'),
(1777, 45, 10, 9, 1, 1, 5.70, NULL, '2026-04-24 19:04:55', '2026-04-24 19:04:55'),
(1778, 45, 10, 9, 1, 2, 8.20, NULL, '2026-04-24 19:04:55', '2026-04-24 19:04:55'),
(1779, 45, 10, 9, 1, 3, 4.60, NULL, '2026-04-24 19:04:55', '2026-04-24 19:04:55'),
(1780, 45, 10, 9, 1, 4, 2.80, NULL, '2026-04-24 19:04:55', '2026-04-24 19:04:55'),
(1781, 45, 11, 9, 1, 1, 8.90, NULL, '2026-04-24 19:04:55', '2026-04-24 19:04:55'),
(1782, 45, 11, 9, 1, 2, 5.40, NULL, '2026-04-24 19:04:55', '2026-04-24 19:04:55'),
(1783, 45, 11, 9, 1, 3, 3.60, NULL, '2026-04-24 19:04:55', '2026-04-24 19:04:55'),
(1784, 45, 11, 9, 1, 4, 4.50, NULL, '2026-04-24 19:04:55', '2026-04-24 19:04:55'),
(1785, 45, 15, 9, 1, 1, 6.60, NULL, '2026-04-24 19:04:55', '2026-04-24 19:04:55'),
(1786, 45, 15, 9, 1, 2, 9.40, NULL, '2026-04-24 19:04:55', '2026-04-24 19:04:55'),
(1787, 45, 15, 9, 1, 3, 2.20, NULL, '2026-04-24 19:04:55', '2026-04-24 19:04:55'),
(1788, 45, 15, 9, 1, 4, 3.30, NULL, '2026-04-24 19:04:55', '2026-04-24 19:04:55'),
(1789, 45, 23, 9, 1, 1, 4.50, NULL, '2026-04-24 19:04:55', '2026-04-24 19:04:55'),
(1790, 45, 23, 9, 1, 2, 8.30, NULL, '2026-04-24 19:04:55', '2026-04-24 19:04:55'),
(1791, 45, 23, 9, 1, 3, 2.40, NULL, '2026-04-24 19:04:55', '2026-04-24 19:04:55'),
(1792, 45, 23, 9, 1, 4, 4.00, NULL, '2026-04-24 19:04:55', '2026-04-24 19:04:55'),
(1793, 45, 25, 9, 1, 1, 8.90, NULL, '2026-04-24 19:04:55', '2026-04-24 19:04:55'),
(1794, 45, 25, 9, 1, 2, 9.20, NULL, '2026-04-24 19:04:55', '2026-04-24 19:04:55'),
(1795, 45, 25, 9, 1, 3, 3.00, NULL, '2026-04-24 19:04:55', '2026-04-24 19:04:55'),
(1796, 45, 25, 9, 1, 4, 4.70, NULL, '2026-04-24 19:04:55', '2026-04-24 19:04:55'),
(1797, 45, 28, 9, 1, 1, 4.50, NULL, '2026-04-24 19:04:55', '2026-04-24 19:04:55'),
(1798, 45, 28, 9, 1, 2, 8.00, NULL, '2026-04-24 19:04:55', '2026-04-24 19:04:55'),
(1799, 45, 28, 9, 1, 3, 2.10, NULL, '2026-04-24 19:04:55', '2026-04-24 19:04:55'),
(1800, 45, 28, 9, 1, 4, 4.30, NULL, '2026-04-24 19:04:55', '2026-04-24 19:04:55'),
(1801, 46, 1, 10, 1, 1, 7.60, NULL, '2026-04-24 19:04:55', '2026-04-24 19:04:55'),
(1802, 46, 1, 10, 1, 2, 7.70, NULL, '2026-04-24 19:04:55', '2026-04-24 19:04:55'),
(1803, 46, 1, 10, 1, 3, 4.40, NULL, '2026-04-24 19:04:55', '2026-04-24 19:04:55'),
(1804, 46, 1, 10, 1, 4, 4.20, NULL, '2026-04-24 19:04:55', '2026-04-24 19:04:55'),
(1805, 46, 2, 10, 1, 1, 5.70, NULL, '2026-04-24 19:04:55', '2026-04-24 19:04:55'),
(1806, 46, 2, 10, 1, 2, 7.40, NULL, '2026-04-24 19:04:55', '2026-04-24 19:04:55'),
(1807, 46, 2, 10, 1, 3, 4.20, NULL, '2026-04-24 19:04:55', '2026-04-24 19:04:55'),
(1808, 46, 2, 10, 1, 4, 3.10, NULL, '2026-04-24 19:04:55', '2026-04-24 19:04:55'),
(1809, 46, 8, 10, 1, 1, 6.40, NULL, '2026-04-24 19:04:55', '2026-04-24 19:04:55'),
(1810, 46, 8, 10, 1, 2, 6.30, NULL, '2026-04-24 19:04:55', '2026-04-24 19:04:55'),
(1811, 46, 8, 10, 1, 3, 2.30, NULL, '2026-04-24 19:04:55', '2026-04-24 19:04:55'),
(1812, 46, 8, 10, 1, 4, 2.80, NULL, '2026-04-24 19:04:55', '2026-04-24 19:04:55'),
(1813, 46, 9, 10, 1, 1, 7.00, NULL, '2026-04-24 19:04:55', '2026-04-24 19:04:55'),
(1814, 46, 9, 10, 1, 2, 4.90, NULL, '2026-04-24 19:04:55', '2026-04-24 19:04:55'),
(1815, 46, 9, 10, 1, 3, 3.70, NULL, '2026-04-24 19:04:55', '2026-04-24 19:04:55'),
(1816, 46, 9, 10, 1, 4, 2.60, NULL, '2026-04-24 19:04:55', '2026-04-24 19:04:55'),
(1817, 46, 10, 10, 1, 1, 4.70, NULL, '2026-04-24 19:04:55', '2026-04-24 19:04:55'),
(1818, 46, 10, 10, 1, 2, 7.90, NULL, '2026-04-24 19:04:55', '2026-04-24 19:04:55'),
(1819, 46, 10, 10, 1, 3, 2.90, NULL, '2026-04-24 19:04:55', '2026-04-24 19:04:55'),
(1820, 46, 10, 10, 1, 4, 4.20, NULL, '2026-04-24 19:04:55', '2026-04-24 19:04:55'),
(1821, 46, 11, 10, 1, 1, 6.30, NULL, '2026-04-24 19:04:55', '2026-04-24 19:04:55'),
(1822, 46, 11, 10, 1, 2, 5.70, NULL, '2026-04-24 19:04:55', '2026-04-24 19:04:55'),
(1823, 46, 11, 10, 1, 3, 4.10, NULL, '2026-04-24 19:04:55', '2026-04-24 19:04:55'),
(1824, 46, 11, 10, 1, 4, 2.80, NULL, '2026-04-24 19:04:55', '2026-04-24 19:04:55'),
(1825, 46, 15, 10, 1, 1, 4.80, NULL, '2026-04-24 19:04:55', '2026-04-24 19:04:55'),
(1826, 46, 15, 10, 1, 2, 7.50, NULL, '2026-04-24 19:04:55', '2026-04-24 19:04:55'),
(1827, 46, 15, 10, 1, 3, 2.90, NULL, '2026-04-24 19:04:55', '2026-04-24 19:04:55'),
(1828, 46, 15, 10, 1, 4, 3.70, NULL, '2026-04-24 19:04:55', '2026-04-24 19:04:55'),
(1829, 46, 23, 10, 1, 1, 8.90, NULL, '2026-04-24 19:04:55', '2026-04-24 19:04:55'),
(1830, 46, 23, 10, 1, 2, 7.40, NULL, '2026-04-24 19:04:55', '2026-04-24 19:04:55'),
(1831, 46, 23, 10, 1, 3, 2.10, NULL, '2026-04-24 19:04:55', '2026-04-24 19:04:55'),
(1832, 46, 23, 10, 1, 4, 2.70, NULL, '2026-04-24 19:04:55', '2026-04-24 19:04:55'),
(1833, 46, 25, 10, 1, 1, 8.00, NULL, '2026-04-24 19:04:55', '2026-04-24 19:04:55'),
(1834, 46, 25, 10, 1, 2, 4.90, NULL, '2026-04-24 19:04:55', '2026-04-24 19:04:55'),
(1835, 46, 25, 10, 1, 3, 4.40, NULL, '2026-04-24 19:04:55', '2026-04-24 19:04:55'),
(1836, 46, 25, 10, 1, 4, 2.10, NULL, '2026-04-24 19:04:55', '2026-04-24 19:04:55'),
(1837, 46, 28, 10, 1, 1, 4.50, NULL, '2026-04-24 19:04:55', '2026-04-24 19:04:55'),
(1838, 46, 28, 10, 1, 2, 6.80, NULL, '2026-04-24 19:04:55', '2026-04-24 19:04:55'),
(1839, 46, 28, 10, 1, 3, 2.80, NULL, '2026-04-24 19:04:55', '2026-04-24 19:04:55'),
(1840, 46, 28, 10, 1, 4, 4.60, NULL, '2026-04-24 19:04:55', '2026-04-24 19:04:55'),
(1841, 47, 1, 10, 1, 1, 6.10, NULL, '2026-04-24 19:04:55', '2026-04-24 19:04:55'),
(1842, 47, 1, 10, 1, 2, 8.00, NULL, '2026-04-24 19:04:55', '2026-04-24 19:04:55'),
(1843, 47, 1, 10, 1, 3, 3.80, NULL, '2026-04-24 19:04:55', '2026-04-24 19:04:55'),
(1844, 47, 1, 10, 1, 4, 4.10, NULL, '2026-04-24 19:04:55', '2026-04-24 19:04:55'),
(1845, 47, 2, 10, 1, 1, 4.00, NULL, '2026-04-24 19:04:55', '2026-04-24 19:04:55'),
(1846, 47, 2, 10, 1, 2, 9.00, NULL, '2026-04-24 19:04:55', '2026-04-24 19:04:55'),
(1847, 47, 2, 10, 1, 3, 2.20, NULL, '2026-04-24 19:04:55', '2026-04-24 19:04:55'),
(1848, 47, 2, 10, 1, 4, 2.40, NULL, '2026-04-24 19:04:55', '2026-04-24 19:04:55'),
(1849, 47, 8, 10, 1, 1, 6.10, NULL, '2026-04-24 19:04:55', '2026-04-24 19:04:55'),
(1850, 47, 8, 10, 1, 2, 9.50, NULL, '2026-04-24 19:04:55', '2026-04-24 19:04:55'),
(1851, 47, 8, 10, 1, 3, 4.50, NULL, '2026-04-24 19:04:55', '2026-04-24 19:04:55'),
(1852, 47, 8, 10, 1, 4, 2.00, NULL, '2026-04-24 19:04:55', '2026-04-24 19:04:55'),
(1853, 47, 9, 10, 1, 1, 5.10, NULL, '2026-04-24 19:04:55', '2026-04-24 19:04:55'),
(1854, 47, 9, 10, 1, 2, 4.80, NULL, '2026-04-24 19:04:55', '2026-04-24 19:04:55'),
(1855, 47, 9, 10, 1, 3, 2.90, NULL, '2026-04-24 19:04:55', '2026-04-24 19:04:55'),
(1856, 47, 9, 10, 1, 4, 2.70, NULL, '2026-04-24 19:04:55', '2026-04-24 19:04:55'),
(1857, 47, 10, 10, 1, 1, 5.70, NULL, '2026-04-24 19:04:55', '2026-04-24 19:04:55'),
(1858, 47, 10, 10, 1, 2, 7.10, NULL, '2026-04-24 19:04:55', '2026-04-24 19:04:55'),
(1859, 47, 10, 10, 1, 3, 2.10, NULL, '2026-04-24 19:04:55', '2026-04-24 19:04:55'),
(1860, 47, 10, 10, 1, 4, 2.80, NULL, '2026-04-24 19:04:55', '2026-04-24 19:04:55'),
(1861, 47, 11, 10, 1, 1, 8.60, NULL, '2026-04-24 19:04:55', '2026-04-24 19:04:55'),
(1862, 47, 11, 10, 1, 2, 6.70, NULL, '2026-04-24 19:04:55', '2026-04-24 19:04:55'),
(1863, 47, 11, 10, 1, 3, 4.70, NULL, '2026-04-24 19:04:55', '2026-04-24 19:04:55'),
(1864, 47, 11, 10, 1, 4, 3.70, NULL, '2026-04-24 19:04:55', '2026-04-24 19:04:55'),
(1865, 47, 15, 10, 1, 1, 7.80, NULL, '2026-04-24 19:04:55', '2026-04-24 19:04:55'),
(1866, 47, 15, 10, 1, 2, 6.90, NULL, '2026-04-24 19:04:55', '2026-04-24 19:04:55'),
(1867, 47, 15, 10, 1, 3, 4.50, NULL, '2026-04-24 19:04:55', '2026-04-24 19:04:55'),
(1868, 47, 15, 10, 1, 4, 4.20, NULL, '2026-04-24 19:04:55', '2026-04-24 19:04:55'),
(1869, 47, 23, 10, 1, 1, 7.40, NULL, '2026-04-24 19:04:55', '2026-04-24 19:04:55'),
(1870, 47, 23, 10, 1, 2, 8.80, NULL, '2026-04-24 19:04:55', '2026-04-24 19:04:55'),
(1871, 47, 23, 10, 1, 3, 4.60, NULL, '2026-04-24 19:04:55', '2026-04-24 19:04:55');
INSERT INTO `ca_scores` (`id`, `student_id`, `subject_id`, `class_arm_id`, `term_id`, `ca_config_id`, `score`, `recorded_by`, `created_at`, `updated_at`) VALUES
(1872, 47, 23, 10, 1, 4, 4.60, NULL, '2026-04-24 19:04:55', '2026-04-24 19:04:55'),
(1873, 47, 25, 10, 1, 1, 8.60, NULL, '2026-04-24 19:04:55', '2026-04-24 19:04:55'),
(1874, 47, 25, 10, 1, 2, 9.10, NULL, '2026-04-24 19:04:55', '2026-04-24 19:04:55'),
(1875, 47, 25, 10, 1, 3, 4.50, NULL, '2026-04-24 19:04:55', '2026-04-24 19:04:55'),
(1876, 47, 25, 10, 1, 4, 3.70, NULL, '2026-04-24 19:04:55', '2026-04-24 19:04:55'),
(1877, 47, 28, 10, 1, 1, 4.20, NULL, '2026-04-24 19:04:55', '2026-04-24 19:04:55'),
(1878, 47, 28, 10, 1, 2, 9.20, NULL, '2026-04-24 19:04:55', '2026-04-24 19:04:55'),
(1879, 47, 28, 10, 1, 3, 4.70, NULL, '2026-04-24 19:04:55', '2026-04-24 19:04:55'),
(1880, 47, 28, 10, 1, 4, 4.60, NULL, '2026-04-24 19:04:55', '2026-04-24 19:04:55'),
(1881, 48, 1, 10, 1, 1, 6.90, NULL, '2026-04-24 19:04:55', '2026-04-24 19:04:55'),
(1882, 48, 1, 10, 1, 2, 6.30, NULL, '2026-04-24 19:04:55', '2026-04-24 19:04:55'),
(1883, 48, 1, 10, 1, 3, 4.30, NULL, '2026-04-24 19:04:55', '2026-04-24 19:04:55'),
(1884, 48, 1, 10, 1, 4, 4.20, NULL, '2026-04-24 19:04:55', '2026-04-24 19:04:55'),
(1885, 48, 2, 10, 1, 1, 6.80, NULL, '2026-04-24 19:04:55', '2026-04-24 19:04:55'),
(1886, 48, 2, 10, 1, 2, 9.10, NULL, '2026-04-24 19:04:55', '2026-04-24 19:04:55'),
(1887, 48, 2, 10, 1, 3, 4.30, NULL, '2026-04-24 19:04:55', '2026-04-24 19:04:55'),
(1888, 48, 2, 10, 1, 4, 3.80, NULL, '2026-04-24 19:04:55', '2026-04-24 19:04:55'),
(1889, 48, 8, 10, 1, 1, 9.20, NULL, '2026-04-24 19:04:55', '2026-04-24 19:04:55'),
(1890, 48, 8, 10, 1, 2, 7.40, NULL, '2026-04-24 19:04:55', '2026-04-24 19:04:55'),
(1891, 48, 8, 10, 1, 3, 2.00, NULL, '2026-04-24 19:04:55', '2026-04-24 19:04:55'),
(1892, 48, 8, 10, 1, 4, 3.10, NULL, '2026-04-24 19:04:55', '2026-04-24 19:04:55'),
(1893, 48, 9, 10, 1, 1, 9.50, NULL, '2026-04-24 19:04:55', '2026-04-24 19:04:55'),
(1894, 48, 9, 10, 1, 2, 8.60, NULL, '2026-04-24 19:04:55', '2026-04-24 19:04:55'),
(1895, 48, 9, 10, 1, 3, 2.70, NULL, '2026-04-24 19:04:55', '2026-04-24 19:04:55'),
(1896, 48, 9, 10, 1, 4, 3.70, NULL, '2026-04-24 19:04:55', '2026-04-24 19:04:55'),
(1897, 48, 10, 10, 1, 1, 8.40, NULL, '2026-04-24 19:04:55', '2026-04-24 19:04:55'),
(1898, 48, 10, 10, 1, 2, 8.00, NULL, '2026-04-24 19:04:55', '2026-04-24 19:04:55'),
(1899, 48, 10, 10, 1, 3, 4.50, NULL, '2026-04-24 19:04:55', '2026-04-24 19:04:55'),
(1900, 48, 10, 10, 1, 4, 4.60, NULL, '2026-04-24 19:04:55', '2026-04-24 19:04:55'),
(1901, 48, 11, 10, 1, 1, 9.10, NULL, '2026-04-24 19:04:55', '2026-04-24 19:04:55'),
(1902, 48, 11, 10, 1, 2, 4.60, NULL, '2026-04-24 19:04:55', '2026-04-24 19:04:55'),
(1903, 48, 11, 10, 1, 3, 3.10, NULL, '2026-04-24 19:04:55', '2026-04-24 19:04:55'),
(1904, 48, 11, 10, 1, 4, 2.50, NULL, '2026-04-24 19:04:55', '2026-04-24 19:04:55'),
(1905, 48, 15, 10, 1, 1, 7.90, NULL, '2026-04-24 19:04:55', '2026-04-24 19:04:55'),
(1906, 48, 15, 10, 1, 2, 5.10, NULL, '2026-04-24 19:04:55', '2026-04-24 19:04:55'),
(1907, 48, 15, 10, 1, 3, 4.00, NULL, '2026-04-24 19:04:55', '2026-04-24 19:04:55'),
(1908, 48, 15, 10, 1, 4, 2.20, NULL, '2026-04-24 19:04:55', '2026-04-24 19:04:55'),
(1909, 48, 23, 10, 1, 1, 6.60, NULL, '2026-04-24 19:04:55', '2026-04-24 19:04:55'),
(1910, 48, 23, 10, 1, 2, 5.50, NULL, '2026-04-24 19:04:55', '2026-04-24 19:04:55'),
(1911, 48, 23, 10, 1, 3, 2.20, NULL, '2026-04-24 19:04:55', '2026-04-24 19:04:55'),
(1912, 48, 23, 10, 1, 4, 4.70, NULL, '2026-04-24 19:04:55', '2026-04-24 19:04:55'),
(1913, 48, 25, 10, 1, 1, 7.40, NULL, '2026-04-24 19:04:55', '2026-04-24 19:04:55'),
(1914, 48, 25, 10, 1, 2, 8.00, NULL, '2026-04-24 19:04:55', '2026-04-24 19:04:55'),
(1915, 48, 25, 10, 1, 3, 3.90, NULL, '2026-04-24 19:04:55', '2026-04-24 19:04:55'),
(1916, 48, 25, 10, 1, 4, 2.90, NULL, '2026-04-24 19:04:55', '2026-04-24 19:04:55'),
(1917, 48, 28, 10, 1, 1, 5.60, NULL, '2026-04-24 19:04:55', '2026-04-24 19:04:55'),
(1918, 48, 28, 10, 1, 2, 4.90, NULL, '2026-04-24 19:04:55', '2026-04-24 19:04:55'),
(1919, 48, 28, 10, 1, 3, 3.20, NULL, '2026-04-24 19:04:55', '2026-04-24 19:04:55'),
(1920, 48, 28, 10, 1, 4, 3.30, NULL, '2026-04-24 19:04:55', '2026-04-24 19:04:55'),
(1921, 49, 1, 10, 1, 1, 8.90, NULL, '2026-04-24 19:04:55', '2026-04-24 19:04:55'),
(1922, 49, 1, 10, 1, 2, 8.20, NULL, '2026-04-24 19:04:55', '2026-04-24 19:04:55'),
(1923, 49, 1, 10, 1, 3, 4.50, NULL, '2026-04-24 19:04:55', '2026-04-24 19:04:55'),
(1924, 49, 1, 10, 1, 4, 3.20, NULL, '2026-04-24 19:04:55', '2026-04-24 19:04:55'),
(1925, 49, 2, 10, 1, 1, 5.00, NULL, '2026-04-24 19:04:55', '2026-04-24 19:04:55'),
(1926, 49, 2, 10, 1, 2, 7.90, NULL, '2026-04-24 19:04:55', '2026-04-24 19:04:55'),
(1927, 49, 2, 10, 1, 3, 2.80, NULL, '2026-04-24 19:04:55', '2026-04-24 19:04:55'),
(1928, 49, 2, 10, 1, 4, 3.00, NULL, '2026-04-24 19:04:55', '2026-04-24 19:04:55'),
(1929, 49, 8, 10, 1, 1, 9.30, NULL, '2026-04-24 19:04:55', '2026-04-24 19:04:55'),
(1930, 49, 8, 10, 1, 2, 6.20, NULL, '2026-04-24 19:04:55', '2026-04-24 19:04:55'),
(1931, 49, 8, 10, 1, 3, 2.70, NULL, '2026-04-24 19:04:55', '2026-04-24 19:04:55'),
(1932, 49, 8, 10, 1, 4, 3.70, NULL, '2026-04-24 19:04:55', '2026-04-24 19:04:55'),
(1933, 49, 9, 10, 1, 1, 4.60, NULL, '2026-04-24 19:04:55', '2026-04-24 19:04:55'),
(1934, 49, 9, 10, 1, 2, 4.50, NULL, '2026-04-24 19:04:55', '2026-04-24 19:04:55'),
(1935, 49, 9, 10, 1, 3, 4.00, NULL, '2026-04-24 19:04:55', '2026-04-24 19:04:55'),
(1936, 49, 9, 10, 1, 4, 2.40, NULL, '2026-04-24 19:04:55', '2026-04-24 19:04:55'),
(1937, 49, 10, 10, 1, 1, 8.60, NULL, '2026-04-24 19:04:55', '2026-04-24 19:04:55'),
(1938, 49, 10, 10, 1, 2, 6.60, NULL, '2026-04-24 19:04:55', '2026-04-24 19:04:55'),
(1939, 49, 10, 10, 1, 3, 3.80, NULL, '2026-04-24 19:04:55', '2026-04-24 19:04:55'),
(1940, 49, 10, 10, 1, 4, 2.60, NULL, '2026-04-24 19:04:55', '2026-04-24 19:04:55'),
(1941, 49, 11, 10, 1, 1, 7.40, NULL, '2026-04-24 19:04:55', '2026-04-24 19:04:55'),
(1942, 49, 11, 10, 1, 2, 6.10, NULL, '2026-04-24 19:04:55', '2026-04-24 19:04:55'),
(1943, 49, 11, 10, 1, 3, 3.60, NULL, '2026-04-24 19:04:55', '2026-04-24 19:04:55'),
(1944, 49, 11, 10, 1, 4, 4.00, NULL, '2026-04-24 19:04:55', '2026-04-24 19:04:55'),
(1945, 49, 15, 10, 1, 1, 4.10, NULL, '2026-04-24 19:04:55', '2026-04-24 19:04:55'),
(1946, 49, 15, 10, 1, 2, 4.10, NULL, '2026-04-24 19:04:55', '2026-04-24 19:04:55'),
(1947, 49, 15, 10, 1, 3, 4.10, NULL, '2026-04-24 19:04:55', '2026-04-24 19:04:55'),
(1948, 49, 15, 10, 1, 4, 2.50, NULL, '2026-04-24 19:04:55', '2026-04-24 19:04:55'),
(1949, 49, 23, 10, 1, 1, 8.40, NULL, '2026-04-24 19:04:55', '2026-04-24 19:04:55'),
(1950, 49, 23, 10, 1, 2, 4.20, NULL, '2026-04-24 19:04:55', '2026-04-24 19:04:55'),
(1951, 49, 23, 10, 1, 3, 4.70, NULL, '2026-04-24 19:04:55', '2026-04-24 19:04:55'),
(1952, 49, 23, 10, 1, 4, 2.00, NULL, '2026-04-24 19:04:55', '2026-04-24 19:04:55'),
(1953, 49, 25, 10, 1, 1, 7.90, NULL, '2026-04-24 19:04:55', '2026-04-24 19:04:55'),
(1954, 49, 25, 10, 1, 2, 6.00, NULL, '2026-04-24 19:04:55', '2026-04-24 19:04:55'),
(1955, 49, 25, 10, 1, 3, 2.20, NULL, '2026-04-24 19:04:55', '2026-04-24 19:04:55'),
(1956, 49, 25, 10, 1, 4, 4.50, NULL, '2026-04-24 19:04:55', '2026-04-24 19:04:55'),
(1957, 49, 28, 10, 1, 1, 7.60, NULL, '2026-04-24 19:04:55', '2026-04-24 19:04:55'),
(1958, 49, 28, 10, 1, 2, 7.30, NULL, '2026-04-24 19:04:55', '2026-04-24 19:04:55'),
(1959, 49, 28, 10, 1, 3, 2.30, NULL, '2026-04-24 19:04:55', '2026-04-24 19:04:55'),
(1960, 49, 28, 10, 1, 4, 3.30, NULL, '2026-04-24 19:04:55', '2026-04-24 19:04:55'),
(1961, 50, 1, 10, 1, 1, 4.40, NULL, '2026-04-24 19:04:55', '2026-04-24 19:04:55'),
(1962, 50, 1, 10, 1, 2, 8.80, NULL, '2026-04-24 19:04:55', '2026-04-24 19:04:55'),
(1963, 50, 1, 10, 1, 3, 2.90, NULL, '2026-04-24 19:04:55', '2026-04-24 19:04:55'),
(1964, 50, 1, 10, 1, 4, 2.70, NULL, '2026-04-24 19:04:55', '2026-04-24 19:04:55'),
(1965, 50, 2, 10, 1, 1, 7.80, NULL, '2026-04-24 19:04:55', '2026-04-24 19:04:55'),
(1966, 50, 2, 10, 1, 2, 6.60, NULL, '2026-04-24 19:04:55', '2026-04-24 19:04:55'),
(1967, 50, 2, 10, 1, 3, 3.00, NULL, '2026-04-24 19:04:55', '2026-04-24 19:04:55'),
(1968, 50, 2, 10, 1, 4, 2.70, NULL, '2026-04-24 19:04:55', '2026-04-24 19:04:55'),
(1969, 50, 8, 10, 1, 1, 8.60, NULL, '2026-04-24 19:04:55', '2026-04-24 19:04:55'),
(1970, 50, 8, 10, 1, 2, 8.50, NULL, '2026-04-24 19:04:55', '2026-04-24 19:04:55'),
(1971, 50, 8, 10, 1, 3, 2.20, NULL, '2026-04-24 19:04:55', '2026-04-24 19:04:55'),
(1972, 50, 8, 10, 1, 4, 2.60, NULL, '2026-04-24 19:04:55', '2026-04-24 19:04:55'),
(1973, 50, 9, 10, 1, 1, 4.20, NULL, '2026-04-24 19:04:55', '2026-04-24 19:04:55'),
(1974, 50, 9, 10, 1, 2, 9.40, NULL, '2026-04-24 19:04:55', '2026-04-24 19:04:55'),
(1975, 50, 9, 10, 1, 3, 3.60, NULL, '2026-04-24 19:04:55', '2026-04-24 19:04:55'),
(1976, 50, 9, 10, 1, 4, 2.50, NULL, '2026-04-24 19:04:55', '2026-04-24 19:04:55'),
(1977, 50, 10, 10, 1, 1, 8.00, NULL, '2026-04-24 19:04:55', '2026-04-24 19:04:55'),
(1978, 50, 10, 10, 1, 2, 6.40, NULL, '2026-04-24 19:04:55', '2026-04-24 19:04:55'),
(1979, 50, 10, 10, 1, 3, 4.70, NULL, '2026-04-24 19:04:55', '2026-04-24 19:04:55'),
(1980, 50, 10, 10, 1, 4, 2.50, NULL, '2026-04-24 19:04:55', '2026-04-24 19:04:55'),
(1981, 50, 11, 10, 1, 1, 4.70, NULL, '2026-04-24 19:04:55', '2026-04-24 19:04:55'),
(1982, 50, 11, 10, 1, 2, 4.00, NULL, '2026-04-24 19:04:55', '2026-04-24 19:04:55'),
(1983, 50, 11, 10, 1, 3, 3.20, NULL, '2026-04-24 19:04:55', '2026-04-24 19:04:55'),
(1984, 50, 11, 10, 1, 4, 4.00, NULL, '2026-04-24 19:04:55', '2026-04-24 19:04:55'),
(1985, 50, 15, 10, 1, 1, 6.70, NULL, '2026-04-24 19:04:55', '2026-04-24 19:04:55'),
(1986, 50, 15, 10, 1, 2, 7.10, NULL, '2026-04-24 19:04:55', '2026-04-24 19:04:55'),
(1987, 50, 15, 10, 1, 3, 3.10, NULL, '2026-04-24 19:04:55', '2026-04-24 19:04:55'),
(1988, 50, 15, 10, 1, 4, 3.20, NULL, '2026-04-24 19:04:55', '2026-04-24 19:04:55'),
(1989, 50, 23, 10, 1, 1, 7.50, NULL, '2026-04-24 19:04:55', '2026-04-24 19:04:55'),
(1990, 50, 23, 10, 1, 2, 5.60, NULL, '2026-04-24 19:04:55', '2026-04-24 19:04:55'),
(1991, 50, 23, 10, 1, 3, 3.10, NULL, '2026-04-24 19:04:55', '2026-04-24 19:04:55'),
(1992, 50, 23, 10, 1, 4, 3.20, NULL, '2026-04-24 19:04:55', '2026-04-24 19:04:55'),
(1993, 50, 25, 10, 1, 1, 8.30, NULL, '2026-04-24 19:04:55', '2026-04-24 19:04:55'),
(1994, 50, 25, 10, 1, 2, 6.80, NULL, '2026-04-24 19:04:55', '2026-04-24 19:04:55'),
(1995, 50, 25, 10, 1, 3, 3.80, NULL, '2026-04-24 19:04:55', '2026-04-24 19:04:55'),
(1996, 50, 25, 10, 1, 4, 4.50, NULL, '2026-04-24 19:04:55', '2026-04-24 19:04:55'),
(1997, 50, 28, 10, 1, 1, 7.50, NULL, '2026-04-24 19:04:55', '2026-04-24 19:04:55'),
(1998, 50, 28, 10, 1, 2, 5.20, NULL, '2026-04-24 19:04:55', '2026-04-24 19:04:55'),
(1999, 50, 28, 10, 1, 3, 2.40, NULL, '2026-04-24 19:04:55', '2026-04-24 19:04:55'),
(2000, 50, 28, 10, 1, 4, 2.70, NULL, '2026-04-24 19:04:55', '2026-04-24 19:04:55'),
(2001, 51, 1, 11, 1, 1, 8.60, NULL, '2026-04-24 19:04:55', '2026-04-24 19:04:55'),
(2002, 51, 1, 11, 1, 2, 7.90, NULL, '2026-04-24 19:04:55', '2026-04-24 19:04:55'),
(2003, 51, 1, 11, 1, 3, 4.00, NULL, '2026-04-24 19:04:55', '2026-04-24 19:04:55'),
(2004, 51, 1, 11, 1, 4, 4.00, NULL, '2026-04-24 19:04:55', '2026-04-24 19:04:55'),
(2005, 51, 2, 11, 1, 1, 5.60, NULL, '2026-04-24 19:04:56', '2026-04-24 19:04:56'),
(2006, 51, 2, 11, 1, 2, 7.90, NULL, '2026-04-24 19:04:56', '2026-04-24 19:04:56'),
(2007, 51, 2, 11, 1, 3, 3.60, NULL, '2026-04-24 19:04:56', '2026-04-24 19:04:56'),
(2008, 51, 2, 11, 1, 4, 4.20, NULL, '2026-04-24 19:04:56', '2026-04-24 19:04:56'),
(2009, 51, 8, 11, 1, 1, 4.50, NULL, '2026-04-24 19:04:56', '2026-04-24 19:04:56'),
(2010, 51, 8, 11, 1, 2, 5.50, NULL, '2026-04-24 19:04:56', '2026-04-24 19:04:56'),
(2011, 51, 8, 11, 1, 3, 3.30, NULL, '2026-04-24 19:04:56', '2026-04-24 19:04:56'),
(2012, 51, 8, 11, 1, 4, 4.10, NULL, '2026-04-24 19:04:56', '2026-04-24 19:04:56'),
(2013, 51, 9, 11, 1, 1, 7.30, NULL, '2026-04-24 19:04:56', '2026-04-24 19:04:56'),
(2014, 51, 9, 11, 1, 2, 9.30, NULL, '2026-04-24 19:04:56', '2026-04-24 19:04:56'),
(2015, 51, 9, 11, 1, 3, 2.50, NULL, '2026-04-24 19:04:56', '2026-04-24 19:04:56'),
(2016, 51, 9, 11, 1, 4, 4.10, NULL, '2026-04-24 19:04:56', '2026-04-24 19:04:56'),
(2017, 51, 10, 11, 1, 1, 9.00, NULL, '2026-04-24 19:04:56', '2026-04-24 19:04:56'),
(2018, 51, 10, 11, 1, 2, 9.10, NULL, '2026-04-24 19:04:56', '2026-04-24 19:04:56'),
(2019, 51, 10, 11, 1, 3, 2.20, NULL, '2026-04-24 19:04:56', '2026-04-24 19:04:56'),
(2020, 51, 10, 11, 1, 4, 4.50, NULL, '2026-04-24 19:04:56', '2026-04-24 19:04:56'),
(2021, 51, 11, 11, 1, 1, 9.10, NULL, '2026-04-24 19:04:56', '2026-04-24 19:04:56'),
(2022, 51, 11, 11, 1, 2, 6.30, NULL, '2026-04-24 19:04:56', '2026-04-24 19:04:56'),
(2023, 51, 11, 11, 1, 3, 3.90, NULL, '2026-04-24 19:04:56', '2026-04-24 19:04:56'),
(2024, 51, 11, 11, 1, 4, 3.60, NULL, '2026-04-24 19:04:56', '2026-04-24 19:04:56'),
(2025, 51, 15, 11, 1, 1, 9.50, NULL, '2026-04-24 19:04:56', '2026-04-24 19:04:56'),
(2026, 51, 15, 11, 1, 2, 7.40, NULL, '2026-04-24 19:04:56', '2026-04-24 19:04:56'),
(2027, 51, 15, 11, 1, 3, 3.60, NULL, '2026-04-24 19:04:56', '2026-04-24 19:04:56'),
(2028, 51, 15, 11, 1, 4, 3.40, NULL, '2026-04-24 19:04:56', '2026-04-24 19:04:56'),
(2029, 51, 23, 11, 1, 1, 6.70, NULL, '2026-04-24 19:04:56', '2026-04-24 19:04:56'),
(2030, 51, 23, 11, 1, 2, 8.20, NULL, '2026-04-24 19:04:56', '2026-04-24 19:04:56'),
(2031, 51, 23, 11, 1, 3, 2.80, NULL, '2026-04-24 19:04:56', '2026-04-24 19:04:56'),
(2032, 51, 23, 11, 1, 4, 2.50, NULL, '2026-04-24 19:04:56', '2026-04-24 19:04:56'),
(2033, 51, 25, 11, 1, 1, 8.90, NULL, '2026-04-24 19:04:56', '2026-04-24 19:04:56'),
(2034, 51, 25, 11, 1, 2, 7.60, NULL, '2026-04-24 19:04:56', '2026-04-24 19:04:56'),
(2035, 51, 25, 11, 1, 3, 3.30, NULL, '2026-04-24 19:04:56', '2026-04-24 19:04:56'),
(2036, 51, 25, 11, 1, 4, 4.00, NULL, '2026-04-24 19:04:56', '2026-04-24 19:04:56'),
(2037, 51, 28, 11, 1, 1, 8.90, NULL, '2026-04-24 19:04:56', '2026-04-24 19:04:56'),
(2038, 51, 28, 11, 1, 2, 5.10, NULL, '2026-04-24 19:04:56', '2026-04-24 19:04:56'),
(2039, 51, 28, 11, 1, 3, 4.40, NULL, '2026-04-24 19:04:56', '2026-04-24 19:04:56'),
(2040, 51, 28, 11, 1, 4, 3.10, NULL, '2026-04-24 19:04:56', '2026-04-24 19:04:56'),
(2041, 52, 1, 11, 1, 1, 6.70, NULL, '2026-04-24 19:04:56', '2026-04-24 19:04:56'),
(2042, 52, 1, 11, 1, 2, 7.90, NULL, '2026-04-24 19:04:56', '2026-04-24 19:04:56'),
(2043, 52, 1, 11, 1, 3, 3.00, NULL, '2026-04-24 19:04:56', '2026-04-24 19:04:56'),
(2044, 52, 1, 11, 1, 4, 2.40, NULL, '2026-04-24 19:04:56', '2026-04-24 19:04:56'),
(2045, 52, 2, 11, 1, 1, 5.40, NULL, '2026-04-24 19:04:56', '2026-04-24 19:04:56'),
(2046, 52, 2, 11, 1, 2, 4.10, NULL, '2026-04-24 19:04:56', '2026-04-24 19:04:56'),
(2047, 52, 2, 11, 1, 3, 3.00, NULL, '2026-04-24 19:04:56', '2026-04-24 19:04:56'),
(2048, 52, 2, 11, 1, 4, 4.00, NULL, '2026-04-24 19:04:56', '2026-04-24 19:04:56'),
(2049, 52, 8, 11, 1, 1, 5.40, NULL, '2026-04-24 19:04:56', '2026-04-24 19:04:56'),
(2050, 52, 8, 11, 1, 2, 4.30, NULL, '2026-04-24 19:04:56', '2026-04-24 19:04:56'),
(2051, 52, 8, 11, 1, 3, 2.50, NULL, '2026-04-24 19:04:56', '2026-04-24 19:04:56'),
(2052, 52, 8, 11, 1, 4, 2.50, NULL, '2026-04-24 19:04:56', '2026-04-24 19:04:56'),
(2053, 52, 9, 11, 1, 1, 5.60, NULL, '2026-04-24 19:04:56', '2026-04-24 19:04:56'),
(2054, 52, 9, 11, 1, 2, 4.10, NULL, '2026-04-24 19:04:56', '2026-04-24 19:04:56'),
(2055, 52, 9, 11, 1, 3, 2.20, NULL, '2026-04-24 19:04:56', '2026-04-24 19:04:56'),
(2056, 52, 9, 11, 1, 4, 4.10, NULL, '2026-04-24 19:04:56', '2026-04-24 19:04:56'),
(2057, 52, 10, 11, 1, 1, 8.90, NULL, '2026-04-24 19:04:56', '2026-04-24 19:04:56'),
(2058, 52, 10, 11, 1, 2, 6.30, NULL, '2026-04-24 19:04:56', '2026-04-24 19:04:56'),
(2059, 52, 10, 11, 1, 3, 3.50, NULL, '2026-04-24 19:04:56', '2026-04-24 19:04:56'),
(2060, 52, 10, 11, 1, 4, 3.00, NULL, '2026-04-24 19:04:56', '2026-04-24 19:04:56'),
(2061, 52, 11, 11, 1, 1, 4.00, NULL, '2026-04-24 19:04:56', '2026-04-24 19:04:56'),
(2062, 52, 11, 11, 1, 2, 5.60, NULL, '2026-04-24 19:04:56', '2026-04-24 19:04:56'),
(2063, 52, 11, 11, 1, 3, 4.30, NULL, '2026-04-24 19:04:56', '2026-04-24 19:04:56'),
(2064, 52, 11, 11, 1, 4, 4.10, NULL, '2026-04-24 19:04:56', '2026-04-24 19:04:56'),
(2065, 52, 15, 11, 1, 1, 4.50, NULL, '2026-04-24 19:04:56', '2026-04-24 19:04:56'),
(2066, 52, 15, 11, 1, 2, 6.50, NULL, '2026-04-24 19:04:56', '2026-04-24 19:04:56'),
(2067, 52, 15, 11, 1, 3, 3.60, NULL, '2026-04-24 19:04:56', '2026-04-24 19:04:56'),
(2068, 52, 15, 11, 1, 4, 2.90, NULL, '2026-04-24 19:04:56', '2026-04-24 19:04:56'),
(2069, 52, 23, 11, 1, 1, 7.10, NULL, '2026-04-24 19:04:56', '2026-04-24 19:04:56'),
(2070, 52, 23, 11, 1, 2, 4.60, NULL, '2026-04-24 19:04:56', '2026-04-24 19:04:56'),
(2071, 52, 23, 11, 1, 3, 2.40, NULL, '2026-04-24 19:04:56', '2026-04-24 19:04:56'),
(2072, 52, 23, 11, 1, 4, 3.20, NULL, '2026-04-24 19:04:56', '2026-04-24 19:04:56'),
(2073, 52, 25, 11, 1, 1, 7.60, NULL, '2026-04-24 19:04:56', '2026-04-24 19:04:56'),
(2074, 52, 25, 11, 1, 2, 8.70, NULL, '2026-04-24 19:04:56', '2026-04-24 19:04:56'),
(2075, 52, 25, 11, 1, 3, 2.50, NULL, '2026-04-24 19:04:56', '2026-04-24 19:04:56'),
(2076, 52, 25, 11, 1, 4, 2.40, NULL, '2026-04-24 19:04:56', '2026-04-24 19:04:56'),
(2077, 52, 28, 11, 1, 1, 4.90, NULL, '2026-04-24 19:04:56', '2026-04-24 19:04:56'),
(2078, 52, 28, 11, 1, 2, 5.90, NULL, '2026-04-24 19:04:56', '2026-04-24 19:04:56'),
(2079, 52, 28, 11, 1, 3, 4.00, NULL, '2026-04-24 19:04:56', '2026-04-24 19:04:56'),
(2080, 52, 28, 11, 1, 4, 4.30, NULL, '2026-04-24 19:04:56', '2026-04-24 19:04:56'),
(2081, 53, 1, 11, 1, 1, 9.20, NULL, '2026-04-24 19:04:56', '2026-04-24 19:04:56'),
(2082, 53, 1, 11, 1, 2, 4.40, NULL, '2026-04-24 19:04:56', '2026-04-24 19:04:56'),
(2083, 53, 1, 11, 1, 3, 2.80, NULL, '2026-04-24 19:04:56', '2026-04-24 19:04:56'),
(2084, 53, 1, 11, 1, 4, 2.80, NULL, '2026-04-24 19:04:56', '2026-04-24 19:04:56'),
(2085, 53, 2, 11, 1, 1, 5.20, NULL, '2026-04-24 19:04:56', '2026-04-24 19:04:56'),
(2086, 53, 2, 11, 1, 2, 6.80, NULL, '2026-04-24 19:04:56', '2026-04-24 19:04:56'),
(2087, 53, 2, 11, 1, 3, 2.90, NULL, '2026-04-24 19:04:56', '2026-04-24 19:04:56'),
(2088, 53, 2, 11, 1, 4, 3.90, NULL, '2026-04-24 19:04:56', '2026-04-24 19:04:56'),
(2089, 53, 8, 11, 1, 1, 5.90, NULL, '2026-04-24 19:04:56', '2026-04-24 19:04:56'),
(2090, 53, 8, 11, 1, 2, 8.20, NULL, '2026-04-24 19:04:56', '2026-04-24 19:04:56'),
(2091, 53, 8, 11, 1, 3, 2.20, NULL, '2026-04-24 19:04:56', '2026-04-24 19:04:56'),
(2092, 53, 8, 11, 1, 4, 2.80, NULL, '2026-04-24 19:04:56', '2026-04-24 19:04:56'),
(2093, 53, 9, 11, 1, 1, 7.90, NULL, '2026-04-24 19:04:56', '2026-04-24 19:04:56'),
(2094, 53, 9, 11, 1, 2, 5.30, NULL, '2026-04-24 19:04:56', '2026-04-24 19:04:56'),
(2095, 53, 9, 11, 1, 3, 4.10, NULL, '2026-04-24 19:04:56', '2026-04-24 19:04:56'),
(2096, 53, 9, 11, 1, 4, 3.10, NULL, '2026-04-24 19:04:56', '2026-04-24 19:04:56'),
(2097, 53, 10, 11, 1, 1, 7.60, NULL, '2026-04-24 19:04:56', '2026-04-24 19:04:56'),
(2098, 53, 10, 11, 1, 2, 7.30, NULL, '2026-04-24 19:04:56', '2026-04-24 19:04:56'),
(2099, 53, 10, 11, 1, 3, 3.20, NULL, '2026-04-24 19:04:56', '2026-04-24 19:04:56'),
(2100, 53, 10, 11, 1, 4, 4.10, NULL, '2026-04-24 19:04:56', '2026-04-24 19:04:56'),
(2101, 53, 11, 11, 1, 1, 9.50, NULL, '2026-04-24 19:04:56', '2026-04-24 19:04:56'),
(2102, 53, 11, 11, 1, 2, 8.90, NULL, '2026-04-24 19:04:56', '2026-04-24 19:04:56'),
(2103, 53, 11, 11, 1, 3, 3.60, NULL, '2026-04-24 19:04:56', '2026-04-24 19:04:56'),
(2104, 53, 11, 11, 1, 4, 3.70, NULL, '2026-04-24 19:04:56', '2026-04-24 19:04:56'),
(2105, 53, 15, 11, 1, 1, 4.30, NULL, '2026-04-24 19:04:56', '2026-04-24 19:04:56'),
(2106, 53, 15, 11, 1, 2, 9.10, NULL, '2026-04-24 19:04:56', '2026-04-24 19:04:56'),
(2107, 53, 15, 11, 1, 3, 4.50, NULL, '2026-04-24 19:04:56', '2026-04-24 19:04:56'),
(2108, 53, 15, 11, 1, 4, 2.20, NULL, '2026-04-24 19:04:56', '2026-04-24 19:04:56'),
(2109, 53, 23, 11, 1, 1, 4.60, NULL, '2026-04-24 19:04:56', '2026-04-24 19:04:56'),
(2110, 53, 23, 11, 1, 2, 5.70, NULL, '2026-04-24 19:04:56', '2026-04-24 19:04:56'),
(2111, 53, 23, 11, 1, 3, 4.50, NULL, '2026-04-24 19:04:56', '2026-04-24 19:04:56'),
(2112, 53, 23, 11, 1, 4, 4.50, NULL, '2026-04-24 19:04:56', '2026-04-24 19:04:56'),
(2113, 53, 25, 11, 1, 1, 4.40, NULL, '2026-04-24 19:04:56', '2026-04-24 19:04:56'),
(2114, 53, 25, 11, 1, 2, 9.10, NULL, '2026-04-24 19:04:56', '2026-04-24 19:04:56'),
(2115, 53, 25, 11, 1, 3, 4.40, NULL, '2026-04-24 19:04:56', '2026-04-24 19:04:56'),
(2116, 53, 25, 11, 1, 4, 3.60, NULL, '2026-04-24 19:04:56', '2026-04-24 19:04:56'),
(2117, 53, 28, 11, 1, 1, 4.90, NULL, '2026-04-24 19:04:56', '2026-04-24 19:04:56'),
(2118, 53, 28, 11, 1, 2, 4.10, NULL, '2026-04-24 19:04:56', '2026-04-24 19:04:56'),
(2119, 53, 28, 11, 1, 3, 3.20, NULL, '2026-04-24 19:04:56', '2026-04-24 19:04:56'),
(2120, 53, 28, 11, 1, 4, 4.10, NULL, '2026-04-24 19:04:56', '2026-04-24 19:04:56'),
(2121, 54, 1, 11, 1, 1, 8.90, NULL, '2026-04-24 19:04:56', '2026-04-24 19:04:56'),
(2122, 54, 1, 11, 1, 2, 4.10, NULL, '2026-04-24 19:04:56', '2026-04-24 19:04:56'),
(2123, 54, 1, 11, 1, 3, 4.60, NULL, '2026-04-24 19:04:56', '2026-04-24 19:04:56'),
(2124, 54, 1, 11, 1, 4, 2.60, NULL, '2026-04-24 19:04:56', '2026-04-24 19:04:56'),
(2125, 54, 2, 11, 1, 1, 7.80, NULL, '2026-04-24 19:04:56', '2026-04-24 19:04:56'),
(2126, 54, 2, 11, 1, 2, 6.40, NULL, '2026-04-24 19:04:56', '2026-04-24 19:04:56'),
(2127, 54, 2, 11, 1, 3, 3.70, NULL, '2026-04-24 19:04:56', '2026-04-24 19:04:56'),
(2128, 54, 2, 11, 1, 4, 4.70, NULL, '2026-04-24 19:04:56', '2026-04-24 19:04:56'),
(2129, 54, 8, 11, 1, 1, 8.80, NULL, '2026-04-24 19:04:56', '2026-04-24 19:04:56'),
(2130, 54, 8, 11, 1, 2, 7.60, NULL, '2026-04-24 19:04:56', '2026-04-24 19:04:56'),
(2131, 54, 8, 11, 1, 3, 3.70, NULL, '2026-04-24 19:04:56', '2026-04-24 19:04:56'),
(2132, 54, 8, 11, 1, 4, 2.40, NULL, '2026-04-24 19:04:56', '2026-04-24 19:04:56'),
(2133, 54, 9, 11, 1, 1, 7.90, NULL, '2026-04-24 19:04:56', '2026-04-24 19:04:56'),
(2134, 54, 9, 11, 1, 2, 9.50, NULL, '2026-04-24 19:04:56', '2026-04-24 19:04:56'),
(2135, 54, 9, 11, 1, 3, 3.00, NULL, '2026-04-24 19:04:56', '2026-04-24 19:04:56'),
(2136, 54, 9, 11, 1, 4, 3.90, NULL, '2026-04-24 19:04:56', '2026-04-24 19:04:56'),
(2137, 54, 10, 11, 1, 1, 5.40, NULL, '2026-04-24 19:04:56', '2026-04-24 19:04:56'),
(2138, 54, 10, 11, 1, 2, 8.90, NULL, '2026-04-24 19:04:56', '2026-04-24 19:04:56'),
(2139, 54, 10, 11, 1, 3, 3.10, NULL, '2026-04-24 19:04:56', '2026-04-24 19:04:56'),
(2140, 54, 10, 11, 1, 4, 3.90, NULL, '2026-04-24 19:04:56', '2026-04-24 19:04:56'),
(2141, 54, 11, 11, 1, 1, 8.50, NULL, '2026-04-24 19:04:56', '2026-04-24 19:04:56'),
(2142, 54, 11, 11, 1, 2, 5.80, NULL, '2026-04-24 19:04:56', '2026-04-24 19:04:56'),
(2143, 54, 11, 11, 1, 3, 3.50, NULL, '2026-04-24 19:04:56', '2026-04-24 19:04:56'),
(2144, 54, 11, 11, 1, 4, 2.50, NULL, '2026-04-24 19:04:56', '2026-04-24 19:04:56'),
(2145, 54, 15, 11, 1, 1, 4.80, NULL, '2026-04-24 19:04:56', '2026-04-24 19:04:56'),
(2146, 54, 15, 11, 1, 2, 9.20, NULL, '2026-04-24 19:04:56', '2026-04-24 19:04:56'),
(2147, 54, 15, 11, 1, 3, 2.20, NULL, '2026-04-24 19:04:56', '2026-04-24 19:04:56'),
(2148, 54, 15, 11, 1, 4, 3.90, NULL, '2026-04-24 19:04:56', '2026-04-24 19:04:56'),
(2149, 54, 23, 11, 1, 1, 6.30, NULL, '2026-04-24 19:04:56', '2026-04-24 19:04:56'),
(2150, 54, 23, 11, 1, 2, 9.50, NULL, '2026-04-24 19:04:56', '2026-04-24 19:04:56'),
(2151, 54, 23, 11, 1, 3, 2.40, NULL, '2026-04-24 19:04:56', '2026-04-24 19:04:56'),
(2152, 54, 23, 11, 1, 4, 2.90, NULL, '2026-04-24 19:04:56', '2026-04-24 19:04:56'),
(2153, 54, 25, 11, 1, 1, 8.30, NULL, '2026-04-24 19:04:56', '2026-04-24 19:04:56'),
(2154, 54, 25, 11, 1, 2, 5.50, NULL, '2026-04-24 19:04:56', '2026-04-24 19:04:56'),
(2155, 54, 25, 11, 1, 3, 3.30, NULL, '2026-04-24 19:04:56', '2026-04-24 19:04:56'),
(2156, 54, 25, 11, 1, 4, 3.40, NULL, '2026-04-24 19:04:56', '2026-04-24 19:04:56'),
(2157, 54, 28, 11, 1, 1, 9.20, NULL, '2026-04-24 19:04:56', '2026-04-24 19:04:56'),
(2158, 54, 28, 11, 1, 2, 6.90, NULL, '2026-04-24 19:04:56', '2026-04-24 19:04:56'),
(2159, 54, 28, 11, 1, 3, 3.60, NULL, '2026-04-24 19:04:56', '2026-04-24 19:04:56'),
(2160, 54, 28, 11, 1, 4, 2.20, NULL, '2026-04-24 19:04:56', '2026-04-24 19:04:56'),
(2161, 55, 1, 11, 1, 1, 9.20, NULL, '2026-04-24 19:04:56', '2026-04-24 19:04:56'),
(2162, 55, 1, 11, 1, 2, 9.50, NULL, '2026-04-24 19:04:56', '2026-04-24 19:04:56'),
(2163, 55, 1, 11, 1, 3, 2.20, NULL, '2026-04-24 19:04:56', '2026-04-24 19:04:56'),
(2164, 55, 1, 11, 1, 4, 4.20, NULL, '2026-04-24 19:04:56', '2026-04-24 19:04:56'),
(2165, 55, 2, 11, 1, 1, 6.20, NULL, '2026-04-24 19:04:56', '2026-04-24 19:04:56'),
(2166, 55, 2, 11, 1, 2, 5.10, NULL, '2026-04-24 19:04:56', '2026-04-24 19:04:56'),
(2167, 55, 2, 11, 1, 3, 4.10, NULL, '2026-04-24 19:04:56', '2026-04-24 19:04:56'),
(2168, 55, 2, 11, 1, 4, 4.20, NULL, '2026-04-24 19:04:56', '2026-04-24 19:04:56'),
(2169, 55, 8, 11, 1, 1, 8.40, NULL, '2026-04-24 19:04:56', '2026-04-24 19:04:56'),
(2170, 55, 8, 11, 1, 2, 6.40, NULL, '2026-04-24 19:04:56', '2026-04-24 19:04:56'),
(2171, 55, 8, 11, 1, 3, 2.70, NULL, '2026-04-24 19:04:56', '2026-04-24 19:04:56'),
(2172, 55, 8, 11, 1, 4, 4.20, NULL, '2026-04-24 19:04:56', '2026-04-24 19:04:56'),
(2173, 55, 9, 11, 1, 1, 6.60, NULL, '2026-04-24 19:04:56', '2026-04-24 19:04:56'),
(2174, 55, 9, 11, 1, 2, 7.40, NULL, '2026-04-24 19:04:56', '2026-04-24 19:04:56'),
(2175, 55, 9, 11, 1, 3, 2.80, NULL, '2026-04-24 19:04:56', '2026-04-24 19:04:56'),
(2176, 55, 9, 11, 1, 4, 4.10, NULL, '2026-04-24 19:04:56', '2026-04-24 19:04:56'),
(2177, 55, 10, 11, 1, 1, 6.80, NULL, '2026-04-24 19:04:56', '2026-04-24 19:04:56'),
(2178, 55, 10, 11, 1, 2, 7.70, NULL, '2026-04-24 19:04:56', '2026-04-24 19:04:56'),
(2179, 55, 10, 11, 1, 3, 4.20, NULL, '2026-04-24 19:04:56', '2026-04-24 19:04:56'),
(2180, 55, 10, 11, 1, 4, 3.80, NULL, '2026-04-24 19:04:56', '2026-04-24 19:04:56'),
(2181, 55, 11, 11, 1, 1, 7.80, NULL, '2026-04-24 19:04:56', '2026-04-24 19:04:56'),
(2182, 55, 11, 11, 1, 2, 5.20, NULL, '2026-04-24 19:04:56', '2026-04-24 19:04:56'),
(2183, 55, 11, 11, 1, 3, 4.30, NULL, '2026-04-24 19:04:56', '2026-04-24 19:04:56'),
(2184, 55, 11, 11, 1, 4, 2.70, NULL, '2026-04-24 19:04:56', '2026-04-24 19:04:56'),
(2185, 55, 15, 11, 1, 1, 4.60, NULL, '2026-04-24 19:04:56', '2026-04-24 19:04:56'),
(2186, 55, 15, 11, 1, 2, 5.80, NULL, '2026-04-24 19:04:56', '2026-04-24 19:04:56'),
(2187, 55, 15, 11, 1, 3, 4.10, NULL, '2026-04-24 19:04:56', '2026-04-24 19:04:56'),
(2188, 55, 15, 11, 1, 4, 3.60, NULL, '2026-04-24 19:04:56', '2026-04-24 19:04:56'),
(2189, 55, 23, 11, 1, 1, 5.20, NULL, '2026-04-24 19:04:56', '2026-04-24 19:04:56'),
(2190, 55, 23, 11, 1, 2, 8.50, NULL, '2026-04-24 19:04:56', '2026-04-24 19:04:56'),
(2191, 55, 23, 11, 1, 3, 2.60, NULL, '2026-04-24 19:04:56', '2026-04-24 19:04:56'),
(2192, 55, 23, 11, 1, 4, 4.30, NULL, '2026-04-24 19:04:56', '2026-04-24 19:04:56'),
(2193, 55, 25, 11, 1, 1, 7.60, NULL, '2026-04-24 19:04:56', '2026-04-24 19:04:56'),
(2194, 55, 25, 11, 1, 2, 7.50, NULL, '2026-04-24 19:04:56', '2026-04-24 19:04:56'),
(2195, 55, 25, 11, 1, 3, 3.10, NULL, '2026-04-24 19:04:56', '2026-04-24 19:04:56'),
(2196, 55, 25, 11, 1, 4, 4.40, NULL, '2026-04-24 19:04:56', '2026-04-24 19:04:56'),
(2197, 55, 28, 11, 1, 1, 7.10, NULL, '2026-04-24 19:04:56', '2026-04-24 19:04:56'),
(2198, 55, 28, 11, 1, 2, 4.80, NULL, '2026-04-24 19:04:56', '2026-04-24 19:04:56'),
(2199, 55, 28, 11, 1, 3, 3.00, NULL, '2026-04-24 19:04:56', '2026-04-24 19:04:56'),
(2200, 55, 28, 11, 1, 4, 3.90, NULL, '2026-04-24 19:04:56', '2026-04-24 19:04:56'),
(2201, 56, 1, 12, 1, 1, 6.20, NULL, '2026-04-24 19:04:56', '2026-04-24 19:04:56'),
(2202, 56, 1, 12, 1, 2, 4.60, NULL, '2026-04-24 19:04:56', '2026-04-24 19:04:56'),
(2203, 56, 1, 12, 1, 3, 3.90, NULL, '2026-04-24 19:04:56', '2026-04-24 19:04:56'),
(2204, 56, 1, 12, 1, 4, 4.00, NULL, '2026-04-24 19:04:56', '2026-04-24 19:04:56'),
(2205, 56, 2, 12, 1, 1, 4.10, NULL, '2026-04-24 19:04:56', '2026-04-24 19:04:56'),
(2206, 56, 2, 12, 1, 2, 5.40, NULL, '2026-04-24 19:04:56', '2026-04-24 19:04:56'),
(2207, 56, 2, 12, 1, 3, 3.50, NULL, '2026-04-24 19:04:56', '2026-04-24 19:04:56'),
(2208, 56, 2, 12, 1, 4, 2.40, NULL, '2026-04-24 19:04:56', '2026-04-24 19:04:56'),
(2209, 56, 8, 12, 1, 1, 8.60, NULL, '2026-04-24 19:04:56', '2026-04-24 19:04:56'),
(2210, 56, 8, 12, 1, 2, 5.50, NULL, '2026-04-24 19:04:56', '2026-04-24 19:04:56'),
(2211, 56, 8, 12, 1, 3, 3.20, NULL, '2026-04-24 19:04:56', '2026-04-24 19:04:56'),
(2212, 56, 8, 12, 1, 4, 4.30, NULL, '2026-04-24 19:04:56', '2026-04-24 19:04:56'),
(2213, 56, 9, 12, 1, 1, 4.70, NULL, '2026-04-24 19:04:56', '2026-04-24 19:04:56'),
(2214, 56, 9, 12, 1, 2, 8.70, NULL, '2026-04-24 19:04:56', '2026-04-24 19:04:56'),
(2215, 56, 9, 12, 1, 3, 3.30, NULL, '2026-04-24 19:04:56', '2026-04-24 19:04:56'),
(2216, 56, 9, 12, 1, 4, 2.20, NULL, '2026-04-24 19:04:56', '2026-04-24 19:04:56'),
(2217, 56, 10, 12, 1, 1, 5.00, NULL, '2026-04-24 19:04:56', '2026-04-24 19:04:56'),
(2218, 56, 10, 12, 1, 2, 6.30, NULL, '2026-04-24 19:04:56', '2026-04-24 19:04:56'),
(2219, 56, 10, 12, 1, 3, 4.10, NULL, '2026-04-24 19:04:56', '2026-04-24 19:04:56'),
(2220, 56, 10, 12, 1, 4, 3.80, NULL, '2026-04-24 19:04:56', '2026-04-24 19:04:56'),
(2221, 56, 11, 12, 1, 1, 5.20, NULL, '2026-04-24 19:04:56', '2026-04-24 19:04:56'),
(2222, 56, 11, 12, 1, 2, 9.50, NULL, '2026-04-24 19:04:56', '2026-04-24 19:04:56'),
(2223, 56, 11, 12, 1, 3, 4.50, NULL, '2026-04-24 19:04:56', '2026-04-24 19:04:56'),
(2224, 56, 11, 12, 1, 4, 3.40, NULL, '2026-04-24 19:04:56', '2026-04-24 19:04:56'),
(2225, 56, 15, 12, 1, 1, 7.10, NULL, '2026-04-24 19:04:56', '2026-04-24 19:04:56'),
(2226, 56, 15, 12, 1, 2, 5.50, NULL, '2026-04-24 19:04:56', '2026-04-24 19:04:56'),
(2227, 56, 15, 12, 1, 3, 4.30, NULL, '2026-04-24 19:04:56', '2026-04-24 19:04:56'),
(2228, 56, 15, 12, 1, 4, 2.10, NULL, '2026-04-24 19:04:56', '2026-04-24 19:04:56'),
(2229, 56, 23, 12, 1, 1, 6.20, NULL, '2026-04-24 19:04:56', '2026-04-24 19:04:56'),
(2230, 56, 23, 12, 1, 2, 9.00, NULL, '2026-04-24 19:04:56', '2026-04-24 19:04:56'),
(2231, 56, 23, 12, 1, 3, 2.80, NULL, '2026-04-24 19:04:56', '2026-04-24 19:04:56'),
(2232, 56, 23, 12, 1, 4, 2.90, NULL, '2026-04-24 19:04:56', '2026-04-24 19:04:56'),
(2233, 56, 25, 12, 1, 1, 8.30, NULL, '2026-04-24 19:04:56', '2026-04-24 19:04:56'),
(2234, 56, 25, 12, 1, 2, 4.70, NULL, '2026-04-24 19:04:56', '2026-04-24 19:04:56'),
(2235, 56, 25, 12, 1, 3, 3.60, NULL, '2026-04-24 19:04:56', '2026-04-24 19:04:56'),
(2236, 56, 25, 12, 1, 4, 4.10, NULL, '2026-04-24 19:04:56', '2026-04-24 19:04:56'),
(2237, 56, 28, 12, 1, 1, 5.50, NULL, '2026-04-24 19:04:56', '2026-04-24 19:04:56'),
(2238, 56, 28, 12, 1, 2, 8.50, NULL, '2026-04-24 19:04:56', '2026-04-24 19:04:56'),
(2239, 56, 28, 12, 1, 3, 2.10, NULL, '2026-04-24 19:04:56', '2026-04-24 19:04:56'),
(2240, 56, 28, 12, 1, 4, 4.60, NULL, '2026-04-24 19:04:56', '2026-04-24 19:04:56'),
(2241, 57, 1, 12, 1, 1, 7.20, NULL, '2026-04-24 19:04:56', '2026-04-24 19:04:56'),
(2242, 57, 1, 12, 1, 2, 4.00, NULL, '2026-04-24 19:04:56', '2026-04-24 19:04:56'),
(2243, 57, 1, 12, 1, 3, 3.10, NULL, '2026-04-24 19:04:56', '2026-04-24 19:04:56'),
(2244, 57, 1, 12, 1, 4, 3.80, NULL, '2026-04-24 19:04:56', '2026-04-24 19:04:56'),
(2245, 57, 2, 12, 1, 1, 7.10, NULL, '2026-04-24 19:04:56', '2026-04-24 19:04:56'),
(2246, 57, 2, 12, 1, 2, 4.50, NULL, '2026-04-24 19:04:56', '2026-04-24 19:04:56'),
(2247, 57, 2, 12, 1, 3, 3.90, NULL, '2026-04-24 19:04:56', '2026-04-24 19:04:56'),
(2248, 57, 2, 12, 1, 4, 3.20, NULL, '2026-04-24 19:04:56', '2026-04-24 19:04:56'),
(2249, 57, 8, 12, 1, 1, 4.10, NULL, '2026-04-24 19:04:56', '2026-04-24 19:04:56'),
(2250, 57, 8, 12, 1, 2, 6.40, NULL, '2026-04-24 19:04:56', '2026-04-24 19:04:56'),
(2251, 57, 8, 12, 1, 3, 2.30, NULL, '2026-04-24 19:04:56', '2026-04-24 19:04:56'),
(2252, 57, 8, 12, 1, 4, 4.60, NULL, '2026-04-24 19:04:56', '2026-04-24 19:04:56'),
(2253, 57, 9, 12, 1, 1, 9.00, NULL, '2026-04-24 19:04:56', '2026-04-24 19:04:56'),
(2254, 57, 9, 12, 1, 2, 5.70, NULL, '2026-04-24 19:04:56', '2026-04-24 19:04:56'),
(2255, 57, 9, 12, 1, 3, 4.60, NULL, '2026-04-24 19:04:56', '2026-04-24 19:04:56'),
(2256, 57, 9, 12, 1, 4, 4.00, NULL, '2026-04-24 19:04:56', '2026-04-24 19:04:56'),
(2257, 57, 10, 12, 1, 1, 8.30, NULL, '2026-04-24 19:04:56', '2026-04-24 19:04:56'),
(2258, 57, 10, 12, 1, 2, 7.30, NULL, '2026-04-24 19:04:56', '2026-04-24 19:04:56'),
(2259, 57, 10, 12, 1, 3, 3.20, NULL, '2026-04-24 19:04:56', '2026-04-24 19:04:56'),
(2260, 57, 10, 12, 1, 4, 2.90, NULL, '2026-04-24 19:04:56', '2026-04-24 19:04:56'),
(2261, 57, 11, 12, 1, 1, 8.90, NULL, '2026-04-24 19:04:56', '2026-04-24 19:04:56'),
(2262, 57, 11, 12, 1, 2, 9.50, NULL, '2026-04-24 19:04:56', '2026-04-24 19:04:56'),
(2263, 57, 11, 12, 1, 3, 2.10, NULL, '2026-04-24 19:04:56', '2026-04-24 19:04:56'),
(2264, 57, 11, 12, 1, 4, 2.20, NULL, '2026-04-24 19:04:56', '2026-04-24 19:04:56'),
(2265, 57, 15, 12, 1, 1, 6.80, NULL, '2026-04-24 19:04:56', '2026-04-24 19:04:56'),
(2266, 57, 15, 12, 1, 2, 7.80, NULL, '2026-04-24 19:04:56', '2026-04-24 19:04:56'),
(2267, 57, 15, 12, 1, 3, 3.50, NULL, '2026-04-24 19:04:56', '2026-04-24 19:04:56'),
(2268, 57, 15, 12, 1, 4, 2.20, NULL, '2026-04-24 19:04:56', '2026-04-24 19:04:56'),
(2269, 57, 23, 12, 1, 1, 4.10, NULL, '2026-04-24 19:04:56', '2026-04-24 19:04:56'),
(2270, 57, 23, 12, 1, 2, 7.80, NULL, '2026-04-24 19:04:56', '2026-04-24 19:04:56'),
(2271, 57, 23, 12, 1, 3, 2.40, NULL, '2026-04-24 19:04:56', '2026-04-24 19:04:56'),
(2272, 57, 23, 12, 1, 4, 4.50, NULL, '2026-04-24 19:04:56', '2026-04-24 19:04:56'),
(2273, 57, 25, 12, 1, 1, 5.90, NULL, '2026-04-24 19:04:56', '2026-04-24 19:04:56'),
(2274, 57, 25, 12, 1, 2, 6.50, NULL, '2026-04-24 19:04:56', '2026-04-24 19:04:56'),
(2275, 57, 25, 12, 1, 3, 3.80, NULL, '2026-04-24 19:04:56', '2026-04-24 19:04:56'),
(2276, 57, 25, 12, 1, 4, 3.20, NULL, '2026-04-24 19:04:56', '2026-04-24 19:04:56'),
(2277, 57, 28, 12, 1, 1, 4.20, NULL, '2026-04-24 19:04:56', '2026-04-24 19:04:56'),
(2278, 57, 28, 12, 1, 2, 6.50, NULL, '2026-04-24 19:04:56', '2026-04-24 19:04:56'),
(2279, 57, 28, 12, 1, 3, 4.20, NULL, '2026-04-24 19:04:56', '2026-04-24 19:04:56'),
(2280, 57, 28, 12, 1, 4, 2.70, NULL, '2026-04-24 19:04:56', '2026-04-24 19:04:56'),
(2281, 58, 1, 12, 1, 1, 9.40, NULL, '2026-04-24 19:04:56', '2026-04-24 19:04:56'),
(2282, 58, 1, 12, 1, 2, 8.70, NULL, '2026-04-24 19:04:56', '2026-04-24 19:04:56'),
(2283, 58, 1, 12, 1, 3, 2.80, NULL, '2026-04-24 19:04:56', '2026-04-24 19:04:56'),
(2284, 58, 1, 12, 1, 4, 4.30, NULL, '2026-04-24 19:04:56', '2026-04-24 19:04:56'),
(2285, 58, 2, 12, 1, 1, 7.00, NULL, '2026-04-24 19:04:56', '2026-04-24 19:04:56'),
(2286, 58, 2, 12, 1, 2, 9.00, NULL, '2026-04-24 19:04:56', '2026-04-24 19:04:56'),
(2287, 58, 2, 12, 1, 3, 4.20, NULL, '2026-04-24 19:04:56', '2026-04-24 19:04:56'),
(2288, 58, 2, 12, 1, 4, 4.70, NULL, '2026-04-24 19:04:56', '2026-04-24 19:04:56'),
(2289, 58, 8, 12, 1, 1, 7.00, NULL, '2026-04-24 19:04:56', '2026-04-24 19:04:56'),
(2290, 58, 8, 12, 1, 2, 7.70, NULL, '2026-04-24 19:04:56', '2026-04-24 19:04:56'),
(2291, 58, 8, 12, 1, 3, 3.60, NULL, '2026-04-24 19:04:56', '2026-04-24 19:04:56'),
(2292, 58, 8, 12, 1, 4, 2.90, NULL, '2026-04-24 19:04:56', '2026-04-24 19:04:56'),
(2293, 58, 9, 12, 1, 1, 8.70, NULL, '2026-04-24 19:04:56', '2026-04-24 19:04:56'),
(2294, 58, 9, 12, 1, 2, 7.50, NULL, '2026-04-24 19:04:56', '2026-04-24 19:04:56'),
(2295, 58, 9, 12, 1, 3, 2.20, NULL, '2026-04-24 19:04:56', '2026-04-24 19:04:56'),
(2296, 58, 9, 12, 1, 4, 3.00, NULL, '2026-04-24 19:04:56', '2026-04-24 19:04:56'),
(2297, 58, 10, 12, 1, 1, 6.00, NULL, '2026-04-24 19:04:56', '2026-04-24 19:04:56'),
(2298, 58, 10, 12, 1, 2, 7.00, NULL, '2026-04-24 19:04:56', '2026-04-24 19:04:56'),
(2299, 58, 10, 12, 1, 3, 3.00, NULL, '2026-04-24 19:04:56', '2026-04-24 19:04:56'),
(2300, 58, 10, 12, 1, 4, 3.10, NULL, '2026-04-24 19:04:56', '2026-04-24 19:04:56'),
(2301, 58, 11, 12, 1, 1, 7.50, NULL, '2026-04-24 19:04:56', '2026-04-24 19:04:56'),
(2302, 58, 11, 12, 1, 2, 6.60, NULL, '2026-04-24 19:04:56', '2026-04-24 19:04:56'),
(2303, 58, 11, 12, 1, 3, 2.40, NULL, '2026-04-24 19:04:56', '2026-04-24 19:04:56'),
(2304, 58, 11, 12, 1, 4, 4.50, NULL, '2026-04-24 19:04:56', '2026-04-24 19:04:56'),
(2305, 58, 15, 12, 1, 1, 6.40, NULL, '2026-04-24 19:04:56', '2026-04-24 19:04:56'),
(2306, 58, 15, 12, 1, 2, 7.90, NULL, '2026-04-24 19:04:56', '2026-04-24 19:04:56'),
(2307, 58, 15, 12, 1, 3, 3.10, NULL, '2026-04-24 19:04:56', '2026-04-24 19:04:56'),
(2308, 58, 15, 12, 1, 4, 2.70, NULL, '2026-04-24 19:04:56', '2026-04-24 19:04:56'),
(2309, 58, 23, 12, 1, 1, 6.60, NULL, '2026-04-24 19:04:56', '2026-04-24 19:04:56'),
(2310, 58, 23, 12, 1, 2, 8.70, NULL, '2026-04-24 19:04:56', '2026-04-24 19:04:56'),
(2311, 58, 23, 12, 1, 3, 3.80, NULL, '2026-04-24 19:04:56', '2026-04-24 19:04:56'),
(2312, 58, 23, 12, 1, 4, 2.50, NULL, '2026-04-24 19:04:56', '2026-04-24 19:04:56'),
(2313, 58, 25, 12, 1, 1, 9.50, NULL, '2026-04-24 19:04:56', '2026-04-24 19:04:56'),
(2314, 58, 25, 12, 1, 2, 7.50, NULL, '2026-04-24 19:04:56', '2026-04-24 19:04:56'),
(2315, 58, 25, 12, 1, 3, 3.90, NULL, '2026-04-24 19:04:56', '2026-04-24 19:04:56'),
(2316, 58, 25, 12, 1, 4, 3.60, NULL, '2026-04-24 19:04:56', '2026-04-24 19:04:56'),
(2317, 58, 28, 12, 1, 1, 7.90, NULL, '2026-04-24 19:04:56', '2026-04-24 19:04:56'),
(2318, 58, 28, 12, 1, 2, 8.10, NULL, '2026-04-24 19:04:56', '2026-04-24 19:04:56'),
(2319, 58, 28, 12, 1, 3, 4.10, NULL, '2026-04-24 19:04:56', '2026-04-24 19:04:56'),
(2320, 58, 28, 12, 1, 4, 3.40, NULL, '2026-04-24 19:04:56', '2026-04-24 19:04:56'),
(2321, 59, 1, 12, 1, 1, 8.60, NULL, '2026-04-24 19:04:56', '2026-04-24 19:04:56'),
(2322, 59, 1, 12, 1, 2, 4.70, NULL, '2026-04-24 19:04:56', '2026-04-24 19:04:56'),
(2323, 59, 1, 12, 1, 3, 3.00, NULL, '2026-04-24 19:04:56', '2026-04-24 19:04:56'),
(2324, 59, 1, 12, 1, 4, 3.40, NULL, '2026-04-24 19:04:56', '2026-04-24 19:04:56'),
(2325, 59, 2, 12, 1, 1, 7.20, NULL, '2026-04-24 19:04:56', '2026-04-24 19:04:56'),
(2326, 59, 2, 12, 1, 2, 5.50, NULL, '2026-04-24 19:04:56', '2026-04-24 19:04:56'),
(2327, 59, 2, 12, 1, 3, 3.90, NULL, '2026-04-24 19:04:56', '2026-04-24 19:04:56'),
(2328, 59, 2, 12, 1, 4, 2.60, NULL, '2026-04-24 19:04:56', '2026-04-24 19:04:56'),
(2329, 59, 8, 12, 1, 1, 6.90, NULL, '2026-04-24 19:04:56', '2026-04-24 19:04:56'),
(2330, 59, 8, 12, 1, 2, 4.50, NULL, '2026-04-24 19:04:56', '2026-04-24 19:04:56'),
(2331, 59, 8, 12, 1, 3, 3.50, NULL, '2026-04-24 19:04:56', '2026-04-24 19:04:56'),
(2332, 59, 8, 12, 1, 4, 2.00, NULL, '2026-04-24 19:04:56', '2026-04-24 19:04:56'),
(2333, 59, 9, 12, 1, 1, 4.40, NULL, '2026-04-24 19:04:56', '2026-04-24 19:04:56'),
(2334, 59, 9, 12, 1, 2, 6.00, NULL, '2026-04-24 19:04:56', '2026-04-24 19:04:56'),
(2335, 59, 9, 12, 1, 3, 3.60, NULL, '2026-04-24 19:04:56', '2026-04-24 19:04:56'),
(2336, 59, 9, 12, 1, 4, 3.90, NULL, '2026-04-24 19:04:56', '2026-04-24 19:04:56'),
(2337, 59, 10, 12, 1, 1, 7.00, NULL, '2026-04-24 19:04:56', '2026-04-24 19:04:56'),
(2338, 59, 10, 12, 1, 2, 7.20, NULL, '2026-04-24 19:04:56', '2026-04-24 19:04:56'),
(2339, 59, 10, 12, 1, 3, 4.40, NULL, '2026-04-24 19:04:56', '2026-04-24 19:04:56'),
(2340, 59, 10, 12, 1, 4, 3.00, NULL, '2026-04-24 19:04:56', '2026-04-24 19:04:56'),
(2341, 59, 11, 12, 1, 1, 4.60, NULL, '2026-04-24 19:04:56', '2026-04-24 19:04:56'),
(2342, 59, 11, 12, 1, 2, 8.00, NULL, '2026-04-24 19:04:56', '2026-04-24 19:04:56'),
(2343, 59, 11, 12, 1, 3, 2.80, NULL, '2026-04-24 19:04:56', '2026-04-24 19:04:56'),
(2344, 59, 11, 12, 1, 4, 2.50, NULL, '2026-04-24 19:04:56', '2026-04-24 19:04:56'),
(2345, 59, 15, 12, 1, 1, 4.60, NULL, '2026-04-24 19:04:56', '2026-04-24 19:04:56'),
(2346, 59, 15, 12, 1, 2, 4.90, NULL, '2026-04-24 19:04:56', '2026-04-24 19:04:56'),
(2347, 59, 15, 12, 1, 3, 3.90, NULL, '2026-04-24 19:04:56', '2026-04-24 19:04:56'),
(2348, 59, 15, 12, 1, 4, 3.70, NULL, '2026-04-24 19:04:56', '2026-04-24 19:04:56'),
(2349, 59, 23, 12, 1, 1, 8.60, NULL, '2026-04-24 19:04:56', '2026-04-24 19:04:56'),
(2350, 59, 23, 12, 1, 2, 9.10, NULL, '2026-04-24 19:04:56', '2026-04-24 19:04:56'),
(2351, 59, 23, 12, 1, 3, 3.30, NULL, '2026-04-24 19:04:56', '2026-04-24 19:04:56'),
(2352, 59, 23, 12, 1, 4, 2.30, NULL, '2026-04-24 19:04:56', '2026-04-24 19:04:56'),
(2353, 59, 25, 12, 1, 1, 9.30, NULL, '2026-04-24 19:04:56', '2026-04-24 19:04:56'),
(2354, 59, 25, 12, 1, 2, 9.40, NULL, '2026-04-24 19:04:56', '2026-04-24 19:04:56'),
(2355, 59, 25, 12, 1, 3, 2.30, NULL, '2026-04-24 19:04:56', '2026-04-24 19:04:56'),
(2356, 59, 25, 12, 1, 4, 4.10, NULL, '2026-04-24 19:04:56', '2026-04-24 19:04:56'),
(2357, 59, 28, 12, 1, 1, 4.80, NULL, '2026-04-24 19:04:56', '2026-04-24 19:04:56'),
(2358, 59, 28, 12, 1, 2, 4.70, NULL, '2026-04-24 19:04:56', '2026-04-24 19:04:56'),
(2359, 59, 28, 12, 1, 3, 2.80, NULL, '2026-04-24 19:04:56', '2026-04-24 19:04:56'),
(2360, 59, 28, 12, 1, 4, 2.70, NULL, '2026-04-24 19:04:56', '2026-04-24 19:04:56'),
(2361, 60, 1, 12, 1, 1, 7.70, NULL, '2026-04-24 19:04:56', '2026-04-24 19:04:56'),
(2362, 60, 1, 12, 1, 2, 6.10, NULL, '2026-04-24 19:04:56', '2026-04-24 19:04:56'),
(2363, 60, 1, 12, 1, 3, 2.10, NULL, '2026-04-24 19:04:56', '2026-04-24 19:04:56'),
(2364, 60, 1, 12, 1, 4, 3.50, NULL, '2026-04-24 19:04:56', '2026-04-24 19:04:56'),
(2365, 60, 2, 12, 1, 1, 8.70, NULL, '2026-04-24 19:04:56', '2026-04-24 19:04:56'),
(2366, 60, 2, 12, 1, 2, 9.00, NULL, '2026-04-24 19:04:56', '2026-04-24 19:04:56'),
(2367, 60, 2, 12, 1, 3, 3.90, NULL, '2026-04-24 19:04:56', '2026-04-24 19:04:56'),
(2368, 60, 2, 12, 1, 4, 2.70, NULL, '2026-04-24 19:04:56', '2026-04-24 19:04:56'),
(2369, 60, 8, 12, 1, 1, 4.20, NULL, '2026-04-24 19:04:56', '2026-04-24 19:04:56'),
(2370, 60, 8, 12, 1, 2, 4.80, NULL, '2026-04-24 19:04:56', '2026-04-24 19:04:56'),
(2371, 60, 8, 12, 1, 3, 2.70, NULL, '2026-04-24 19:04:56', '2026-04-24 19:04:56'),
(2372, 60, 8, 12, 1, 4, 3.40, NULL, '2026-04-24 19:04:56', '2026-04-24 19:04:56'),
(2373, 60, 9, 12, 1, 1, 9.30, NULL, '2026-04-24 19:04:56', '2026-04-24 19:04:56'),
(2374, 60, 9, 12, 1, 2, 4.50, NULL, '2026-04-24 19:04:56', '2026-04-24 19:04:56'),
(2375, 60, 9, 12, 1, 3, 4.10, NULL, '2026-04-24 19:04:56', '2026-04-24 19:04:56'),
(2376, 60, 9, 12, 1, 4, 2.70, NULL, '2026-04-24 19:04:56', '2026-04-24 19:04:56'),
(2377, 60, 10, 12, 1, 1, 5.00, NULL, '2026-04-24 19:04:56', '2026-04-24 19:04:56'),
(2378, 60, 10, 12, 1, 2, 4.40, NULL, '2026-04-24 19:04:56', '2026-04-24 19:04:56'),
(2379, 60, 10, 12, 1, 3, 2.70, NULL, '2026-04-24 19:04:56', '2026-04-24 19:04:56'),
(2380, 60, 10, 12, 1, 4, 4.40, NULL, '2026-04-24 19:04:56', '2026-04-24 19:04:56'),
(2381, 60, 11, 12, 1, 1, 9.40, NULL, '2026-04-24 19:04:56', '2026-04-24 19:04:56'),
(2382, 60, 11, 12, 1, 2, 7.80, NULL, '2026-04-24 19:04:56', '2026-04-24 19:04:56'),
(2383, 60, 11, 12, 1, 3, 2.00, NULL, '2026-04-24 19:04:56', '2026-04-24 19:04:56'),
(2384, 60, 11, 12, 1, 4, 3.70, NULL, '2026-04-24 19:04:56', '2026-04-24 19:04:56'),
(2385, 60, 15, 12, 1, 1, 4.90, NULL, '2026-04-24 19:04:56', '2026-04-24 19:04:56'),
(2386, 60, 15, 12, 1, 2, 6.50, NULL, '2026-04-24 19:04:56', '2026-04-24 19:04:56'),
(2387, 60, 15, 12, 1, 3, 3.10, NULL, '2026-04-24 19:04:56', '2026-04-24 19:04:56'),
(2388, 60, 15, 12, 1, 4, 3.80, NULL, '2026-04-24 19:04:56', '2026-04-24 19:04:56'),
(2389, 60, 23, 12, 1, 1, 9.00, NULL, '2026-04-24 19:04:56', '2026-04-24 19:04:56'),
(2390, 60, 23, 12, 1, 2, 6.00, NULL, '2026-04-24 19:04:56', '2026-04-24 19:04:56'),
(2391, 60, 23, 12, 1, 3, 3.50, NULL, '2026-04-24 19:04:56', '2026-04-24 19:04:56'),
(2392, 60, 23, 12, 1, 4, 2.60, NULL, '2026-04-24 19:04:56', '2026-04-24 19:04:56'),
(2393, 60, 25, 12, 1, 1, 5.90, NULL, '2026-04-24 19:04:56', '2026-04-24 19:04:56'),
(2394, 60, 25, 12, 1, 2, 7.90, NULL, '2026-04-24 19:04:56', '2026-04-24 19:04:56'),
(2395, 60, 25, 12, 1, 3, 2.10, NULL, '2026-04-24 19:04:56', '2026-04-24 19:04:56'),
(2396, 60, 25, 12, 1, 4, 4.40, NULL, '2026-04-24 19:04:56', '2026-04-24 19:04:56'),
(2397, 60, 28, 12, 1, 1, 9.00, NULL, '2026-04-24 19:04:56', '2026-04-24 19:04:56'),
(2398, 60, 28, 12, 1, 2, 7.20, NULL, '2026-04-24 19:04:56', '2026-04-24 19:04:56'),
(2399, 60, 28, 12, 1, 3, 2.60, NULL, '2026-04-24 19:04:56', '2026-04-24 19:04:56'),
(2400, 60, 28, 12, 1, 4, 3.60, NULL, '2026-04-24 19:04:56', '2026-04-24 19:04:56');

-- --------------------------------------------------------

--
-- Table structure for table `cbt_answers`
--

CREATE TABLE `cbt_answers` (
  `id` bigint(20) UNSIGNED NOT NULL,
  `attempt_id` bigint(20) UNSIGNED NOT NULL,
  `question_id` bigint(20) UNSIGNED NOT NULL,
  `selected_option` enum('A','B','C','D') DEFAULT NULL,
  `is_correct` tinyint(1) DEFAULT NULL,
  `is_flagged` tinyint(1) NOT NULL DEFAULT 0,
  `answered_at` timestamp NULL DEFAULT NULL,
  `created_at` timestamp NULL DEFAULT NULL,
  `updated_at` timestamp NULL DEFAULT NULL
) ENGINE=InnoDB DEFAULT CHARSET=utf8mb4 COLLATE=utf8mb4_unicode_ci;

-- --------------------------------------------------------

--
-- Table structure for table `cbt_attempts`
--

CREATE TABLE `cbt_attempts` (
  `id` bigint(20) UNSIGNED NOT NULL,
  `cbt_exam_id` bigint(20) UNSIGNED NOT NULL,
  `student_id` bigint(20) UNSIGNED NOT NULL,
  `attempt_number` tinyint(3) UNSIGNED NOT NULL DEFAULT 1,
  `started_at` timestamp NULL DEFAULT NULL,
  `submitted_at` timestamp NULL DEFAULT NULL,
  `time_spent_seconds` int(10) UNSIGNED NOT NULL DEFAULT 0,
  `score` decimal(7,2) NOT NULL DEFAULT 0.00,
  `percentage` decimal(5,2) NOT NULL DEFAULT 0.00,
  `total_answered` smallint(5) UNSIGNED NOT NULL DEFAULT 0,
  `total_correct` smallint(5) UNSIGNED NOT NULL DEFAULT 0,
  `total_wrong` smallint(5) UNSIGNED NOT NULL DEFAULT 0,
  `total_skipped` smallint(5) UNSIGNED NOT NULL DEFAULT 0,
  `status` enum('In Progress','Submitted','Timed Out','Abandoned') NOT NULL DEFAULT 'In Progress',
  `ip_address` varchar(45) DEFAULT NULL,
  `created_at` timestamp NULL DEFAULT NULL,
  `updated_at` timestamp NULL DEFAULT NULL
) ENGINE=InnoDB DEFAULT CHARSET=utf8mb4 COLLATE=utf8mb4_unicode_ci;

-- --------------------------------------------------------

--
-- Table structure for table `cbt_exams`
--

CREATE TABLE `cbt_exams` (
  `id` bigint(20) UNSIGNED NOT NULL,
  `term_id` bigint(20) UNSIGNED NOT NULL,
  `subject_id` bigint(20) UNSIGNED NOT NULL,
  `class_arm_id` bigint(20) UNSIGNED NOT NULL,
  `title` varchar(200) NOT NULL,
  `exam_type` enum('Practice','Formal','WAEC-Style') NOT NULL DEFAULT 'Formal',
  `total_questions` smallint(5) UNSIGNED NOT NULL,
  `duration_minutes` smallint(5) UNSIGNED NOT NULL,
  `total_marks` decimal(6,2) NOT NULL,
  `marks_per_question` decimal(5,2) NOT NULL DEFAULT 1.00,
  `negative_marking` tinyint(1) NOT NULL DEFAULT 0,
  `marks_deducted_per_wrong` decimal(5,2) NOT NULL DEFAULT 0.00,
  `randomize_questions` tinyint(1) NOT NULL DEFAULT 1,
  `randomize_options` tinyint(1) NOT NULL DEFAULT 0,
  `show_result_immediately` tinyint(1) NOT NULL DEFAULT 1,
  `allow_retake` tinyint(1) NOT NULL DEFAULT 0,
  `max_retakes` tinyint(3) UNSIGNED NOT NULL DEFAULT 0,
  `start_datetime` datetime DEFAULT NULL,
  `end_datetime` datetime DEFAULT NULL,
  `instructions` text DEFAULT NULL,
  `status` enum('Draft','Scheduled','Active','Completed','Cancelled') NOT NULL DEFAULT 'Draft',
  `created_by` bigint(20) UNSIGNED NOT NULL,
  `created_at` timestamp NULL DEFAULT NULL,
  `updated_at` timestamp NULL DEFAULT NULL
) ENGINE=InnoDB DEFAULT CHARSET=utf8mb4 COLLATE=utf8mb4_unicode_ci;

-- --------------------------------------------------------

--
-- Table structure for table `cbt_exam_questions`
--

CREATE TABLE `cbt_exam_questions` (
  `id` bigint(20) UNSIGNED NOT NULL,
  `cbt_exam_id` bigint(20) UNSIGNED NOT NULL,
  `question_id` bigint(20) UNSIGNED NOT NULL,
  `question_order` smallint(5) UNSIGNED DEFAULT NULL,
  `created_at` timestamp NOT NULL DEFAULT current_timestamp()
) ENGINE=InnoDB DEFAULT CHARSET=utf8mb4 COLLATE=utf8mb4_unicode_ci;

-- --------------------------------------------------------

--
-- Table structure for table `class_arms`
--

CREATE TABLE `class_arms` (
  `id` bigint(20) UNSIGNED NOT NULL,
  `class_level_id` bigint(20) UNSIGNED NOT NULL,
  `arm` varchar(15) NOT NULL,
  `capacity` tinyint(3) UNSIGNED NOT NULL DEFAULT 40,
  `created_at` timestamp NULL DEFAULT NULL,
  `updated_at` timestamp NULL DEFAULT NULL
) ENGINE=InnoDB DEFAULT CHARSET=utf8mb4 COLLATE=utf8mb4_unicode_ci;

--
-- Dumping data for table `class_arms`
--

INSERT INTO `class_arms` (`id`, `class_level_id`, `arm`, `capacity`, `created_at`, `updated_at`) VALUES
(1, 1, 'A', 40, '2026-04-24 19:04:23', '2026-04-24 19:04:23'),
(2, 1, 'B', 40, '2026-04-24 19:04:23', '2026-04-24 19:04:23'),
(3, 2, 'A', 40, '2026-04-24 19:04:23', '2026-04-24 19:04:23'),
(4, 2, 'B', 40, '2026-04-24 19:04:23', '2026-04-24 19:04:23'),
(5, 3, 'A', 40, '2026-04-24 19:04:23', '2026-04-24 19:04:23'),
(6, 3, 'B', 40, '2026-04-24 19:04:23', '2026-04-24 19:04:23'),
(7, 4, 'Science', 40, '2026-04-24 19:04:23', '2026-04-24 19:04:23'),
(8, 4, 'Commercial', 40, '2026-04-24 19:04:23', '2026-04-24 19:04:23'),
(9, 5, 'Science', 40, '2026-04-24 19:04:23', '2026-04-24 19:04:23'),
(10, 5, 'Commercial', 40, '2026-04-24 19:04:23', '2026-04-24 19:04:23'),
(11, 6, 'Science', 40, '2026-04-24 19:04:23', '2026-04-24 19:04:23'),
(12, 6, 'Commercial', 40, '2026-04-24 19:04:23', '2026-04-24 19:04:23');

-- --------------------------------------------------------

--
-- Table structure for table `class_arm_teachers`
--

CREATE TABLE `class_arm_teachers` (
  `id` bigint(20) UNSIGNED NOT NULL,
  `class_arm_id` bigint(20) UNSIGNED NOT NULL,
  `teacher_id` bigint(20) UNSIGNED NOT NULL,
  `session_id` bigint(20) UNSIGNED NOT NULL,
  `role` enum('Form Teacher','Co-Form Teacher') NOT NULL DEFAULT 'Form Teacher',
  `created_at` timestamp NULL DEFAULT NULL,
  `updated_at` timestamp NULL DEFAULT NULL
) ENGINE=InnoDB DEFAULT CHARSET=utf8mb4 COLLATE=utf8mb4_unicode_ci;

--
-- Dumping data for table `class_arm_teachers`
--

INSERT INTO `class_arm_teachers` (`id`, `class_arm_id`, `teacher_id`, `session_id`, `role`, `created_at`, `updated_at`) VALUES
(1, 1, 1, 1, 'Form Teacher', '2026-04-24 19:04:26', '2026-04-24 19:04:26'),
(2, 2, 2, 1, 'Form Teacher', '2026-04-24 19:04:26', '2026-04-24 19:04:26'),
(3, 3, 3, 1, 'Form Teacher', '2026-04-24 19:04:26', '2026-04-24 19:04:26'),
(4, 4, 4, 1, 'Form Teacher', '2026-04-24 19:04:26', '2026-04-24 19:04:26'),
(5, 5, 5, 1, 'Form Teacher', '2026-04-24 19:04:26', '2026-04-24 19:04:26'),
(6, 6, 6, 1, 'Form Teacher', '2026-04-24 19:04:26', '2026-04-24 19:04:26'),
(7, 7, 7, 1, 'Form Teacher', '2026-04-24 19:04:26', '2026-04-24 19:04:26'),
(8, 8, 8, 1, 'Form Teacher', '2026-04-24 19:04:26', '2026-04-24 19:04:26');

-- --------------------------------------------------------

--
-- Table structure for table `class_levels`
--

CREATE TABLE `class_levels` (
  `id` bigint(20) UNSIGNED NOT NULL,
  `name` varchar(10) NOT NULL,
  `level_order` tinyint(3) UNSIGNED NOT NULL,
  `category` enum('Junior','Senior') NOT NULL,
  `created_at` timestamp NULL DEFAULT NULL,
  `updated_at` timestamp NULL DEFAULT NULL
) ENGINE=InnoDB DEFAULT CHARSET=utf8mb4 COLLATE=utf8mb4_unicode_ci;

--
-- Dumping data for table `class_levels`
--

INSERT INTO `class_levels` (`id`, `name`, `level_order`, `category`, `created_at`, `updated_at`) VALUES
(1, 'JSS1', 1, 'Junior', '2026-04-24 19:03:06', '2026-04-24 19:03:06'),
(2, 'JSS2', 2, 'Junior', '2026-04-24 19:03:06', '2026-04-24 19:03:06'),
(3, 'JSS3', 3, 'Junior', '2026-04-24 19:03:06', '2026-04-24 19:03:06'),
(4, 'SS1', 4, 'Senior', '2026-04-24 19:03:06', '2026-04-24 19:03:06'),
(5, 'SS2', 5, 'Senior', '2026-04-24 19:03:06', '2026-04-24 19:03:06'),
(6, 'SS3', 6, 'Senior', '2026-04-24 19:03:06', '2026-04-24 19:03:06');

-- --------------------------------------------------------

--
-- Table structure for table `exam_scores`
--

CREATE TABLE `exam_scores` (
  `id` bigint(20) UNSIGNED NOT NULL,
  `student_id` bigint(20) UNSIGNED NOT NULL,
  `subject_id` bigint(20) UNSIGNED NOT NULL,
  `class_arm_id` bigint(20) UNSIGNED NOT NULL,
  `term_id` bigint(20) UNSIGNED NOT NULL,
  `score` decimal(5,2) NOT NULL DEFAULT 0.00,
  `recorded_by` bigint(20) UNSIGNED DEFAULT NULL,
  `submitted_at` timestamp NULL DEFAULT NULL,
  `created_at` timestamp NULL DEFAULT NULL,
  `updated_at` timestamp NULL DEFAULT NULL
) ENGINE=InnoDB DEFAULT CHARSET=utf8mb4 COLLATE=utf8mb4_unicode_ci;

--
-- Dumping data for table `exam_scores`
--

INSERT INTO `exam_scores` (`id`, `student_id`, `subject_id`, `class_arm_id`, `term_id`, `score`, `recorded_by`, `submitted_at`, `created_at`, `updated_at`) VALUES
(1, 1, 1, 1, 1, 58.20, NULL, '2026-04-24 19:04:51', '2026-04-24 19:04:51', '2026-04-24 19:04:51'),
(2, 1, 2, 1, 1, 34.30, NULL, '2026-04-24 19:04:51', '2026-04-24 19:04:51', '2026-04-24 19:04:51'),
(3, 1, 8, 1, 1, 36.90, NULL, '2026-04-24 19:04:51', '2026-04-24 19:04:51', '2026-04-24 19:04:51'),
(4, 1, 9, 1, 1, 45.20, NULL, '2026-04-24 19:04:51', '2026-04-24 19:04:51', '2026-04-24 19:04:51'),
(5, 1, 10, 1, 1, 32.30, NULL, '2026-04-24 19:04:51', '2026-04-24 19:04:51', '2026-04-24 19:04:51'),
(6, 1, 11, 1, 1, 49.30, NULL, '2026-04-24 19:04:51', '2026-04-24 19:04:51', '2026-04-24 19:04:51'),
(7, 1, 15, 1, 1, 34.70, NULL, '2026-04-24 19:04:51', '2026-04-24 19:04:51', '2026-04-24 19:04:51'),
(8, 1, 23, 1, 1, 36.90, NULL, '2026-04-24 19:04:51', '2026-04-24 19:04:51', '2026-04-24 19:04:51'),
(9, 1, 25, 1, 1, 55.50, NULL, '2026-04-24 19:04:51', '2026-04-24 19:04:51', '2026-04-24 19:04:51'),
(10, 1, 28, 1, 1, 35.70, NULL, '2026-04-24 19:04:51', '2026-04-24 19:04:51', '2026-04-24 19:04:51'),
(11, 2, 1, 1, 1, 64.90, NULL, '2026-04-24 19:04:51', '2026-04-24 19:04:51', '2026-04-24 19:04:51'),
(12, 2, 2, 1, 1, 63.20, NULL, '2026-04-24 19:04:51', '2026-04-24 19:04:51', '2026-04-24 19:04:51'),
(13, 2, 8, 1, 1, 54.80, NULL, '2026-04-24 19:04:51', '2026-04-24 19:04:51', '2026-04-24 19:04:51'),
(14, 2, 9, 1, 1, 50.10, NULL, '2026-04-24 19:04:51', '2026-04-24 19:04:51', '2026-04-24 19:04:51'),
(15, 2, 10, 1, 1, 62.50, NULL, '2026-04-24 19:04:51', '2026-04-24 19:04:51', '2026-04-24 19:04:51'),
(16, 2, 11, 1, 1, 45.20, NULL, '2026-04-24 19:04:51', '2026-04-24 19:04:51', '2026-04-24 19:04:51'),
(17, 2, 15, 1, 1, 29.70, NULL, '2026-04-24 19:04:51', '2026-04-24 19:04:51', '2026-04-24 19:04:51'),
(18, 2, 23, 1, 1, 49.70, NULL, '2026-04-24 19:04:51', '2026-04-24 19:04:51', '2026-04-24 19:04:51'),
(19, 2, 25, 1, 1, 29.30, NULL, '2026-04-24 19:04:51', '2026-04-24 19:04:51', '2026-04-24 19:04:51'),
(20, 2, 28, 1, 1, 32.00, NULL, '2026-04-24 19:04:51', '2026-04-24 19:04:51', '2026-04-24 19:04:51'),
(21, 3, 1, 1, 1, 28.40, NULL, '2026-04-24 19:04:51', '2026-04-24 19:04:51', '2026-04-24 19:04:51'),
(22, 3, 2, 1, 1, 29.80, NULL, '2026-04-24 19:04:51', '2026-04-24 19:04:51', '2026-04-24 19:04:51'),
(23, 3, 8, 1, 1, 47.30, NULL, '2026-04-24 19:04:51', '2026-04-24 19:04:51', '2026-04-24 19:04:51'),
(24, 3, 9, 1, 1, 42.70, NULL, '2026-04-24 19:04:51', '2026-04-24 19:04:51', '2026-04-24 19:04:51'),
(25, 3, 10, 1, 1, 61.50, NULL, '2026-04-24 19:04:51', '2026-04-24 19:04:51', '2026-04-24 19:04:51'),
(26, 3, 11, 1, 1, 50.20, NULL, '2026-04-24 19:04:51', '2026-04-24 19:04:51', '2026-04-24 19:04:51'),
(27, 3, 15, 1, 1, 60.00, NULL, '2026-04-24 19:04:51', '2026-04-24 19:04:51', '2026-04-24 19:04:51'),
(28, 3, 23, 1, 1, 49.60, NULL, '2026-04-24 19:04:51', '2026-04-24 19:04:51', '2026-04-24 19:04:51'),
(29, 3, 25, 1, 1, 61.60, NULL, '2026-04-24 19:04:51', '2026-04-24 19:04:51', '2026-04-24 19:04:51'),
(30, 3, 28, 1, 1, 44.00, NULL, '2026-04-24 19:04:51', '2026-04-24 19:04:51', '2026-04-24 19:04:51'),
(31, 4, 1, 1, 1, 65.40, NULL, '2026-04-24 19:04:51', '2026-04-24 19:04:51', '2026-04-24 19:04:51'),
(32, 4, 2, 1, 1, 40.40, NULL, '2026-04-24 19:04:51', '2026-04-24 19:04:51', '2026-04-24 19:04:51'),
(33, 4, 8, 1, 1, 54.20, NULL, '2026-04-24 19:04:51', '2026-04-24 19:04:51', '2026-04-24 19:04:51'),
(34, 4, 9, 1, 1, 57.40, NULL, '2026-04-24 19:04:51', '2026-04-24 19:04:51', '2026-04-24 19:04:51'),
(35, 4, 10, 1, 1, 45.70, NULL, '2026-04-24 19:04:51', '2026-04-24 19:04:51', '2026-04-24 19:04:51'),
(36, 4, 11, 1, 1, 41.90, NULL, '2026-04-24 19:04:51', '2026-04-24 19:04:51', '2026-04-24 19:04:51'),
(37, 4, 15, 1, 1, 65.00, NULL, '2026-04-24 19:04:51', '2026-04-24 19:04:51', '2026-04-24 19:04:51'),
(38, 4, 23, 1, 1, 41.40, NULL, '2026-04-24 19:04:51', '2026-04-24 19:04:51', '2026-04-24 19:04:51'),
(39, 4, 25, 1, 1, 31.90, NULL, '2026-04-24 19:04:51', '2026-04-24 19:04:51', '2026-04-24 19:04:51'),
(40, 4, 28, 1, 1, 63.40, NULL, '2026-04-24 19:04:51', '2026-04-24 19:04:51', '2026-04-24 19:04:51'),
(41, 5, 1, 1, 1, 35.30, NULL, '2026-04-24 19:04:51', '2026-04-24 19:04:51', '2026-04-24 19:04:51'),
(42, 5, 2, 1, 1, 48.60, NULL, '2026-04-24 19:04:51', '2026-04-24 19:04:51', '2026-04-24 19:04:51'),
(43, 5, 8, 1, 1, 49.20, NULL, '2026-04-24 19:04:51', '2026-04-24 19:04:51', '2026-04-24 19:04:51'),
(44, 5, 9, 1, 1, 58.90, NULL, '2026-04-24 19:04:51', '2026-04-24 19:04:51', '2026-04-24 19:04:51'),
(45, 5, 10, 1, 1, 40.90, NULL, '2026-04-24 19:04:51', '2026-04-24 19:04:51', '2026-04-24 19:04:51'),
(46, 5, 11, 1, 1, 45.60, NULL, '2026-04-24 19:04:51', '2026-04-24 19:04:51', '2026-04-24 19:04:51'),
(47, 5, 15, 1, 1, 51.90, NULL, '2026-04-24 19:04:51', '2026-04-24 19:04:51', '2026-04-24 19:04:51'),
(48, 5, 23, 1, 1, 62.60, NULL, '2026-04-24 19:04:51', '2026-04-24 19:04:51', '2026-04-24 19:04:51'),
(49, 5, 25, 1, 1, 45.90, NULL, '2026-04-24 19:04:51', '2026-04-24 19:04:51', '2026-04-24 19:04:51'),
(50, 5, 28, 1, 1, 31.50, NULL, '2026-04-24 19:04:51', '2026-04-24 19:04:51', '2026-04-24 19:04:51'),
(51, 6, 1, 2, 1, 56.10, NULL, '2026-04-24 19:04:51', '2026-04-24 19:04:51', '2026-04-24 19:04:51'),
(52, 6, 2, 2, 1, 34.80, NULL, '2026-04-24 19:04:51', '2026-04-24 19:04:51', '2026-04-24 19:04:51'),
(53, 6, 8, 2, 1, 48.60, NULL, '2026-04-24 19:04:51', '2026-04-24 19:04:51', '2026-04-24 19:04:51'),
(54, 6, 9, 2, 1, 65.60, NULL, '2026-04-24 19:04:51', '2026-04-24 19:04:51', '2026-04-24 19:04:51'),
(55, 6, 10, 2, 1, 63.80, NULL, '2026-04-24 19:04:51', '2026-04-24 19:04:51', '2026-04-24 19:04:51'),
(56, 6, 11, 2, 1, 33.10, NULL, '2026-04-24 19:04:51', '2026-04-24 19:04:51', '2026-04-24 19:04:51'),
(57, 6, 15, 2, 1, 30.40, NULL, '2026-04-24 19:04:51', '2026-04-24 19:04:51', '2026-04-24 19:04:51'),
(58, 6, 23, 2, 1, 36.10, NULL, '2026-04-24 19:04:51', '2026-04-24 19:04:51', '2026-04-24 19:04:51'),
(59, 6, 25, 2, 1, 63.80, NULL, '2026-04-24 19:04:51', '2026-04-24 19:04:51', '2026-04-24 19:04:51'),
(60, 6, 28, 2, 1, 40.20, NULL, '2026-04-24 19:04:51', '2026-04-24 19:04:51', '2026-04-24 19:04:51'),
(61, 7, 1, 2, 1, 43.10, NULL, '2026-04-24 19:04:51', '2026-04-24 19:04:51', '2026-04-24 19:04:51'),
(62, 7, 2, 2, 1, 29.80, NULL, '2026-04-24 19:04:51', '2026-04-24 19:04:51', '2026-04-24 19:04:51'),
(63, 7, 8, 2, 1, 34.80, NULL, '2026-04-24 19:04:51', '2026-04-24 19:04:51', '2026-04-24 19:04:51'),
(64, 7, 9, 2, 1, 48.30, NULL, '2026-04-24 19:04:51', '2026-04-24 19:04:51', '2026-04-24 19:04:51'),
(65, 7, 10, 2, 1, 28.30, NULL, '2026-04-24 19:04:51', '2026-04-24 19:04:51', '2026-04-24 19:04:51'),
(66, 7, 11, 2, 1, 55.20, NULL, '2026-04-24 19:04:51', '2026-04-24 19:04:51', '2026-04-24 19:04:51'),
(67, 7, 15, 2, 1, 64.00, NULL, '2026-04-24 19:04:51', '2026-04-24 19:04:51', '2026-04-24 19:04:51'),
(68, 7, 23, 2, 1, 30.80, NULL, '2026-04-24 19:04:51', '2026-04-24 19:04:51', '2026-04-24 19:04:51'),
(69, 7, 25, 2, 1, 47.20, NULL, '2026-04-24 19:04:51', '2026-04-24 19:04:51', '2026-04-24 19:04:51'),
(70, 7, 28, 2, 1, 49.70, NULL, '2026-04-24 19:04:51', '2026-04-24 19:04:51', '2026-04-24 19:04:51'),
(71, 8, 1, 2, 1, 52.20, NULL, '2026-04-24 19:04:51', '2026-04-24 19:04:51', '2026-04-24 19:04:51'),
(72, 8, 2, 2, 1, 28.70, NULL, '2026-04-24 19:04:51', '2026-04-24 19:04:51', '2026-04-24 19:04:51'),
(73, 8, 8, 2, 1, 54.40, NULL, '2026-04-24 19:04:51', '2026-04-24 19:04:51', '2026-04-24 19:04:51'),
(74, 8, 9, 2, 1, 42.20, NULL, '2026-04-24 19:04:51', '2026-04-24 19:04:51', '2026-04-24 19:04:51'),
(75, 8, 10, 2, 1, 58.30, NULL, '2026-04-24 19:04:51', '2026-04-24 19:04:51', '2026-04-24 19:04:51'),
(76, 8, 11, 2, 1, 39.00, NULL, '2026-04-24 19:04:51', '2026-04-24 19:04:51', '2026-04-24 19:04:51'),
(77, 8, 15, 2, 1, 55.90, NULL, '2026-04-24 19:04:51', '2026-04-24 19:04:51', '2026-04-24 19:04:51'),
(78, 8, 23, 2, 1, 36.00, NULL, '2026-04-24 19:04:51', '2026-04-24 19:04:51', '2026-04-24 19:04:51'),
(79, 8, 25, 2, 1, 65.40, NULL, '2026-04-24 19:04:51', '2026-04-24 19:04:51', '2026-04-24 19:04:51'),
(80, 8, 28, 2, 1, 47.30, NULL, '2026-04-24 19:04:51', '2026-04-24 19:04:51', '2026-04-24 19:04:51'),
(81, 9, 1, 2, 1, 58.40, NULL, '2026-04-24 19:04:52', '2026-04-24 19:04:52', '2026-04-24 19:04:52'),
(82, 9, 2, 2, 1, 49.50, NULL, '2026-04-24 19:04:52', '2026-04-24 19:04:52', '2026-04-24 19:04:52'),
(83, 9, 8, 2, 1, 61.70, NULL, '2026-04-24 19:04:52', '2026-04-24 19:04:52', '2026-04-24 19:04:52'),
(84, 9, 9, 2, 1, 48.40, NULL, '2026-04-24 19:04:52', '2026-04-24 19:04:52', '2026-04-24 19:04:52'),
(85, 9, 10, 2, 1, 56.30, NULL, '2026-04-24 19:04:52', '2026-04-24 19:04:52', '2026-04-24 19:04:52'),
(86, 9, 11, 2, 1, 63.90, NULL, '2026-04-24 19:04:52', '2026-04-24 19:04:52', '2026-04-24 19:04:52'),
(87, 9, 15, 2, 1, 30.10, NULL, '2026-04-24 19:04:52', '2026-04-24 19:04:52', '2026-04-24 19:04:52'),
(88, 9, 23, 2, 1, 28.60, NULL, '2026-04-24 19:04:52', '2026-04-24 19:04:52', '2026-04-24 19:04:52'),
(89, 9, 25, 2, 1, 40.30, NULL, '2026-04-24 19:04:52', '2026-04-24 19:04:52', '2026-04-24 19:04:52'),
(90, 9, 28, 2, 1, 54.60, NULL, '2026-04-24 19:04:52', '2026-04-24 19:04:52', '2026-04-24 19:04:52'),
(91, 10, 1, 2, 1, 51.10, NULL, '2026-04-24 19:04:52', '2026-04-24 19:04:52', '2026-04-24 19:04:52'),
(92, 10, 2, 2, 1, 31.50, NULL, '2026-04-24 19:04:52', '2026-04-24 19:04:52', '2026-04-24 19:04:52'),
(93, 10, 8, 2, 1, 50.00, NULL, '2026-04-24 19:04:52', '2026-04-24 19:04:52', '2026-04-24 19:04:52'),
(94, 10, 9, 2, 1, 59.20, NULL, '2026-04-24 19:04:52', '2026-04-24 19:04:52', '2026-04-24 19:04:52'),
(95, 10, 10, 2, 1, 31.00, NULL, '2026-04-24 19:04:52', '2026-04-24 19:04:52', '2026-04-24 19:04:52'),
(96, 10, 11, 2, 1, 58.80, NULL, '2026-04-24 19:04:52', '2026-04-24 19:04:52', '2026-04-24 19:04:52'),
(97, 10, 15, 2, 1, 55.10, NULL, '2026-04-24 19:04:52', '2026-04-24 19:04:52', '2026-04-24 19:04:52'),
(98, 10, 23, 2, 1, 56.20, NULL, '2026-04-24 19:04:52', '2026-04-24 19:04:52', '2026-04-24 19:04:52'),
(99, 10, 25, 2, 1, 47.00, NULL, '2026-04-24 19:04:52', '2026-04-24 19:04:52', '2026-04-24 19:04:52'),
(100, 10, 28, 2, 1, 44.40, NULL, '2026-04-24 19:04:52', '2026-04-24 19:04:52', '2026-04-24 19:04:52'),
(101, 11, 1, 3, 1, 58.00, NULL, '2026-04-24 19:04:52', '2026-04-24 19:04:52', '2026-04-24 19:04:52'),
(102, 11, 2, 3, 1, 45.60, NULL, '2026-04-24 19:04:52', '2026-04-24 19:04:52', '2026-04-24 19:04:52'),
(103, 11, 8, 3, 1, 47.40, NULL, '2026-04-24 19:04:52', '2026-04-24 19:04:52', '2026-04-24 19:04:52'),
(104, 11, 9, 3, 1, 43.80, NULL, '2026-04-24 19:04:52', '2026-04-24 19:04:52', '2026-04-24 19:04:52'),
(105, 11, 10, 3, 1, 42.10, NULL, '2026-04-24 19:04:52', '2026-04-24 19:04:52', '2026-04-24 19:04:52'),
(106, 11, 11, 3, 1, 29.00, NULL, '2026-04-24 19:04:52', '2026-04-24 19:04:52', '2026-04-24 19:04:52'),
(107, 11, 15, 3, 1, 58.70, NULL, '2026-04-24 19:04:52', '2026-04-24 19:04:52', '2026-04-24 19:04:52'),
(108, 11, 23, 3, 1, 40.30, NULL, '2026-04-24 19:04:52', '2026-04-24 19:04:52', '2026-04-24 19:04:52'),
(109, 11, 25, 3, 1, 35.10, NULL, '2026-04-24 19:04:52', '2026-04-24 19:04:52', '2026-04-24 19:04:52'),
(110, 11, 28, 3, 1, 32.60, NULL, '2026-04-24 19:04:52', '2026-04-24 19:04:52', '2026-04-24 19:04:52'),
(111, 12, 1, 3, 1, 64.60, NULL, '2026-04-24 19:04:52', '2026-04-24 19:04:52', '2026-04-24 19:04:52'),
(112, 12, 2, 3, 1, 50.70, NULL, '2026-04-24 19:04:52', '2026-04-24 19:04:52', '2026-04-24 19:04:52'),
(113, 12, 8, 3, 1, 56.10, NULL, '2026-04-24 19:04:52', '2026-04-24 19:04:52', '2026-04-24 19:04:52'),
(114, 12, 9, 3, 1, 57.10, NULL, '2026-04-24 19:04:52', '2026-04-24 19:04:52', '2026-04-24 19:04:52'),
(115, 12, 10, 3, 1, 37.70, NULL, '2026-04-24 19:04:52', '2026-04-24 19:04:52', '2026-04-24 19:04:52'),
(116, 12, 11, 3, 1, 41.00, NULL, '2026-04-24 19:04:52', '2026-04-24 19:04:52', '2026-04-24 19:04:52'),
(117, 12, 15, 3, 1, 35.50, NULL, '2026-04-24 19:04:52', '2026-04-24 19:04:52', '2026-04-24 19:04:52'),
(118, 12, 23, 3, 1, 57.50, NULL, '2026-04-24 19:04:52', '2026-04-24 19:04:52', '2026-04-24 19:04:52'),
(119, 12, 25, 3, 1, 45.90, NULL, '2026-04-24 19:04:52', '2026-04-24 19:04:52', '2026-04-24 19:04:52'),
(120, 12, 28, 3, 1, 36.60, NULL, '2026-04-24 19:04:52', '2026-04-24 19:04:52', '2026-04-24 19:04:52'),
(121, 13, 1, 3, 1, 44.30, NULL, '2026-04-24 19:04:52', '2026-04-24 19:04:52', '2026-04-24 19:04:52'),
(122, 13, 2, 3, 1, 52.10, NULL, '2026-04-24 19:04:52', '2026-04-24 19:04:52', '2026-04-24 19:04:52'),
(123, 13, 8, 3, 1, 38.70, NULL, '2026-04-24 19:04:52', '2026-04-24 19:04:52', '2026-04-24 19:04:52'),
(124, 13, 9, 3, 1, 40.80, NULL, '2026-04-24 19:04:52', '2026-04-24 19:04:52', '2026-04-24 19:04:52'),
(125, 13, 10, 3, 1, 61.50, NULL, '2026-04-24 19:04:52', '2026-04-24 19:04:52', '2026-04-24 19:04:52'),
(126, 13, 11, 3, 1, 59.90, NULL, '2026-04-24 19:04:52', '2026-04-24 19:04:52', '2026-04-24 19:04:52'),
(127, 13, 15, 3, 1, 47.80, NULL, '2026-04-24 19:04:52', '2026-04-24 19:04:52', '2026-04-24 19:04:52'),
(128, 13, 23, 3, 1, 49.70, NULL, '2026-04-24 19:04:52', '2026-04-24 19:04:52', '2026-04-24 19:04:52'),
(129, 13, 25, 3, 1, 39.30, NULL, '2026-04-24 19:04:52', '2026-04-24 19:04:52', '2026-04-24 19:04:52'),
(130, 13, 28, 3, 1, 42.10, NULL, '2026-04-24 19:04:52', '2026-04-24 19:04:52', '2026-04-24 19:04:52'),
(131, 14, 1, 3, 1, 41.10, NULL, '2026-04-24 19:04:52', '2026-04-24 19:04:52', '2026-04-24 19:04:52'),
(132, 14, 2, 3, 1, 55.40, NULL, '2026-04-24 19:04:52', '2026-04-24 19:04:52', '2026-04-24 19:04:52'),
(133, 14, 8, 3, 1, 63.20, NULL, '2026-04-24 19:04:52', '2026-04-24 19:04:52', '2026-04-24 19:04:52'),
(134, 14, 9, 3, 1, 49.60, NULL, '2026-04-24 19:04:52', '2026-04-24 19:04:52', '2026-04-24 19:04:52'),
(135, 14, 10, 3, 1, 45.70, NULL, '2026-04-24 19:04:52', '2026-04-24 19:04:52', '2026-04-24 19:04:52'),
(136, 14, 11, 3, 1, 49.40, NULL, '2026-04-24 19:04:52', '2026-04-24 19:04:52', '2026-04-24 19:04:52'),
(137, 14, 15, 3, 1, 52.10, NULL, '2026-04-24 19:04:52', '2026-04-24 19:04:52', '2026-04-24 19:04:52'),
(138, 14, 23, 3, 1, 58.20, NULL, '2026-04-24 19:04:52', '2026-04-24 19:04:52', '2026-04-24 19:04:52'),
(139, 14, 25, 3, 1, 54.00, NULL, '2026-04-24 19:04:52', '2026-04-24 19:04:52', '2026-04-24 19:04:52'),
(140, 14, 28, 3, 1, 51.60, NULL, '2026-04-24 19:04:52', '2026-04-24 19:04:52', '2026-04-24 19:04:52'),
(141, 15, 1, 3, 1, 65.70, NULL, '2026-04-24 19:04:52', '2026-04-24 19:04:52', '2026-04-24 19:04:52'),
(142, 15, 2, 3, 1, 57.00, NULL, '2026-04-24 19:04:52', '2026-04-24 19:04:52', '2026-04-24 19:04:52'),
(143, 15, 8, 3, 1, 48.00, NULL, '2026-04-24 19:04:52', '2026-04-24 19:04:52', '2026-04-24 19:04:52'),
(144, 15, 9, 3, 1, 50.10, NULL, '2026-04-24 19:04:52', '2026-04-24 19:04:52', '2026-04-24 19:04:52'),
(145, 15, 10, 3, 1, 39.90, NULL, '2026-04-24 19:04:52', '2026-04-24 19:04:52', '2026-04-24 19:04:52'),
(146, 15, 11, 3, 1, 38.80, NULL, '2026-04-24 19:04:52', '2026-04-24 19:04:52', '2026-04-24 19:04:52'),
(147, 15, 15, 3, 1, 45.80, NULL, '2026-04-24 19:04:52', '2026-04-24 19:04:52', '2026-04-24 19:04:52'),
(148, 15, 23, 3, 1, 43.50, NULL, '2026-04-24 19:04:52', '2026-04-24 19:04:52', '2026-04-24 19:04:52'),
(149, 15, 25, 3, 1, 50.20, NULL, '2026-04-24 19:04:52', '2026-04-24 19:04:52', '2026-04-24 19:04:52'),
(150, 15, 28, 3, 1, 40.80, NULL, '2026-04-24 19:04:52', '2026-04-24 19:04:52', '2026-04-24 19:04:52'),
(151, 16, 1, 4, 1, 40.90, NULL, '2026-04-24 19:04:52', '2026-04-24 19:04:52', '2026-04-24 19:04:52'),
(152, 16, 2, 4, 1, 53.20, NULL, '2026-04-24 19:04:52', '2026-04-24 19:04:52', '2026-04-24 19:04:52'),
(153, 16, 8, 4, 1, 35.40, NULL, '2026-04-24 19:04:52', '2026-04-24 19:04:52', '2026-04-24 19:04:52'),
(154, 16, 9, 4, 1, 60.80, NULL, '2026-04-24 19:04:52', '2026-04-24 19:04:52', '2026-04-24 19:04:52'),
(155, 16, 10, 4, 1, 37.40, NULL, '2026-04-24 19:04:52', '2026-04-24 19:04:52', '2026-04-24 19:04:52'),
(156, 16, 11, 4, 1, 52.20, NULL, '2026-04-24 19:04:52', '2026-04-24 19:04:52', '2026-04-24 19:04:52'),
(157, 16, 15, 4, 1, 45.00, NULL, '2026-04-24 19:04:52', '2026-04-24 19:04:52', '2026-04-24 19:04:52'),
(158, 16, 23, 4, 1, 39.80, NULL, '2026-04-24 19:04:52', '2026-04-24 19:04:52', '2026-04-24 19:04:52'),
(159, 16, 25, 4, 1, 32.50, NULL, '2026-04-24 19:04:52', '2026-04-24 19:04:52', '2026-04-24 19:04:52'),
(160, 16, 28, 4, 1, 46.20, NULL, '2026-04-24 19:04:52', '2026-04-24 19:04:52', '2026-04-24 19:04:52'),
(161, 17, 1, 4, 1, 47.40, NULL, '2026-04-24 19:04:52', '2026-04-24 19:04:52', '2026-04-24 19:04:52'),
(162, 17, 2, 4, 1, 52.80, NULL, '2026-04-24 19:04:52', '2026-04-24 19:04:52', '2026-04-24 19:04:52'),
(163, 17, 8, 4, 1, 31.50, NULL, '2026-04-24 19:04:52', '2026-04-24 19:04:52', '2026-04-24 19:04:52'),
(164, 17, 9, 4, 1, 39.90, NULL, '2026-04-24 19:04:52', '2026-04-24 19:04:52', '2026-04-24 19:04:52'),
(165, 17, 10, 4, 1, 60.00, NULL, '2026-04-24 19:04:52', '2026-04-24 19:04:52', '2026-04-24 19:04:52'),
(166, 17, 11, 4, 1, 60.30, NULL, '2026-04-24 19:04:52', '2026-04-24 19:04:52', '2026-04-24 19:04:52'),
(167, 17, 15, 4, 1, 42.20, NULL, '2026-04-24 19:04:52', '2026-04-24 19:04:52', '2026-04-24 19:04:52'),
(168, 17, 23, 4, 1, 48.30, NULL, '2026-04-24 19:04:52', '2026-04-24 19:04:52', '2026-04-24 19:04:52'),
(169, 17, 25, 4, 1, 48.20, NULL, '2026-04-24 19:04:52', '2026-04-24 19:04:52', '2026-04-24 19:04:52'),
(170, 17, 28, 4, 1, 54.60, NULL, '2026-04-24 19:04:52', '2026-04-24 19:04:52', '2026-04-24 19:04:52'),
(171, 18, 1, 4, 1, 30.50, NULL, '2026-04-24 19:04:52', '2026-04-24 19:04:52', '2026-04-24 19:04:52'),
(172, 18, 2, 4, 1, 59.60, NULL, '2026-04-24 19:04:52', '2026-04-24 19:04:52', '2026-04-24 19:04:52'),
(173, 18, 8, 4, 1, 46.00, NULL, '2026-04-24 19:04:52', '2026-04-24 19:04:52', '2026-04-24 19:04:52'),
(174, 18, 9, 4, 1, 66.00, NULL, '2026-04-24 19:04:52', '2026-04-24 19:04:52', '2026-04-24 19:04:52'),
(175, 18, 10, 4, 1, 41.10, NULL, '2026-04-24 19:04:52', '2026-04-24 19:04:52', '2026-04-24 19:04:52'),
(176, 18, 11, 4, 1, 65.50, NULL, '2026-04-24 19:04:52', '2026-04-24 19:04:52', '2026-04-24 19:04:52'),
(177, 18, 15, 4, 1, 46.70, NULL, '2026-04-24 19:04:52', '2026-04-24 19:04:52', '2026-04-24 19:04:52'),
(178, 18, 23, 4, 1, 62.50, NULL, '2026-04-24 19:04:52', '2026-04-24 19:04:52', '2026-04-24 19:04:52'),
(179, 18, 25, 4, 1, 55.90, NULL, '2026-04-24 19:04:52', '2026-04-24 19:04:52', '2026-04-24 19:04:52'),
(180, 18, 28, 4, 1, 57.90, NULL, '2026-04-24 19:04:52', '2026-04-24 19:04:52', '2026-04-24 19:04:52'),
(181, 19, 1, 4, 1, 55.70, NULL, '2026-04-24 19:04:52', '2026-04-24 19:04:52', '2026-04-24 19:04:52'),
(182, 19, 2, 4, 1, 40.30, NULL, '2026-04-24 19:04:52', '2026-04-24 19:04:52', '2026-04-24 19:04:52'),
(183, 19, 8, 4, 1, 55.40, NULL, '2026-04-24 19:04:52', '2026-04-24 19:04:52', '2026-04-24 19:04:52'),
(184, 19, 9, 4, 1, 28.70, NULL, '2026-04-24 19:04:52', '2026-04-24 19:04:52', '2026-04-24 19:04:52'),
(185, 19, 10, 4, 1, 52.40, NULL, '2026-04-24 19:04:52', '2026-04-24 19:04:52', '2026-04-24 19:04:52'),
(186, 19, 11, 4, 1, 43.60, NULL, '2026-04-24 19:04:52', '2026-04-24 19:04:52', '2026-04-24 19:04:52'),
(187, 19, 15, 4, 1, 47.80, NULL, '2026-04-24 19:04:52', '2026-04-24 19:04:52', '2026-04-24 19:04:52'),
(188, 19, 23, 4, 1, 31.90, NULL, '2026-04-24 19:04:52', '2026-04-24 19:04:52', '2026-04-24 19:04:52'),
(189, 19, 25, 4, 1, 37.20, NULL, '2026-04-24 19:04:52', '2026-04-24 19:04:52', '2026-04-24 19:04:52'),
(190, 19, 28, 4, 1, 37.10, NULL, '2026-04-24 19:04:52', '2026-04-24 19:04:52', '2026-04-24 19:04:52'),
(191, 20, 1, 4, 1, 52.10, NULL, '2026-04-24 19:04:52', '2026-04-24 19:04:52', '2026-04-24 19:04:52'),
(192, 20, 2, 4, 1, 47.40, NULL, '2026-04-24 19:04:52', '2026-04-24 19:04:52', '2026-04-24 19:04:52'),
(193, 20, 8, 4, 1, 52.70, NULL, '2026-04-24 19:04:53', '2026-04-24 19:04:53', '2026-04-24 19:04:53'),
(194, 20, 9, 4, 1, 55.60, NULL, '2026-04-24 19:04:53', '2026-04-24 19:04:53', '2026-04-24 19:04:53'),
(195, 20, 10, 4, 1, 57.80, NULL, '2026-04-24 19:04:53', '2026-04-24 19:04:53', '2026-04-24 19:04:53'),
(196, 20, 11, 4, 1, 59.30, NULL, '2026-04-24 19:04:53', '2026-04-24 19:04:53', '2026-04-24 19:04:53'),
(197, 20, 15, 4, 1, 41.20, NULL, '2026-04-24 19:04:53', '2026-04-24 19:04:53', '2026-04-24 19:04:53'),
(198, 20, 23, 4, 1, 57.30, NULL, '2026-04-24 19:04:53', '2026-04-24 19:04:53', '2026-04-24 19:04:53'),
(199, 20, 25, 4, 1, 28.60, NULL, '2026-04-24 19:04:53', '2026-04-24 19:04:53', '2026-04-24 19:04:53'),
(200, 20, 28, 4, 1, 61.70, NULL, '2026-04-24 19:04:53', '2026-04-24 19:04:53', '2026-04-24 19:04:53'),
(201, 21, 1, 5, 1, 30.80, NULL, '2026-04-24 19:04:53', '2026-04-24 19:04:53', '2026-04-24 19:04:53'),
(202, 21, 2, 5, 1, 57.10, NULL, '2026-04-24 19:04:53', '2026-04-24 19:04:53', '2026-04-24 19:04:53'),
(203, 21, 8, 5, 1, 61.40, NULL, '2026-04-24 19:04:53', '2026-04-24 19:04:53', '2026-04-24 19:04:53'),
(204, 21, 9, 5, 1, 63.20, NULL, '2026-04-24 19:04:53', '2026-04-24 19:04:53', '2026-04-24 19:04:53'),
(205, 21, 10, 5, 1, 35.40, NULL, '2026-04-24 19:04:53', '2026-04-24 19:04:53', '2026-04-24 19:04:53'),
(206, 21, 11, 5, 1, 37.10, NULL, '2026-04-24 19:04:53', '2026-04-24 19:04:53', '2026-04-24 19:04:53'),
(207, 21, 15, 5, 1, 55.80, NULL, '2026-04-24 19:04:53', '2026-04-24 19:04:53', '2026-04-24 19:04:53'),
(208, 21, 23, 5, 1, 56.10, NULL, '2026-04-24 19:04:53', '2026-04-24 19:04:53', '2026-04-24 19:04:53'),
(209, 21, 25, 5, 1, 62.40, NULL, '2026-04-24 19:04:53', '2026-04-24 19:04:53', '2026-04-24 19:04:53'),
(210, 21, 28, 5, 1, 35.00, NULL, '2026-04-24 19:04:53', '2026-04-24 19:04:53', '2026-04-24 19:04:53'),
(211, 22, 1, 5, 1, 62.20, NULL, '2026-04-24 19:04:53', '2026-04-24 19:04:53', '2026-04-24 19:04:53'),
(212, 22, 2, 5, 1, 51.30, NULL, '2026-04-24 19:04:53', '2026-04-24 19:04:53', '2026-04-24 19:04:53'),
(213, 22, 8, 5, 1, 54.60, NULL, '2026-04-24 19:04:53', '2026-04-24 19:04:53', '2026-04-24 19:04:53'),
(214, 22, 9, 5, 1, 61.90, NULL, '2026-04-24 19:04:53', '2026-04-24 19:04:53', '2026-04-24 19:04:53'),
(215, 22, 10, 5, 1, 45.10, NULL, '2026-04-24 19:04:53', '2026-04-24 19:04:53', '2026-04-24 19:04:53'),
(216, 22, 11, 5, 1, 60.50, NULL, '2026-04-24 19:04:53', '2026-04-24 19:04:53', '2026-04-24 19:04:53'),
(217, 22, 15, 5, 1, 41.70, NULL, '2026-04-24 19:04:53', '2026-04-24 19:04:53', '2026-04-24 19:04:53'),
(218, 22, 23, 5, 1, 58.30, NULL, '2026-04-24 19:04:53', '2026-04-24 19:04:53', '2026-04-24 19:04:53'),
(219, 22, 25, 5, 1, 40.00, NULL, '2026-04-24 19:04:53', '2026-04-24 19:04:53', '2026-04-24 19:04:53'),
(220, 22, 28, 5, 1, 46.10, NULL, '2026-04-24 19:04:53', '2026-04-24 19:04:53', '2026-04-24 19:04:53'),
(221, 23, 1, 5, 1, 32.40, NULL, '2026-04-24 19:04:53', '2026-04-24 19:04:53', '2026-04-24 19:04:53'),
(222, 23, 2, 5, 1, 49.90, NULL, '2026-04-24 19:04:53', '2026-04-24 19:04:53', '2026-04-24 19:04:53'),
(223, 23, 8, 5, 1, 45.10, NULL, '2026-04-24 19:04:53', '2026-04-24 19:04:53', '2026-04-24 19:04:53'),
(224, 23, 9, 5, 1, 44.60, NULL, '2026-04-24 19:04:53', '2026-04-24 19:04:53', '2026-04-24 19:04:53'),
(225, 23, 10, 5, 1, 41.90, NULL, '2026-04-24 19:04:53', '2026-04-24 19:04:53', '2026-04-24 19:04:53'),
(226, 23, 11, 5, 1, 56.10, NULL, '2026-04-24 19:04:53', '2026-04-24 19:04:53', '2026-04-24 19:04:53'),
(227, 23, 15, 5, 1, 49.50, NULL, '2026-04-24 19:04:53', '2026-04-24 19:04:53', '2026-04-24 19:04:53'),
(228, 23, 23, 5, 1, 37.40, NULL, '2026-04-24 19:04:53', '2026-04-24 19:04:53', '2026-04-24 19:04:53'),
(229, 23, 25, 5, 1, 30.80, NULL, '2026-04-24 19:04:53', '2026-04-24 19:04:53', '2026-04-24 19:04:53'),
(230, 23, 28, 5, 1, 53.20, NULL, '2026-04-24 19:04:53', '2026-04-24 19:04:53', '2026-04-24 19:04:53'),
(231, 24, 1, 5, 1, 31.00, NULL, '2026-04-24 19:04:53', '2026-04-24 19:04:53', '2026-04-24 19:04:53'),
(232, 24, 2, 5, 1, 32.90, NULL, '2026-04-24 19:04:53', '2026-04-24 19:04:53', '2026-04-24 19:04:53'),
(233, 24, 8, 5, 1, 38.80, NULL, '2026-04-24 19:04:53', '2026-04-24 19:04:53', '2026-04-24 19:04:53'),
(234, 24, 9, 5, 1, 51.80, NULL, '2026-04-24 19:04:53', '2026-04-24 19:04:53', '2026-04-24 19:04:53'),
(235, 24, 10, 5, 1, 36.00, NULL, '2026-04-24 19:04:53', '2026-04-24 19:04:53', '2026-04-24 19:04:53'),
(236, 24, 11, 5, 1, 29.50, NULL, '2026-04-24 19:04:53', '2026-04-24 19:04:53', '2026-04-24 19:04:53'),
(237, 24, 15, 5, 1, 56.00, NULL, '2026-04-24 19:04:53', '2026-04-24 19:04:53', '2026-04-24 19:04:53'),
(238, 24, 23, 5, 1, 53.30, NULL, '2026-04-24 19:04:53', '2026-04-24 19:04:53', '2026-04-24 19:04:53'),
(239, 24, 25, 5, 1, 36.40, NULL, '2026-04-24 19:04:53', '2026-04-24 19:04:53', '2026-04-24 19:04:53'),
(240, 24, 28, 5, 1, 51.90, NULL, '2026-04-24 19:04:53', '2026-04-24 19:04:53', '2026-04-24 19:04:53'),
(241, 25, 1, 5, 1, 61.20, NULL, '2026-04-24 19:04:53', '2026-04-24 19:04:53', '2026-04-24 19:04:53'),
(242, 25, 2, 5, 1, 57.80, NULL, '2026-04-24 19:04:53', '2026-04-24 19:04:53', '2026-04-24 19:04:53'),
(243, 25, 8, 5, 1, 49.90, NULL, '2026-04-24 19:04:53', '2026-04-24 19:04:53', '2026-04-24 19:04:53'),
(244, 25, 9, 5, 1, 40.30, NULL, '2026-04-24 19:04:53', '2026-04-24 19:04:53', '2026-04-24 19:04:53'),
(245, 25, 10, 5, 1, 45.80, NULL, '2026-04-24 19:04:53', '2026-04-24 19:04:53', '2026-04-24 19:04:53'),
(246, 25, 11, 5, 1, 35.00, NULL, '2026-04-24 19:04:53', '2026-04-24 19:04:53', '2026-04-24 19:04:53'),
(247, 25, 15, 5, 1, 30.40, NULL, '2026-04-24 19:04:53', '2026-04-24 19:04:53', '2026-04-24 19:04:53'),
(248, 25, 23, 5, 1, 31.70, NULL, '2026-04-24 19:04:53', '2026-04-24 19:04:53', '2026-04-24 19:04:53'),
(249, 25, 25, 5, 1, 51.10, NULL, '2026-04-24 19:04:53', '2026-04-24 19:04:53', '2026-04-24 19:04:53'),
(250, 25, 28, 5, 1, 37.50, NULL, '2026-04-24 19:04:53', '2026-04-24 19:04:53', '2026-04-24 19:04:53'),
(251, 26, 1, 6, 1, 52.90, NULL, '2026-04-24 19:04:53', '2026-04-24 19:04:53', '2026-04-24 19:04:53'),
(252, 26, 2, 6, 1, 63.10, NULL, '2026-04-24 19:04:53', '2026-04-24 19:04:53', '2026-04-24 19:04:53'),
(253, 26, 8, 6, 1, 56.70, NULL, '2026-04-24 19:04:53', '2026-04-24 19:04:53', '2026-04-24 19:04:53'),
(254, 26, 9, 6, 1, 62.60, NULL, '2026-04-24 19:04:53', '2026-04-24 19:04:53', '2026-04-24 19:04:53'),
(255, 26, 10, 6, 1, 28.40, NULL, '2026-04-24 19:04:53', '2026-04-24 19:04:53', '2026-04-24 19:04:53'),
(256, 26, 11, 6, 1, 50.40, NULL, '2026-04-24 19:04:53', '2026-04-24 19:04:53', '2026-04-24 19:04:53'),
(257, 26, 15, 6, 1, 35.80, NULL, '2026-04-24 19:04:53', '2026-04-24 19:04:53', '2026-04-24 19:04:53'),
(258, 26, 23, 6, 1, 47.60, NULL, '2026-04-24 19:04:53', '2026-04-24 19:04:53', '2026-04-24 19:04:53'),
(259, 26, 25, 6, 1, 53.30, NULL, '2026-04-24 19:04:53', '2026-04-24 19:04:53', '2026-04-24 19:04:53'),
(260, 26, 28, 6, 1, 34.70, NULL, '2026-04-24 19:04:53', '2026-04-24 19:04:53', '2026-04-24 19:04:53'),
(261, 27, 1, 6, 1, 37.50, NULL, '2026-04-24 19:04:53', '2026-04-24 19:04:53', '2026-04-24 19:04:53'),
(262, 27, 2, 6, 1, 40.40, NULL, '2026-04-24 19:04:53', '2026-04-24 19:04:53', '2026-04-24 19:04:53'),
(263, 27, 8, 6, 1, 43.10, NULL, '2026-04-24 19:04:53', '2026-04-24 19:04:53', '2026-04-24 19:04:53'),
(264, 27, 9, 6, 1, 57.70, NULL, '2026-04-24 19:04:53', '2026-04-24 19:04:53', '2026-04-24 19:04:53'),
(265, 27, 10, 6, 1, 57.50, NULL, '2026-04-24 19:04:53', '2026-04-24 19:04:53', '2026-04-24 19:04:53'),
(266, 27, 11, 6, 1, 32.20, NULL, '2026-04-24 19:04:53', '2026-04-24 19:04:53', '2026-04-24 19:04:53'),
(267, 27, 15, 6, 1, 40.60, NULL, '2026-04-24 19:04:53', '2026-04-24 19:04:53', '2026-04-24 19:04:53'),
(268, 27, 23, 6, 1, 43.10, NULL, '2026-04-24 19:04:53', '2026-04-24 19:04:53', '2026-04-24 19:04:53'),
(269, 27, 25, 6, 1, 29.50, NULL, '2026-04-24 19:04:53', '2026-04-24 19:04:53', '2026-04-24 19:04:53'),
(270, 27, 28, 6, 1, 36.20, NULL, '2026-04-24 19:04:53', '2026-04-24 19:04:53', '2026-04-24 19:04:53'),
(271, 28, 1, 6, 1, 40.80, NULL, '2026-04-24 19:04:53', '2026-04-24 19:04:53', '2026-04-24 19:04:53'),
(272, 28, 2, 6, 1, 37.10, NULL, '2026-04-24 19:04:53', '2026-04-24 19:04:53', '2026-04-24 19:04:53'),
(273, 28, 8, 6, 1, 65.00, NULL, '2026-04-24 19:04:53', '2026-04-24 19:04:53', '2026-04-24 19:04:53'),
(274, 28, 9, 6, 1, 38.50, NULL, '2026-04-24 19:04:53', '2026-04-24 19:04:53', '2026-04-24 19:04:53'),
(275, 28, 10, 6, 1, 41.70, NULL, '2026-04-24 19:04:53', '2026-04-24 19:04:53', '2026-04-24 19:04:53'),
(276, 28, 11, 6, 1, 34.50, NULL, '2026-04-24 19:04:53', '2026-04-24 19:04:53', '2026-04-24 19:04:53'),
(277, 28, 15, 6, 1, 62.00, NULL, '2026-04-24 19:04:53', '2026-04-24 19:04:53', '2026-04-24 19:04:53'),
(278, 28, 23, 6, 1, 31.40, NULL, '2026-04-24 19:04:53', '2026-04-24 19:04:53', '2026-04-24 19:04:53'),
(279, 28, 25, 6, 1, 64.50, NULL, '2026-04-24 19:04:53', '2026-04-24 19:04:53', '2026-04-24 19:04:53'),
(280, 28, 28, 6, 1, 40.10, NULL, '2026-04-24 19:04:53', '2026-04-24 19:04:53', '2026-04-24 19:04:53'),
(281, 29, 1, 6, 1, 61.40, NULL, '2026-04-24 19:04:53', '2026-04-24 19:04:53', '2026-04-24 19:04:53'),
(282, 29, 2, 6, 1, 34.00, NULL, '2026-04-24 19:04:53', '2026-04-24 19:04:53', '2026-04-24 19:04:53'),
(283, 29, 8, 6, 1, 39.10, NULL, '2026-04-24 19:04:53', '2026-04-24 19:04:53', '2026-04-24 19:04:53'),
(284, 29, 9, 6, 1, 53.00, NULL, '2026-04-24 19:04:53', '2026-04-24 19:04:53', '2026-04-24 19:04:53'),
(285, 29, 10, 6, 1, 60.10, NULL, '2026-04-24 19:04:53', '2026-04-24 19:04:53', '2026-04-24 19:04:53'),
(286, 29, 11, 6, 1, 28.40, NULL, '2026-04-24 19:04:53', '2026-04-24 19:04:53', '2026-04-24 19:04:53'),
(287, 29, 15, 6, 1, 50.80, NULL, '2026-04-24 19:04:53', '2026-04-24 19:04:53', '2026-04-24 19:04:53'),
(288, 29, 23, 6, 1, 59.20, NULL, '2026-04-24 19:04:53', '2026-04-24 19:04:53', '2026-04-24 19:04:53'),
(289, 29, 25, 6, 1, 51.70, NULL, '2026-04-24 19:04:53', '2026-04-24 19:04:53', '2026-04-24 19:04:53'),
(290, 29, 28, 6, 1, 39.20, NULL, '2026-04-24 19:04:53', '2026-04-24 19:04:53', '2026-04-24 19:04:53'),
(291, 30, 1, 6, 1, 55.90, NULL, '2026-04-24 19:04:53', '2026-04-24 19:04:53', '2026-04-24 19:04:53'),
(292, 30, 2, 6, 1, 29.50, NULL, '2026-04-24 19:04:53', '2026-04-24 19:04:53', '2026-04-24 19:04:53'),
(293, 30, 8, 6, 1, 35.70, NULL, '2026-04-24 19:04:53', '2026-04-24 19:04:53', '2026-04-24 19:04:53'),
(294, 30, 9, 6, 1, 49.80, NULL, '2026-04-24 19:04:53', '2026-04-24 19:04:53', '2026-04-24 19:04:53'),
(295, 30, 10, 6, 1, 30.40, NULL, '2026-04-24 19:04:53', '2026-04-24 19:04:53', '2026-04-24 19:04:53'),
(296, 30, 11, 6, 1, 52.90, NULL, '2026-04-24 19:04:53', '2026-04-24 19:04:53', '2026-04-24 19:04:53'),
(297, 30, 15, 6, 1, 47.80, NULL, '2026-04-24 19:04:53', '2026-04-24 19:04:53', '2026-04-24 19:04:53'),
(298, 30, 23, 6, 1, 63.00, NULL, '2026-04-24 19:04:53', '2026-04-24 19:04:53', '2026-04-24 19:04:53'),
(299, 30, 25, 6, 1, 35.40, NULL, '2026-04-24 19:04:53', '2026-04-24 19:04:53', '2026-04-24 19:04:53'),
(300, 30, 28, 6, 1, 59.10, NULL, '2026-04-24 19:04:53', '2026-04-24 19:04:53', '2026-04-24 19:04:53'),
(301, 31, 1, 7, 1, 49.60, NULL, '2026-04-24 19:04:53', '2026-04-24 19:04:53', '2026-04-24 19:04:53'),
(302, 31, 2, 7, 1, 62.90, NULL, '2026-04-24 19:04:53', '2026-04-24 19:04:53', '2026-04-24 19:04:53'),
(303, 31, 8, 7, 1, 41.20, NULL, '2026-04-24 19:04:53', '2026-04-24 19:04:53', '2026-04-24 19:04:53'),
(304, 31, 9, 7, 1, 45.40, NULL, '2026-04-24 19:04:53', '2026-04-24 19:04:53', '2026-04-24 19:04:53'),
(305, 31, 10, 7, 1, 53.10, NULL, '2026-04-24 19:04:53', '2026-04-24 19:04:53', '2026-04-24 19:04:53'),
(306, 31, 11, 7, 1, 63.20, NULL, '2026-04-24 19:04:53', '2026-04-24 19:04:53', '2026-04-24 19:04:53'),
(307, 31, 15, 7, 1, 59.20, NULL, '2026-04-24 19:04:53', '2026-04-24 19:04:54', '2026-04-24 19:04:54'),
(308, 31, 23, 7, 1, 46.50, NULL, '2026-04-24 19:04:54', '2026-04-24 19:04:54', '2026-04-24 19:04:54'),
(309, 31, 25, 7, 1, 33.60, NULL, '2026-04-24 19:04:54', '2026-04-24 19:04:54', '2026-04-24 19:04:54'),
(310, 31, 28, 7, 1, 48.70, NULL, '2026-04-24 19:04:54', '2026-04-24 19:04:54', '2026-04-24 19:04:54'),
(311, 32, 1, 7, 1, 47.80, NULL, '2026-04-24 19:04:54', '2026-04-24 19:04:54', '2026-04-24 19:04:54'),
(312, 32, 2, 7, 1, 30.10, NULL, '2026-04-24 19:04:54', '2026-04-24 19:04:54', '2026-04-24 19:04:54'),
(313, 32, 8, 7, 1, 50.60, NULL, '2026-04-24 19:04:54', '2026-04-24 19:04:54', '2026-04-24 19:04:54'),
(314, 32, 9, 7, 1, 63.80, NULL, '2026-04-24 19:04:54', '2026-04-24 19:04:54', '2026-04-24 19:04:54'),
(315, 32, 10, 7, 1, 55.90, NULL, '2026-04-24 19:04:54', '2026-04-24 19:04:54', '2026-04-24 19:04:54'),
(316, 32, 11, 7, 1, 34.90, NULL, '2026-04-24 19:04:54', '2026-04-24 19:04:54', '2026-04-24 19:04:54'),
(317, 32, 15, 7, 1, 28.40, NULL, '2026-04-24 19:04:54', '2026-04-24 19:04:54', '2026-04-24 19:04:54'),
(318, 32, 23, 7, 1, 57.30, NULL, '2026-04-24 19:04:54', '2026-04-24 19:04:54', '2026-04-24 19:04:54'),
(319, 32, 25, 7, 1, 60.30, NULL, '2026-04-24 19:04:54', '2026-04-24 19:04:54', '2026-04-24 19:04:54'),
(320, 32, 28, 7, 1, 59.00, NULL, '2026-04-24 19:04:54', '2026-04-24 19:04:54', '2026-04-24 19:04:54'),
(321, 33, 1, 7, 1, 39.50, NULL, '2026-04-24 19:04:54', '2026-04-24 19:04:54', '2026-04-24 19:04:54'),
(322, 33, 2, 7, 1, 64.70, NULL, '2026-04-24 19:04:54', '2026-04-24 19:04:54', '2026-04-24 19:04:54'),
(323, 33, 8, 7, 1, 54.60, NULL, '2026-04-24 19:04:54', '2026-04-24 19:04:54', '2026-04-24 19:04:54'),
(324, 33, 9, 7, 1, 45.00, NULL, '2026-04-24 19:04:54', '2026-04-24 19:04:54', '2026-04-24 19:04:54'),
(325, 33, 10, 7, 1, 34.80, NULL, '2026-04-24 19:04:54', '2026-04-24 19:04:54', '2026-04-24 19:04:54'),
(326, 33, 11, 7, 1, 63.90, NULL, '2026-04-24 19:04:54', '2026-04-24 19:04:54', '2026-04-24 19:04:54'),
(327, 33, 15, 7, 1, 50.70, NULL, '2026-04-24 19:04:54', '2026-04-24 19:04:54', '2026-04-24 19:04:54'),
(328, 33, 23, 7, 1, 38.30, NULL, '2026-04-24 19:04:54', '2026-04-24 19:04:54', '2026-04-24 19:04:54'),
(329, 33, 25, 7, 1, 51.80, NULL, '2026-04-24 19:04:54', '2026-04-24 19:04:54', '2026-04-24 19:04:54'),
(330, 33, 28, 7, 1, 39.30, NULL, '2026-04-24 19:04:54', '2026-04-24 19:04:54', '2026-04-24 19:04:54'),
(331, 34, 1, 7, 1, 52.90, NULL, '2026-04-24 19:04:54', '2026-04-24 19:04:54', '2026-04-24 19:04:54'),
(332, 34, 2, 7, 1, 59.40, NULL, '2026-04-24 19:04:54', '2026-04-24 19:04:54', '2026-04-24 19:04:54'),
(333, 34, 8, 7, 1, 34.50, NULL, '2026-04-24 19:04:54', '2026-04-24 19:04:54', '2026-04-24 19:04:54'),
(334, 34, 9, 7, 1, 58.90, NULL, '2026-04-24 19:04:54', '2026-04-24 19:04:54', '2026-04-24 19:04:54'),
(335, 34, 10, 7, 1, 46.10, NULL, '2026-04-24 19:04:54', '2026-04-24 19:04:54', '2026-04-24 19:04:54'),
(336, 34, 11, 7, 1, 46.40, NULL, '2026-04-24 19:04:54', '2026-04-24 19:04:54', '2026-04-24 19:04:54'),
(337, 34, 15, 7, 1, 40.90, NULL, '2026-04-24 19:04:54', '2026-04-24 19:04:54', '2026-04-24 19:04:54'),
(338, 34, 23, 7, 1, 53.60, NULL, '2026-04-24 19:04:54', '2026-04-24 19:04:54', '2026-04-24 19:04:54'),
(339, 34, 25, 7, 1, 54.10, NULL, '2026-04-24 19:04:54', '2026-04-24 19:04:54', '2026-04-24 19:04:54'),
(340, 34, 28, 7, 1, 38.70, NULL, '2026-04-24 19:04:54', '2026-04-24 19:04:54', '2026-04-24 19:04:54'),
(341, 35, 1, 7, 1, 56.40, NULL, '2026-04-24 19:04:54', '2026-04-24 19:04:54', '2026-04-24 19:04:54'),
(342, 35, 2, 7, 1, 28.20, NULL, '2026-04-24 19:04:54', '2026-04-24 19:04:54', '2026-04-24 19:04:54'),
(343, 35, 8, 7, 1, 45.70, NULL, '2026-04-24 19:04:54', '2026-04-24 19:04:54', '2026-04-24 19:04:54'),
(344, 35, 9, 7, 1, 43.30, NULL, '2026-04-24 19:04:54', '2026-04-24 19:04:54', '2026-04-24 19:04:54'),
(345, 35, 10, 7, 1, 63.60, NULL, '2026-04-24 19:04:54', '2026-04-24 19:04:54', '2026-04-24 19:04:54'),
(346, 35, 11, 7, 1, 61.50, NULL, '2026-04-24 19:04:54', '2026-04-24 19:04:54', '2026-04-24 19:04:54'),
(347, 35, 15, 7, 1, 37.40, NULL, '2026-04-24 19:04:54', '2026-04-24 19:04:54', '2026-04-24 19:04:54'),
(348, 35, 23, 7, 1, 65.60, NULL, '2026-04-24 19:04:54', '2026-04-24 19:04:54', '2026-04-24 19:04:54'),
(349, 35, 25, 7, 1, 64.50, NULL, '2026-04-24 19:04:54', '2026-04-24 19:04:54', '2026-04-24 19:04:54'),
(350, 35, 28, 7, 1, 56.90, NULL, '2026-04-24 19:04:54', '2026-04-24 19:04:54', '2026-04-24 19:04:54'),
(351, 36, 1, 8, 1, 39.80, NULL, '2026-04-24 19:04:54', '2026-04-24 19:04:54', '2026-04-24 19:04:54'),
(352, 36, 2, 8, 1, 62.70, NULL, '2026-04-24 19:04:54', '2026-04-24 19:04:54', '2026-04-24 19:04:54'),
(353, 36, 8, 8, 1, 45.40, NULL, '2026-04-24 19:04:54', '2026-04-24 19:04:54', '2026-04-24 19:04:54'),
(354, 36, 9, 8, 1, 42.50, NULL, '2026-04-24 19:04:54', '2026-04-24 19:04:54', '2026-04-24 19:04:54'),
(355, 36, 10, 8, 1, 58.40, NULL, '2026-04-24 19:04:54', '2026-04-24 19:04:54', '2026-04-24 19:04:54'),
(356, 36, 11, 8, 1, 65.50, NULL, '2026-04-24 19:04:54', '2026-04-24 19:04:54', '2026-04-24 19:04:54'),
(357, 36, 15, 8, 1, 37.70, NULL, '2026-04-24 19:04:54', '2026-04-24 19:04:54', '2026-04-24 19:04:54'),
(358, 36, 23, 8, 1, 39.20, NULL, '2026-04-24 19:04:54', '2026-04-24 19:04:54', '2026-04-24 19:04:54'),
(359, 36, 25, 8, 1, 30.00, NULL, '2026-04-24 19:04:54', '2026-04-24 19:04:54', '2026-04-24 19:04:54'),
(360, 36, 28, 8, 1, 44.70, NULL, '2026-04-24 19:04:54', '2026-04-24 19:04:54', '2026-04-24 19:04:54'),
(361, 37, 1, 8, 1, 29.20, NULL, '2026-04-24 19:04:54', '2026-04-24 19:04:54', '2026-04-24 19:04:54'),
(362, 37, 2, 8, 1, 57.00, NULL, '2026-04-24 19:04:54', '2026-04-24 19:04:54', '2026-04-24 19:04:54'),
(363, 37, 8, 8, 1, 49.00, NULL, '2026-04-24 19:04:54', '2026-04-24 19:04:54', '2026-04-24 19:04:54'),
(364, 37, 9, 8, 1, 35.60, NULL, '2026-04-24 19:04:54', '2026-04-24 19:04:54', '2026-04-24 19:04:54'),
(365, 37, 10, 8, 1, 29.60, NULL, '2026-04-24 19:04:54', '2026-04-24 19:04:54', '2026-04-24 19:04:54'),
(366, 37, 11, 8, 1, 54.30, NULL, '2026-04-24 19:04:54', '2026-04-24 19:04:54', '2026-04-24 19:04:54'),
(367, 37, 15, 8, 1, 33.90, NULL, '2026-04-24 19:04:54', '2026-04-24 19:04:54', '2026-04-24 19:04:54'),
(368, 37, 23, 8, 1, 60.70, NULL, '2026-04-24 19:04:54', '2026-04-24 19:04:54', '2026-04-24 19:04:54'),
(369, 37, 25, 8, 1, 59.40, NULL, '2026-04-24 19:04:54', '2026-04-24 19:04:54', '2026-04-24 19:04:54'),
(370, 37, 28, 8, 1, 51.70, NULL, '2026-04-24 19:04:54', '2026-04-24 19:04:54', '2026-04-24 19:04:54'),
(371, 38, 1, 8, 1, 39.80, NULL, '2026-04-24 19:04:54', '2026-04-24 19:04:54', '2026-04-24 19:04:54'),
(372, 38, 2, 8, 1, 42.20, NULL, '2026-04-24 19:04:54', '2026-04-24 19:04:54', '2026-04-24 19:04:54'),
(373, 38, 8, 8, 1, 63.30, NULL, '2026-04-24 19:04:54', '2026-04-24 19:04:54', '2026-04-24 19:04:54'),
(374, 38, 9, 8, 1, 41.00, NULL, '2026-04-24 19:04:54', '2026-04-24 19:04:54', '2026-04-24 19:04:54'),
(375, 38, 10, 8, 1, 59.70, NULL, '2026-04-24 19:04:54', '2026-04-24 19:04:54', '2026-04-24 19:04:54'),
(376, 38, 11, 8, 1, 47.40, NULL, '2026-04-24 19:04:54', '2026-04-24 19:04:54', '2026-04-24 19:04:54'),
(377, 38, 15, 8, 1, 46.70, NULL, '2026-04-24 19:04:54', '2026-04-24 19:04:54', '2026-04-24 19:04:54'),
(378, 38, 23, 8, 1, 47.30, NULL, '2026-04-24 19:04:54', '2026-04-24 19:04:54', '2026-04-24 19:04:54'),
(379, 38, 25, 8, 1, 48.70, NULL, '2026-04-24 19:04:54', '2026-04-24 19:04:54', '2026-04-24 19:04:54'),
(380, 38, 28, 8, 1, 51.80, NULL, '2026-04-24 19:04:54', '2026-04-24 19:04:54', '2026-04-24 19:04:54'),
(381, 39, 1, 8, 1, 64.60, NULL, '2026-04-24 19:04:54', '2026-04-24 19:04:54', '2026-04-24 19:04:54'),
(382, 39, 2, 8, 1, 42.90, NULL, '2026-04-24 19:04:54', '2026-04-24 19:04:54', '2026-04-24 19:04:54'),
(383, 39, 8, 8, 1, 35.80, NULL, '2026-04-24 19:04:54', '2026-04-24 19:04:54', '2026-04-24 19:04:54'),
(384, 39, 9, 8, 1, 28.70, NULL, '2026-04-24 19:04:54', '2026-04-24 19:04:54', '2026-04-24 19:04:54'),
(385, 39, 10, 8, 1, 28.00, NULL, '2026-04-24 19:04:54', '2026-04-24 19:04:54', '2026-04-24 19:04:54'),
(386, 39, 11, 8, 1, 56.80, NULL, '2026-04-24 19:04:54', '2026-04-24 19:04:54', '2026-04-24 19:04:54'),
(387, 39, 15, 8, 1, 28.90, NULL, '2026-04-24 19:04:54', '2026-04-24 19:04:54', '2026-04-24 19:04:54'),
(388, 39, 23, 8, 1, 53.90, NULL, '2026-04-24 19:04:54', '2026-04-24 19:04:54', '2026-04-24 19:04:54'),
(389, 39, 25, 8, 1, 38.90, NULL, '2026-04-24 19:04:54', '2026-04-24 19:04:54', '2026-04-24 19:04:54'),
(390, 39, 28, 8, 1, 41.30, NULL, '2026-04-24 19:04:54', '2026-04-24 19:04:54', '2026-04-24 19:04:54'),
(391, 40, 1, 8, 1, 51.80, NULL, '2026-04-24 19:04:54', '2026-04-24 19:04:54', '2026-04-24 19:04:54'),
(392, 40, 2, 8, 1, 62.40, NULL, '2026-04-24 19:04:54', '2026-04-24 19:04:54', '2026-04-24 19:04:54'),
(393, 40, 8, 8, 1, 53.90, NULL, '2026-04-24 19:04:54', '2026-04-24 19:04:54', '2026-04-24 19:04:54'),
(394, 40, 9, 8, 1, 54.70, NULL, '2026-04-24 19:04:54', '2026-04-24 19:04:54', '2026-04-24 19:04:54'),
(395, 40, 10, 8, 1, 63.60, NULL, '2026-04-24 19:04:54', '2026-04-24 19:04:54', '2026-04-24 19:04:54'),
(396, 40, 11, 8, 1, 43.70, NULL, '2026-04-24 19:04:54', '2026-04-24 19:04:54', '2026-04-24 19:04:54'),
(397, 40, 15, 8, 1, 29.00, NULL, '2026-04-24 19:04:54', '2026-04-24 19:04:54', '2026-04-24 19:04:54'),
(398, 40, 23, 8, 1, 36.10, NULL, '2026-04-24 19:04:54', '2026-04-24 19:04:54', '2026-04-24 19:04:54'),
(399, 40, 25, 8, 1, 45.70, NULL, '2026-04-24 19:04:54', '2026-04-24 19:04:54', '2026-04-24 19:04:54'),
(400, 40, 28, 8, 1, 40.00, NULL, '2026-04-24 19:04:54', '2026-04-24 19:04:54', '2026-04-24 19:04:54'),
(401, 41, 1, 9, 1, 41.30, NULL, '2026-04-24 19:04:54', '2026-04-24 19:04:54', '2026-04-24 19:04:54'),
(402, 41, 2, 9, 1, 28.70, NULL, '2026-04-24 19:04:54', '2026-04-24 19:04:54', '2026-04-24 19:04:54'),
(403, 41, 8, 9, 1, 43.30, NULL, '2026-04-24 19:04:55', '2026-04-24 19:04:55', '2026-04-24 19:04:55'),
(404, 41, 9, 9, 1, 54.50, NULL, '2026-04-24 19:04:55', '2026-04-24 19:04:55', '2026-04-24 19:04:55'),
(405, 41, 10, 9, 1, 33.10, NULL, '2026-04-24 19:04:55', '2026-04-24 19:04:55', '2026-04-24 19:04:55'),
(406, 41, 11, 9, 1, 35.60, NULL, '2026-04-24 19:04:55', '2026-04-24 19:04:55', '2026-04-24 19:04:55'),
(407, 41, 15, 9, 1, 30.20, NULL, '2026-04-24 19:04:55', '2026-04-24 19:04:55', '2026-04-24 19:04:55'),
(408, 41, 23, 9, 1, 29.30, NULL, '2026-04-24 19:04:55', '2026-04-24 19:04:55', '2026-04-24 19:04:55'),
(409, 41, 25, 9, 1, 40.60, NULL, '2026-04-24 19:04:55', '2026-04-24 19:04:55', '2026-04-24 19:04:55'),
(410, 41, 28, 9, 1, 31.40, NULL, '2026-04-24 19:04:55', '2026-04-24 19:04:55', '2026-04-24 19:04:55'),
(411, 42, 1, 9, 1, 58.50, NULL, '2026-04-24 19:04:55', '2026-04-24 19:04:55', '2026-04-24 19:04:55'),
(412, 42, 2, 9, 1, 50.80, NULL, '2026-04-24 19:04:55', '2026-04-24 19:04:55', '2026-04-24 19:04:55'),
(413, 42, 8, 9, 1, 63.70, NULL, '2026-04-24 19:04:55', '2026-04-24 19:04:55', '2026-04-24 19:04:55'),
(414, 42, 9, 9, 1, 34.40, NULL, '2026-04-24 19:04:55', '2026-04-24 19:04:55', '2026-04-24 19:04:55'),
(415, 42, 10, 9, 1, 47.20, NULL, '2026-04-24 19:04:55', '2026-04-24 19:04:55', '2026-04-24 19:04:55'),
(416, 42, 11, 9, 1, 33.50, NULL, '2026-04-24 19:04:55', '2026-04-24 19:04:55', '2026-04-24 19:04:55'),
(417, 42, 15, 9, 1, 59.60, NULL, '2026-04-24 19:04:55', '2026-04-24 19:04:55', '2026-04-24 19:04:55'),
(418, 42, 23, 9, 1, 45.30, NULL, '2026-04-24 19:04:55', '2026-04-24 19:04:55', '2026-04-24 19:04:55'),
(419, 42, 25, 9, 1, 42.00, NULL, '2026-04-24 19:04:55', '2026-04-24 19:04:55', '2026-04-24 19:04:55'),
(420, 42, 28, 9, 1, 32.10, NULL, '2026-04-24 19:04:55', '2026-04-24 19:04:55', '2026-04-24 19:04:55'),
(421, 43, 1, 9, 1, 36.00, NULL, '2026-04-24 19:04:55', '2026-04-24 19:04:55', '2026-04-24 19:04:55'),
(422, 43, 2, 9, 1, 64.30, NULL, '2026-04-24 19:04:55', '2026-04-24 19:04:55', '2026-04-24 19:04:55'),
(423, 43, 8, 9, 1, 45.20, NULL, '2026-04-24 19:04:55', '2026-04-24 19:04:55', '2026-04-24 19:04:55'),
(424, 43, 9, 9, 1, 37.90, NULL, '2026-04-24 19:04:55', '2026-04-24 19:04:55', '2026-04-24 19:04:55'),
(425, 43, 10, 9, 1, 36.00, NULL, '2026-04-24 19:04:55', '2026-04-24 19:04:55', '2026-04-24 19:04:55'),
(426, 43, 11, 9, 1, 28.60, NULL, '2026-04-24 19:04:55', '2026-04-24 19:04:55', '2026-04-24 19:04:55'),
(427, 43, 15, 9, 1, 62.20, NULL, '2026-04-24 19:04:55', '2026-04-24 19:04:55', '2026-04-24 19:04:55'),
(428, 43, 23, 9, 1, 61.00, NULL, '2026-04-24 19:04:55', '2026-04-24 19:04:55', '2026-04-24 19:04:55'),
(429, 43, 25, 9, 1, 35.10, NULL, '2026-04-24 19:04:55', '2026-04-24 19:04:55', '2026-04-24 19:04:55'),
(430, 43, 28, 9, 1, 32.10, NULL, '2026-04-24 19:04:55', '2026-04-24 19:04:55', '2026-04-24 19:04:55'),
(431, 44, 1, 9, 1, 60.80, NULL, '2026-04-24 19:04:55', '2026-04-24 19:04:55', '2026-04-24 19:04:55'),
(432, 44, 2, 9, 1, 54.30, NULL, '2026-04-24 19:04:55', '2026-04-24 19:04:55', '2026-04-24 19:04:55'),
(433, 44, 8, 9, 1, 48.30, NULL, '2026-04-24 19:04:55', '2026-04-24 19:04:55', '2026-04-24 19:04:55'),
(434, 44, 9, 9, 1, 65.70, NULL, '2026-04-24 19:04:55', '2026-04-24 19:04:55', '2026-04-24 19:04:55'),
(435, 44, 10, 9, 1, 51.50, NULL, '2026-04-24 19:04:55', '2026-04-24 19:04:55', '2026-04-24 19:04:55'),
(436, 44, 11, 9, 1, 36.50, NULL, '2026-04-24 19:04:55', '2026-04-24 19:04:55', '2026-04-24 19:04:55'),
(437, 44, 15, 9, 1, 64.10, NULL, '2026-04-24 19:04:55', '2026-04-24 19:04:55', '2026-04-24 19:04:55'),
(438, 44, 23, 9, 1, 47.70, NULL, '2026-04-24 19:04:55', '2026-04-24 19:04:55', '2026-04-24 19:04:55'),
(439, 44, 25, 9, 1, 60.10, NULL, '2026-04-24 19:04:55', '2026-04-24 19:04:55', '2026-04-24 19:04:55'),
(440, 44, 28, 9, 1, 53.70, NULL, '2026-04-24 19:04:55', '2026-04-24 19:04:55', '2026-04-24 19:04:55'),
(441, 45, 1, 9, 1, 48.70, NULL, '2026-04-24 19:04:55', '2026-04-24 19:04:55', '2026-04-24 19:04:55'),
(442, 45, 2, 9, 1, 32.20, NULL, '2026-04-24 19:04:55', '2026-04-24 19:04:55', '2026-04-24 19:04:55'),
(443, 45, 8, 9, 1, 46.00, NULL, '2026-04-24 19:04:55', '2026-04-24 19:04:55', '2026-04-24 19:04:55'),
(444, 45, 9, 9, 1, 53.00, NULL, '2026-04-24 19:04:55', '2026-04-24 19:04:55', '2026-04-24 19:04:55'),
(445, 45, 10, 9, 1, 32.70, NULL, '2026-04-24 19:04:55', '2026-04-24 19:04:55', '2026-04-24 19:04:55'),
(446, 45, 11, 9, 1, 44.10, NULL, '2026-04-24 19:04:55', '2026-04-24 19:04:55', '2026-04-24 19:04:55'),
(447, 45, 15, 9, 1, 39.90, NULL, '2026-04-24 19:04:55', '2026-04-24 19:04:55', '2026-04-24 19:04:55'),
(448, 45, 23, 9, 1, 52.80, NULL, '2026-04-24 19:04:55', '2026-04-24 19:04:55', '2026-04-24 19:04:55'),
(449, 45, 25, 9, 1, 48.80, NULL, '2026-04-24 19:04:55', '2026-04-24 19:04:55', '2026-04-24 19:04:55'),
(450, 45, 28, 9, 1, 54.40, NULL, '2026-04-24 19:04:55', '2026-04-24 19:04:55', '2026-04-24 19:04:55'),
(451, 46, 1, 10, 1, 60.00, NULL, '2026-04-24 19:04:55', '2026-04-24 19:04:55', '2026-04-24 19:04:55'),
(452, 46, 2, 10, 1, 62.00, NULL, '2026-04-24 19:04:55', '2026-04-24 19:04:55', '2026-04-24 19:04:55'),
(453, 46, 8, 10, 1, 37.50, NULL, '2026-04-24 19:04:55', '2026-04-24 19:04:55', '2026-04-24 19:04:55'),
(454, 46, 9, 10, 1, 61.60, NULL, '2026-04-24 19:04:55', '2026-04-24 19:04:55', '2026-04-24 19:04:55'),
(455, 46, 10, 10, 1, 56.70, NULL, '2026-04-24 19:04:55', '2026-04-24 19:04:55', '2026-04-24 19:04:55'),
(456, 46, 11, 10, 1, 45.40, NULL, '2026-04-24 19:04:55', '2026-04-24 19:04:55', '2026-04-24 19:04:55'),
(457, 46, 15, 10, 1, 50.20, NULL, '2026-04-24 19:04:55', '2026-04-24 19:04:55', '2026-04-24 19:04:55'),
(458, 46, 23, 10, 1, 50.60, NULL, '2026-04-24 19:04:55', '2026-04-24 19:04:55', '2026-04-24 19:04:55'),
(459, 46, 25, 10, 1, 47.30, NULL, '2026-04-24 19:04:55', '2026-04-24 19:04:55', '2026-04-24 19:04:55'),
(460, 46, 28, 10, 1, 48.30, NULL, '2026-04-24 19:04:55', '2026-04-24 19:04:55', '2026-04-24 19:04:55'),
(461, 47, 1, 10, 1, 64.00, NULL, '2026-04-24 19:04:55', '2026-04-24 19:04:55', '2026-04-24 19:04:55'),
(462, 47, 2, 10, 1, 62.90, NULL, '2026-04-24 19:04:55', '2026-04-24 19:04:55', '2026-04-24 19:04:55'),
(463, 47, 8, 10, 1, 33.90, NULL, '2026-04-24 19:04:55', '2026-04-24 19:04:55', '2026-04-24 19:04:55'),
(464, 47, 9, 10, 1, 47.90, NULL, '2026-04-24 19:04:55', '2026-04-24 19:04:55', '2026-04-24 19:04:55'),
(465, 47, 10, 10, 1, 44.60, NULL, '2026-04-24 19:04:55', '2026-04-24 19:04:55', '2026-04-24 19:04:55'),
(466, 47, 11, 10, 1, 34.20, NULL, '2026-04-24 19:04:55', '2026-04-24 19:04:55', '2026-04-24 19:04:55'),
(467, 47, 15, 10, 1, 41.20, NULL, '2026-04-24 19:04:55', '2026-04-24 19:04:55', '2026-04-24 19:04:55'),
(468, 47, 23, 10, 1, 44.30, NULL, '2026-04-24 19:04:55', '2026-04-24 19:04:55', '2026-04-24 19:04:55'),
(469, 47, 25, 10, 1, 47.80, NULL, '2026-04-24 19:04:55', '2026-04-24 19:04:55', '2026-04-24 19:04:55'),
(470, 47, 28, 10, 1, 39.20, NULL, '2026-04-24 19:04:55', '2026-04-24 19:04:55', '2026-04-24 19:04:55'),
(471, 48, 1, 10, 1, 41.60, NULL, '2026-04-24 19:04:55', '2026-04-24 19:04:55', '2026-04-24 19:04:55'),
(472, 48, 2, 10, 1, 46.20, NULL, '2026-04-24 19:04:55', '2026-04-24 19:04:55', '2026-04-24 19:04:55'),
(473, 48, 8, 10, 1, 56.50, NULL, '2026-04-24 19:04:55', '2026-04-24 19:04:55', '2026-04-24 19:04:55'),
(474, 48, 9, 10, 1, 33.00, NULL, '2026-04-24 19:04:55', '2026-04-24 19:04:55', '2026-04-24 19:04:55'),
(475, 48, 10, 10, 1, 36.30, NULL, '2026-04-24 19:04:55', '2026-04-24 19:04:55', '2026-04-24 19:04:55'),
(476, 48, 11, 10, 1, 56.50, NULL, '2026-04-24 19:04:55', '2026-04-24 19:04:55', '2026-04-24 19:04:55'),
(477, 48, 15, 10, 1, 53.40, NULL, '2026-04-24 19:04:55', '2026-04-24 19:04:55', '2026-04-24 19:04:55'),
(478, 48, 23, 10, 1, 44.10, NULL, '2026-04-24 19:04:55', '2026-04-24 19:04:55', '2026-04-24 19:04:55'),
(479, 48, 25, 10, 1, 58.70, NULL, '2026-04-24 19:04:55', '2026-04-24 19:04:55', '2026-04-24 19:04:55'),
(480, 48, 28, 10, 1, 53.40, NULL, '2026-04-24 19:04:55', '2026-04-24 19:04:55', '2026-04-24 19:04:55'),
(481, 49, 1, 10, 1, 49.50, NULL, '2026-04-24 19:04:55', '2026-04-24 19:04:55', '2026-04-24 19:04:55'),
(482, 49, 2, 10, 1, 51.90, NULL, '2026-04-24 19:04:55', '2026-04-24 19:04:55', '2026-04-24 19:04:55'),
(483, 49, 8, 10, 1, 66.10, NULL, '2026-04-24 19:04:55', '2026-04-24 19:04:55', '2026-04-24 19:04:55'),
(484, 49, 9, 10, 1, 59.10, NULL, '2026-04-24 19:04:55', '2026-04-24 19:04:55', '2026-04-24 19:04:55'),
(485, 49, 10, 10, 1, 57.20, NULL, '2026-04-24 19:04:55', '2026-04-24 19:04:55', '2026-04-24 19:04:55'),
(486, 49, 11, 10, 1, 53.40, NULL, '2026-04-24 19:04:55', '2026-04-24 19:04:55', '2026-04-24 19:04:55'),
(487, 49, 15, 10, 1, 63.00, NULL, '2026-04-24 19:04:55', '2026-04-24 19:04:55', '2026-04-24 19:04:55'),
(488, 49, 23, 10, 1, 33.60, NULL, '2026-04-24 19:04:55', '2026-04-24 19:04:55', '2026-04-24 19:04:55'),
(489, 49, 25, 10, 1, 56.30, NULL, '2026-04-24 19:04:55', '2026-04-24 19:04:55', '2026-04-24 19:04:55'),
(490, 49, 28, 10, 1, 60.80, NULL, '2026-04-24 19:04:55', '2026-04-24 19:04:55', '2026-04-24 19:04:55'),
(491, 50, 1, 10, 1, 45.50, NULL, '2026-04-24 19:04:55', '2026-04-24 19:04:55', '2026-04-24 19:04:55'),
(492, 50, 2, 10, 1, 52.80, NULL, '2026-04-24 19:04:55', '2026-04-24 19:04:55', '2026-04-24 19:04:55'),
(493, 50, 8, 10, 1, 31.70, NULL, '2026-04-24 19:04:55', '2026-04-24 19:04:55', '2026-04-24 19:04:55'),
(494, 50, 9, 10, 1, 43.00, NULL, '2026-04-24 19:04:55', '2026-04-24 19:04:55', '2026-04-24 19:04:55'),
(495, 50, 10, 10, 1, 61.00, NULL, '2026-04-24 19:04:55', '2026-04-24 19:04:55', '2026-04-24 19:04:55'),
(496, 50, 11, 10, 1, 41.50, NULL, '2026-04-24 19:04:55', '2026-04-24 19:04:55', '2026-04-24 19:04:55');
INSERT INTO `exam_scores` (`id`, `student_id`, `subject_id`, `class_arm_id`, `term_id`, `score`, `recorded_by`, `submitted_at`, `created_at`, `updated_at`) VALUES
(497, 50, 15, 10, 1, 37.30, NULL, '2026-04-24 19:04:55', '2026-04-24 19:04:55', '2026-04-24 19:04:55'),
(498, 50, 23, 10, 1, 30.40, NULL, '2026-04-24 19:04:55', '2026-04-24 19:04:55', '2026-04-24 19:04:55'),
(499, 50, 25, 10, 1, 52.20, NULL, '2026-04-24 19:04:55', '2026-04-24 19:04:55', '2026-04-24 19:04:55'),
(500, 50, 28, 10, 1, 53.80, NULL, '2026-04-24 19:04:55', '2026-04-24 19:04:55', '2026-04-24 19:04:55'),
(501, 51, 1, 11, 1, 45.00, NULL, '2026-04-24 19:04:55', '2026-04-24 19:04:56', '2026-04-24 19:04:56'),
(502, 51, 2, 11, 1, 30.40, NULL, '2026-04-24 19:04:56', '2026-04-24 19:04:56', '2026-04-24 19:04:56'),
(503, 51, 8, 11, 1, 45.70, NULL, '2026-04-24 19:04:56', '2026-04-24 19:04:56', '2026-04-24 19:04:56'),
(504, 51, 9, 11, 1, 28.60, NULL, '2026-04-24 19:04:56', '2026-04-24 19:04:56', '2026-04-24 19:04:56'),
(505, 51, 10, 11, 1, 64.10, NULL, '2026-04-24 19:04:56', '2026-04-24 19:04:56', '2026-04-24 19:04:56'),
(506, 51, 11, 11, 1, 40.60, NULL, '2026-04-24 19:04:56', '2026-04-24 19:04:56', '2026-04-24 19:04:56'),
(507, 51, 15, 11, 1, 29.10, NULL, '2026-04-24 19:04:56', '2026-04-24 19:04:56', '2026-04-24 19:04:56'),
(508, 51, 23, 11, 1, 62.20, NULL, '2026-04-24 19:04:56', '2026-04-24 19:04:56', '2026-04-24 19:04:56'),
(509, 51, 25, 11, 1, 63.10, NULL, '2026-04-24 19:04:56', '2026-04-24 19:04:56', '2026-04-24 19:04:56'),
(510, 51, 28, 11, 1, 39.50, NULL, '2026-04-24 19:04:56', '2026-04-24 19:04:56', '2026-04-24 19:04:56'),
(511, 52, 1, 11, 1, 45.30, NULL, '2026-04-24 19:04:56', '2026-04-24 19:04:56', '2026-04-24 19:04:56'),
(512, 52, 2, 11, 1, 42.50, NULL, '2026-04-24 19:04:56', '2026-04-24 19:04:56', '2026-04-24 19:04:56'),
(513, 52, 8, 11, 1, 65.30, NULL, '2026-04-24 19:04:56', '2026-04-24 19:04:56', '2026-04-24 19:04:56'),
(514, 52, 9, 11, 1, 35.70, NULL, '2026-04-24 19:04:56', '2026-04-24 19:04:56', '2026-04-24 19:04:56'),
(515, 52, 10, 11, 1, 57.10, NULL, '2026-04-24 19:04:56', '2026-04-24 19:04:56', '2026-04-24 19:04:56'),
(516, 52, 11, 11, 1, 58.00, NULL, '2026-04-24 19:04:56', '2026-04-24 19:04:56', '2026-04-24 19:04:56'),
(517, 52, 15, 11, 1, 55.60, NULL, '2026-04-24 19:04:56', '2026-04-24 19:04:56', '2026-04-24 19:04:56'),
(518, 52, 23, 11, 1, 56.20, NULL, '2026-04-24 19:04:56', '2026-04-24 19:04:56', '2026-04-24 19:04:56'),
(519, 52, 25, 11, 1, 64.90, NULL, '2026-04-24 19:04:56', '2026-04-24 19:04:56', '2026-04-24 19:04:56'),
(520, 52, 28, 11, 1, 43.60, NULL, '2026-04-24 19:04:56', '2026-04-24 19:04:56', '2026-04-24 19:04:56'),
(521, 53, 1, 11, 1, 39.10, NULL, '2026-04-24 19:04:56', '2026-04-24 19:04:56', '2026-04-24 19:04:56'),
(522, 53, 2, 11, 1, 47.00, NULL, '2026-04-24 19:04:56', '2026-04-24 19:04:56', '2026-04-24 19:04:56'),
(523, 53, 8, 11, 1, 56.80, NULL, '2026-04-24 19:04:56', '2026-04-24 19:04:56', '2026-04-24 19:04:56'),
(524, 53, 9, 11, 1, 44.50, NULL, '2026-04-24 19:04:56', '2026-04-24 19:04:56', '2026-04-24 19:04:56'),
(525, 53, 10, 11, 1, 46.90, NULL, '2026-04-24 19:04:56', '2026-04-24 19:04:56', '2026-04-24 19:04:56'),
(526, 53, 11, 11, 1, 31.30, NULL, '2026-04-24 19:04:56', '2026-04-24 19:04:56', '2026-04-24 19:04:56'),
(527, 53, 15, 11, 1, 36.60, NULL, '2026-04-24 19:04:56', '2026-04-24 19:04:56', '2026-04-24 19:04:56'),
(528, 53, 23, 11, 1, 66.40, NULL, '2026-04-24 19:04:56', '2026-04-24 19:04:56', '2026-04-24 19:04:56'),
(529, 53, 25, 11, 1, 46.50, NULL, '2026-04-24 19:04:56', '2026-04-24 19:04:56', '2026-04-24 19:04:56'),
(530, 53, 28, 11, 1, 63.70, NULL, '2026-04-24 19:04:56', '2026-04-24 19:04:56', '2026-04-24 19:04:56'),
(531, 54, 1, 11, 1, 47.80, NULL, '2026-04-24 19:04:56', '2026-04-24 19:04:56', '2026-04-24 19:04:56'),
(532, 54, 2, 11, 1, 44.00, NULL, '2026-04-24 19:04:56', '2026-04-24 19:04:56', '2026-04-24 19:04:56'),
(533, 54, 8, 11, 1, 35.20, NULL, '2026-04-24 19:04:56', '2026-04-24 19:04:56', '2026-04-24 19:04:56'),
(534, 54, 9, 11, 1, 45.20, NULL, '2026-04-24 19:04:56', '2026-04-24 19:04:56', '2026-04-24 19:04:56'),
(535, 54, 10, 11, 1, 62.70, NULL, '2026-04-24 19:04:56', '2026-04-24 19:04:56', '2026-04-24 19:04:56'),
(536, 54, 11, 11, 1, 46.80, NULL, '2026-04-24 19:04:56', '2026-04-24 19:04:56', '2026-04-24 19:04:56'),
(537, 54, 15, 11, 1, 55.20, NULL, '2026-04-24 19:04:56', '2026-04-24 19:04:56', '2026-04-24 19:04:56'),
(538, 54, 23, 11, 1, 46.80, NULL, '2026-04-24 19:04:56', '2026-04-24 19:04:56', '2026-04-24 19:04:56'),
(539, 54, 25, 11, 1, 39.30, NULL, '2026-04-24 19:04:56', '2026-04-24 19:04:56', '2026-04-24 19:04:56'),
(540, 54, 28, 11, 1, 59.50, NULL, '2026-04-24 19:04:56', '2026-04-24 19:04:56', '2026-04-24 19:04:56'),
(541, 55, 1, 11, 1, 49.30, NULL, '2026-04-24 19:04:56', '2026-04-24 19:04:56', '2026-04-24 19:04:56'),
(542, 55, 2, 11, 1, 30.70, NULL, '2026-04-24 19:04:56', '2026-04-24 19:04:56', '2026-04-24 19:04:56'),
(543, 55, 8, 11, 1, 63.20, NULL, '2026-04-24 19:04:56', '2026-04-24 19:04:56', '2026-04-24 19:04:56'),
(544, 55, 9, 11, 1, 33.10, NULL, '2026-04-24 19:04:56', '2026-04-24 19:04:56', '2026-04-24 19:04:56'),
(545, 55, 10, 11, 1, 46.80, NULL, '2026-04-24 19:04:56', '2026-04-24 19:04:56', '2026-04-24 19:04:56'),
(546, 55, 11, 11, 1, 40.70, NULL, '2026-04-24 19:04:56', '2026-04-24 19:04:56', '2026-04-24 19:04:56'),
(547, 55, 15, 11, 1, 39.30, NULL, '2026-04-24 19:04:56', '2026-04-24 19:04:56', '2026-04-24 19:04:56'),
(548, 55, 23, 11, 1, 46.50, NULL, '2026-04-24 19:04:56', '2026-04-24 19:04:56', '2026-04-24 19:04:56'),
(549, 55, 25, 11, 1, 55.90, NULL, '2026-04-24 19:04:56', '2026-04-24 19:04:56', '2026-04-24 19:04:56'),
(550, 55, 28, 11, 1, 54.70, NULL, '2026-04-24 19:04:56', '2026-04-24 19:04:56', '2026-04-24 19:04:56'),
(551, 56, 1, 12, 1, 65.30, NULL, '2026-04-24 19:04:56', '2026-04-24 19:04:56', '2026-04-24 19:04:56'),
(552, 56, 2, 12, 1, 35.40, NULL, '2026-04-24 19:04:56', '2026-04-24 19:04:56', '2026-04-24 19:04:56'),
(553, 56, 8, 12, 1, 60.90, NULL, '2026-04-24 19:04:56', '2026-04-24 19:04:56', '2026-04-24 19:04:56'),
(554, 56, 9, 12, 1, 47.10, NULL, '2026-04-24 19:04:56', '2026-04-24 19:04:56', '2026-04-24 19:04:56'),
(555, 56, 10, 12, 1, 43.30, NULL, '2026-04-24 19:04:56', '2026-04-24 19:04:56', '2026-04-24 19:04:56'),
(556, 56, 11, 12, 1, 36.20, NULL, '2026-04-24 19:04:56', '2026-04-24 19:04:56', '2026-04-24 19:04:56'),
(557, 56, 15, 12, 1, 65.90, NULL, '2026-04-24 19:04:56', '2026-04-24 19:04:56', '2026-04-24 19:04:56'),
(558, 56, 23, 12, 1, 31.30, NULL, '2026-04-24 19:04:56', '2026-04-24 19:04:56', '2026-04-24 19:04:56'),
(559, 56, 25, 12, 1, 48.80, NULL, '2026-04-24 19:04:56', '2026-04-24 19:04:56', '2026-04-24 19:04:56'),
(560, 56, 28, 12, 1, 48.20, NULL, '2026-04-24 19:04:56', '2026-04-24 19:04:56', '2026-04-24 19:04:56'),
(561, 57, 1, 12, 1, 46.30, NULL, '2026-04-24 19:04:56', '2026-04-24 19:04:56', '2026-04-24 19:04:56'),
(562, 57, 2, 12, 1, 31.80, NULL, '2026-04-24 19:04:56', '2026-04-24 19:04:56', '2026-04-24 19:04:56'),
(563, 57, 8, 12, 1, 57.30, NULL, '2026-04-24 19:04:56', '2026-04-24 19:04:56', '2026-04-24 19:04:56'),
(564, 57, 9, 12, 1, 53.40, NULL, '2026-04-24 19:04:56', '2026-04-24 19:04:56', '2026-04-24 19:04:56'),
(565, 57, 10, 12, 1, 36.80, NULL, '2026-04-24 19:04:56', '2026-04-24 19:04:56', '2026-04-24 19:04:56'),
(566, 57, 11, 12, 1, 45.40, NULL, '2026-04-24 19:04:56', '2026-04-24 19:04:56', '2026-04-24 19:04:56'),
(567, 57, 15, 12, 1, 34.50, NULL, '2026-04-24 19:04:56', '2026-04-24 19:04:56', '2026-04-24 19:04:56'),
(568, 57, 23, 12, 1, 35.30, NULL, '2026-04-24 19:04:56', '2026-04-24 19:04:56', '2026-04-24 19:04:56'),
(569, 57, 25, 12, 1, 35.40, NULL, '2026-04-24 19:04:56', '2026-04-24 19:04:56', '2026-04-24 19:04:56'),
(570, 57, 28, 12, 1, 30.50, NULL, '2026-04-24 19:04:56', '2026-04-24 19:04:56', '2026-04-24 19:04:56'),
(571, 58, 1, 12, 1, 54.80, NULL, '2026-04-24 19:04:56', '2026-04-24 19:04:56', '2026-04-24 19:04:56'),
(572, 58, 2, 12, 1, 54.50, NULL, '2026-04-24 19:04:56', '2026-04-24 19:04:56', '2026-04-24 19:04:56'),
(573, 58, 8, 12, 1, 50.90, NULL, '2026-04-24 19:04:56', '2026-04-24 19:04:56', '2026-04-24 19:04:56'),
(574, 58, 9, 12, 1, 34.40, NULL, '2026-04-24 19:04:56', '2026-04-24 19:04:56', '2026-04-24 19:04:56'),
(575, 58, 10, 12, 1, 62.10, NULL, '2026-04-24 19:04:56', '2026-04-24 19:04:56', '2026-04-24 19:04:56'),
(576, 58, 11, 12, 1, 63.70, NULL, '2026-04-24 19:04:56', '2026-04-24 19:04:56', '2026-04-24 19:04:56'),
(577, 58, 15, 12, 1, 35.30, NULL, '2026-04-24 19:04:56', '2026-04-24 19:04:56', '2026-04-24 19:04:56'),
(578, 58, 23, 12, 1, 66.40, NULL, '2026-04-24 19:04:56', '2026-04-24 19:04:56', '2026-04-24 19:04:56'),
(579, 58, 25, 12, 1, 30.00, NULL, '2026-04-24 19:04:56', '2026-04-24 19:04:56', '2026-04-24 19:04:56'),
(580, 58, 28, 12, 1, 46.80, NULL, '2026-04-24 19:04:56', '2026-04-24 19:04:56', '2026-04-24 19:04:56'),
(581, 59, 1, 12, 1, 48.10, NULL, '2026-04-24 19:04:56', '2026-04-24 19:04:56', '2026-04-24 19:04:56'),
(582, 59, 2, 12, 1, 57.60, NULL, '2026-04-24 19:04:56', '2026-04-24 19:04:56', '2026-04-24 19:04:56'),
(583, 59, 8, 12, 1, 65.90, NULL, '2026-04-24 19:04:56', '2026-04-24 19:04:56', '2026-04-24 19:04:56'),
(584, 59, 9, 12, 1, 44.80, NULL, '2026-04-24 19:04:56', '2026-04-24 19:04:56', '2026-04-24 19:04:56'),
(585, 59, 10, 12, 1, 56.90, NULL, '2026-04-24 19:04:56', '2026-04-24 19:04:56', '2026-04-24 19:04:56'),
(586, 59, 11, 12, 1, 39.50, NULL, '2026-04-24 19:04:56', '2026-04-24 19:04:56', '2026-04-24 19:04:56'),
(587, 59, 15, 12, 1, 63.90, NULL, '2026-04-24 19:04:56', '2026-04-24 19:04:56', '2026-04-24 19:04:56'),
(588, 59, 23, 12, 1, 38.90, NULL, '2026-04-24 19:04:56', '2026-04-24 19:04:56', '2026-04-24 19:04:56'),
(589, 59, 25, 12, 1, 45.80, NULL, '2026-04-24 19:04:56', '2026-04-24 19:04:56', '2026-04-24 19:04:56'),
(590, 59, 28, 12, 1, 40.90, NULL, '2026-04-24 19:04:56', '2026-04-24 19:04:56', '2026-04-24 19:04:56'),
(591, 60, 1, 12, 1, 48.00, NULL, '2026-04-24 19:04:56', '2026-04-24 19:04:56', '2026-04-24 19:04:56'),
(592, 60, 2, 12, 1, 58.70, NULL, '2026-04-24 19:04:56', '2026-04-24 19:04:56', '2026-04-24 19:04:56'),
(593, 60, 8, 12, 1, 50.30, NULL, '2026-04-24 19:04:56', '2026-04-24 19:04:56', '2026-04-24 19:04:56'),
(594, 60, 9, 12, 1, 63.70, NULL, '2026-04-24 19:04:56', '2026-04-24 19:04:56', '2026-04-24 19:04:56'),
(595, 60, 10, 12, 1, 30.40, NULL, '2026-04-24 19:04:56', '2026-04-24 19:04:56', '2026-04-24 19:04:56'),
(596, 60, 11, 12, 1, 40.10, NULL, '2026-04-24 19:04:56', '2026-04-24 19:04:56', '2026-04-24 19:04:56'),
(597, 60, 15, 12, 1, 43.10, NULL, '2026-04-24 19:04:56', '2026-04-24 19:04:56', '2026-04-24 19:04:56'),
(598, 60, 23, 12, 1, 52.80, NULL, '2026-04-24 19:04:56', '2026-04-24 19:04:56', '2026-04-24 19:04:56'),
(599, 60, 25, 12, 1, 58.30, NULL, '2026-04-24 19:04:56', '2026-04-24 19:04:56', '2026-04-24 19:04:56'),
(600, 60, 28, 12, 1, 50.60, NULL, '2026-04-24 19:04:56', '2026-04-24 19:04:56', '2026-04-24 19:04:56');

-- --------------------------------------------------------

--
-- Table structure for table `failed_jobs`
--

CREATE TABLE `failed_jobs` (
  `id` bigint(20) UNSIGNED NOT NULL,
  `uuid` varchar(255) NOT NULL,
  `connection` text NOT NULL,
  `queue` text NOT NULL,
  `payload` longtext NOT NULL,
  `exception` longtext NOT NULL,
  `failed_at` timestamp NOT NULL DEFAULT current_timestamp()
) ENGINE=InnoDB DEFAULT CHARSET=utf8mb4 COLLATE=utf8mb4_unicode_ci;

-- --------------------------------------------------------

--
-- Table structure for table `fee_categories`
--

CREATE TABLE `fee_categories` (
  `id` bigint(20) UNSIGNED NOT NULL,
  `name` varchar(100) NOT NULL,
  `description` text DEFAULT NULL,
  `is_compulsory` tinyint(1) NOT NULL DEFAULT 1,
  `display_order` smallint(5) UNSIGNED NOT NULL DEFAULT 0,
  `is_active` tinyint(1) NOT NULL DEFAULT 1,
  `created_at` timestamp NULL DEFAULT NULL,
  `updated_at` timestamp NULL DEFAULT NULL
) ENGINE=InnoDB DEFAULT CHARSET=utf8mb4 COLLATE=utf8mb4_unicode_ci;

--
-- Dumping data for table `fee_categories`
--

INSERT INTO `fee_categories` (`id`, `name`, `description`, `is_compulsory`, `display_order`, `is_active`, `created_at`, `updated_at`) VALUES
(1, 'Tuition Fee', 'The main school fees covering teaching and academic activities for the term.', 1, 1, 1, '2026-04-24 19:03:07', '2026-04-24 19:03:07'),
(2, 'PTA Levy', 'Parent-Teacher Association levy for school improvement projects and activities.', 1, 2, 1, '2026-04-24 19:03:07', '2026-04-24 19:03:07'),
(3, 'Development Levy', 'Annual levy for school infrastructure development and capital projects.', 1, 3, 1, '2026-04-24 19:03:07', '2026-04-24 19:03:07'),
(4, 'Book Levy', 'Covers textbooks, exercise books, and other learning materials supplied by the school.', 1, 4, 1, '2026-04-24 19:03:07', '2026-04-24 19:03:07'),
(5, 'Examination Fee', 'Internal examination fee covering printing of exam papers and invigilation.', 1, 5, 1, '2026-04-24 19:03:07', '2026-04-24 19:03:07'),
(6, 'Sports Levy', 'Covers sports equipment, inter-house sports, and physical education materials.', 1, 6, 1, '2026-04-24 19:03:07', '2026-04-24 19:03:07'),
(7, 'ICT Levy', 'Computer lab maintenance, internet access, and digital learning tools.', 0, 7, 1, '2026-04-24 19:03:07', '2026-04-24 19:03:07'),
(8, 'Library Fee', 'Library maintenance, new book acquisitions, and reading materials.', 0, 8, 1, '2026-04-24 19:03:07', '2026-04-24 19:03:07'),
(9, 'WAEC/NECO Registration Fee', 'External examination registration fee for SS3 students sitting WAEC and/or NECO.', 0, 9, 1, '2026-04-24 19:03:07', '2026-04-24 19:03:07'),
(10, 'Excursion Fee', 'Educational field trips and excursion activities.', 0, 10, 1, '2026-04-24 19:03:07', '2026-04-24 19:03:07'),
(11, 'Medical/Health Fee', 'School clinic, first aid supplies, and basic health screening.', 0, 11, 1, '2026-04-24 19:03:07', '2026-04-24 19:03:07'),
(12, 'Uniform/Sportswear', 'School uniform or sportswear supplied by the school.', 0, 12, 1, '2026-04-24 19:03:07', '2026-04-24 19:03:07');

-- --------------------------------------------------------

--
-- Table structure for table `fee_structures`
--

CREATE TABLE `fee_structures` (
  `id` bigint(20) UNSIGNED NOT NULL,
  `fee_category_id` bigint(20) UNSIGNED NOT NULL,
  `class_level_id` bigint(20) UNSIGNED NOT NULL,
  `session_id` bigint(20) UNSIGNED NOT NULL,
  `term_id` bigint(20) UNSIGNED NOT NULL,
  `amount` decimal(12,2) NOT NULL,
  `due_date` date DEFAULT NULL,
  `created_at` timestamp NULL DEFAULT NULL,
  `updated_at` timestamp NULL DEFAULT NULL
) ENGINE=InnoDB DEFAULT CHARSET=utf8mb4 COLLATE=utf8mb4_unicode_ci;

--
-- Dumping data for table `fee_structures`
--

INSERT INTO `fee_structures` (`id`, `fee_category_id`, `class_level_id`, `session_id`, `term_id`, `amount`, `due_date`, `created_at`, `updated_at`) VALUES
(1, 1, 1, 1, 1, 45000.00, '2024-09-09', '2026-04-24 19:04:50', '2026-04-24 19:04:50'),
(2, 2, 1, 1, 1, 3000.00, '2024-09-09', '2026-04-24 19:04:50', '2026-04-24 19:04:50'),
(3, 4, 1, 1, 1, 8000.00, '2024-09-09', '2026-04-24 19:04:50', '2026-04-24 19:04:50'),
(4, 1, 1, 1, 2, 45000.00, '2025-01-06', '2026-04-24 19:04:50', '2026-04-24 19:04:50'),
(5, 2, 1, 1, 2, 3000.00, '2025-01-06', '2026-04-24 19:04:50', '2026-04-24 19:04:50'),
(6, 4, 1, 1, 2, 8000.00, '2025-01-06', '2026-04-24 19:04:50', '2026-04-24 19:04:50'),
(7, 1, 1, 1, 3, 45000.00, '2025-04-07', '2026-04-24 19:04:50', '2026-04-24 19:04:50'),
(8, 2, 1, 1, 3, 3000.00, '2025-04-07', '2026-04-24 19:04:50', '2026-04-24 19:04:50'),
(9, 4, 1, 1, 3, 8000.00, '2025-04-07', '2026-04-24 19:04:50', '2026-04-24 19:04:50'),
(10, 1, 2, 1, 1, 45000.00, '2024-09-09', '2026-04-24 19:04:50', '2026-04-24 19:04:50'),
(11, 2, 2, 1, 1, 3000.00, '2024-09-09', '2026-04-24 19:04:50', '2026-04-24 19:04:50'),
(12, 4, 2, 1, 1, 8000.00, '2024-09-09', '2026-04-24 19:04:50', '2026-04-24 19:04:50'),
(13, 1, 2, 1, 2, 45000.00, '2025-01-06', '2026-04-24 19:04:50', '2026-04-24 19:04:50'),
(14, 2, 2, 1, 2, 3000.00, '2025-01-06', '2026-04-24 19:04:50', '2026-04-24 19:04:50'),
(15, 4, 2, 1, 2, 8000.00, '2025-01-06', '2026-04-24 19:04:50', '2026-04-24 19:04:50'),
(16, 1, 2, 1, 3, 45000.00, '2025-04-07', '2026-04-24 19:04:50', '2026-04-24 19:04:50'),
(17, 2, 2, 1, 3, 3000.00, '2025-04-07', '2026-04-24 19:04:50', '2026-04-24 19:04:50'),
(18, 4, 2, 1, 3, 8000.00, '2025-04-07', '2026-04-24 19:04:50', '2026-04-24 19:04:50'),
(19, 1, 3, 1, 1, 48000.00, '2024-09-09', '2026-04-24 19:04:50', '2026-04-24 19:04:50'),
(20, 2, 3, 1, 1, 3000.00, '2024-09-09', '2026-04-24 19:04:50', '2026-04-24 19:04:50'),
(21, 4, 3, 1, 1, 8000.00, '2024-09-09', '2026-04-24 19:04:50', '2026-04-24 19:04:50'),
(22, 1, 3, 1, 2, 48000.00, '2025-01-06', '2026-04-24 19:04:50', '2026-04-24 19:04:50'),
(23, 2, 3, 1, 2, 3000.00, '2025-01-06', '2026-04-24 19:04:50', '2026-04-24 19:04:50'),
(24, 4, 3, 1, 2, 8000.00, '2025-01-06', '2026-04-24 19:04:50', '2026-04-24 19:04:50'),
(25, 1, 3, 1, 3, 48000.00, '2025-04-07', '2026-04-24 19:04:50', '2026-04-24 19:04:50'),
(26, 2, 3, 1, 3, 3000.00, '2025-04-07', '2026-04-24 19:04:50', '2026-04-24 19:04:50'),
(27, 4, 3, 1, 3, 8000.00, '2025-04-07', '2026-04-24 19:04:50', '2026-04-24 19:04:50'),
(28, 1, 4, 1, 1, 55000.00, '2024-09-09', '2026-04-24 19:04:50', '2026-04-24 19:04:50'),
(29, 2, 4, 1, 1, 3000.00, '2024-09-09', '2026-04-24 19:04:50', '2026-04-24 19:04:50'),
(30, 4, 4, 1, 1, 8000.00, '2024-09-09', '2026-04-24 19:04:50', '2026-04-24 19:04:50'),
(31, 1, 4, 1, 2, 55000.00, '2025-01-06', '2026-04-24 19:04:50', '2026-04-24 19:04:50'),
(32, 2, 4, 1, 2, 3000.00, '2025-01-06', '2026-04-24 19:04:50', '2026-04-24 19:04:50'),
(33, 4, 4, 1, 2, 8000.00, '2025-01-06', '2026-04-24 19:04:50', '2026-04-24 19:04:50'),
(34, 1, 4, 1, 3, 55000.00, '2025-04-07', '2026-04-24 19:04:50', '2026-04-24 19:04:50'),
(35, 2, 4, 1, 3, 3000.00, '2025-04-07', '2026-04-24 19:04:50', '2026-04-24 19:04:50'),
(36, 4, 4, 1, 3, 8000.00, '2025-04-07', '2026-04-24 19:04:50', '2026-04-24 19:04:50'),
(37, 1, 5, 1, 1, 55000.00, '2024-09-09', '2026-04-24 19:04:50', '2026-04-24 19:04:50'),
(38, 2, 5, 1, 1, 3000.00, '2024-09-09', '2026-04-24 19:04:50', '2026-04-24 19:04:50'),
(39, 4, 5, 1, 1, 8000.00, '2024-09-09', '2026-04-24 19:04:50', '2026-04-24 19:04:50'),
(40, 1, 5, 1, 2, 55000.00, '2025-01-06', '2026-04-24 19:04:50', '2026-04-24 19:04:50'),
(41, 2, 5, 1, 2, 3000.00, '2025-01-06', '2026-04-24 19:04:50', '2026-04-24 19:04:50'),
(42, 4, 5, 1, 2, 8000.00, '2025-01-06', '2026-04-24 19:04:50', '2026-04-24 19:04:50'),
(43, 1, 5, 1, 3, 55000.00, '2025-04-07', '2026-04-24 19:04:50', '2026-04-24 19:04:50'),
(44, 2, 5, 1, 3, 3000.00, '2025-04-07', '2026-04-24 19:04:50', '2026-04-24 19:04:50'),
(45, 4, 5, 1, 3, 8000.00, '2025-04-07', '2026-04-24 19:04:50', '2026-04-24 19:04:50'),
(46, 1, 6, 1, 1, 60000.00, '2024-09-09', '2026-04-24 19:04:50', '2026-04-24 19:04:50'),
(47, 2, 6, 1, 1, 3000.00, '2024-09-09', '2026-04-24 19:04:50', '2026-04-24 19:04:50'),
(48, 4, 6, 1, 1, 8000.00, '2024-09-09', '2026-04-24 19:04:50', '2026-04-24 19:04:50'),
(49, 1, 6, 1, 2, 60000.00, '2025-01-06', '2026-04-24 19:04:50', '2026-04-24 19:04:50'),
(50, 2, 6, 1, 2, 3000.00, '2025-01-06', '2026-04-24 19:04:50', '2026-04-24 19:04:50'),
(51, 4, 6, 1, 2, 8000.00, '2025-01-06', '2026-04-24 19:04:50', '2026-04-24 19:04:50'),
(52, 1, 6, 1, 3, 60000.00, '2025-04-07', '2026-04-24 19:04:50', '2026-04-24 19:04:50'),
(53, 2, 6, 1, 3, 3000.00, '2025-04-07', '2026-04-24 19:04:50', '2026-04-24 19:04:50'),
(54, 4, 6, 1, 3, 8000.00, '2025-04-07', '2026-04-24 19:04:50', '2026-04-24 19:04:50');

-- --------------------------------------------------------

--
-- Table structure for table `grading_scales`
--

CREATE TABLE `grading_scales` (
  `id` bigint(20) UNSIGNED NOT NULL,
  `grade` varchar(5) NOT NULL,
  `min_score` decimal(5,2) NOT NULL,
  `max_score` decimal(5,2) NOT NULL,
  `remark` varchar(50) NOT NULL,
  `is_pass` tinyint(1) NOT NULL DEFAULT 1,
  `grade_order` tinyint(3) UNSIGNED NOT NULL,
  `created_at` timestamp NULL DEFAULT NULL,
  `updated_at` timestamp NULL DEFAULT NULL
) ENGINE=InnoDB DEFAULT CHARSET=utf8mb4 COLLATE=utf8mb4_unicode_ci;

--
-- Dumping data for table `grading_scales`
--

INSERT INTO `grading_scales` (`id`, `grade`, `min_score`, `max_score`, `remark`, `is_pass`, `grade_order`, `created_at`, `updated_at`) VALUES
(1, 'A1', 75.00, 100.00, 'Excellent', 1, 1, '2026-04-24 19:03:06', '2026-04-24 19:03:06'),
(2, 'B2', 70.00, 74.99, 'Very Good', 1, 2, '2026-04-24 19:03:06', '2026-04-24 19:03:06'),
(3, 'B3', 65.00, 69.99, 'Good', 1, 3, '2026-04-24 19:03:06', '2026-04-24 19:03:06'),
(4, 'C4', 60.00, 64.99, 'Credit', 1, 4, '2026-04-24 19:03:06', '2026-04-24 19:03:06'),
(5, 'C5', 55.00, 59.99, 'Credit', 1, 5, '2026-04-24 19:03:06', '2026-04-24 19:03:06'),
(6, 'C6', 50.00, 54.99, 'Credit', 1, 6, '2026-04-24 19:03:06', '2026-04-24 19:03:06'),
(7, 'D7', 45.00, 49.99, 'Pass', 1, 7, '2026-04-24 19:03:06', '2026-04-24 19:03:06'),
(8, 'E8', 40.00, 44.99, 'Pass', 1, 8, '2026-04-24 19:03:06', '2026-04-24 19:03:06'),
(9, 'F9', 0.00, 39.99, 'Fail', 0, 9, '2026-04-24 19:03:06', '2026-04-24 19:03:06');

-- --------------------------------------------------------

--
-- Table structure for table `jobs`
--

CREATE TABLE `jobs` (
  `id` bigint(20) UNSIGNED NOT NULL,
  `queue` varchar(255) NOT NULL,
  `payload` longtext NOT NULL,
  `attempts` tinyint(3) UNSIGNED NOT NULL,
  `reserved_at` int(10) UNSIGNED DEFAULT NULL,
  `available_at` int(10) UNSIGNED NOT NULL,
  `created_at` int(10) UNSIGNED NOT NULL
) ENGINE=InnoDB DEFAULT CHARSET=utf8mb4 COLLATE=utf8mb4_unicode_ci;

-- --------------------------------------------------------

--
-- Table structure for table `job_batches`
--

CREATE TABLE `job_batches` (
  `id` varchar(255) NOT NULL,
  `name` varchar(255) NOT NULL,
  `total_jobs` int(11) NOT NULL,
  `pending_jobs` int(11) NOT NULL,
  `failed_jobs` int(11) NOT NULL,
  `failed_job_ids` longtext NOT NULL,
  `options` mediumtext DEFAULT NULL,
  `cancelled_at` int(11) DEFAULT NULL,
  `created_at` int(11) NOT NULL,
  `finished_at` int(11) DEFAULT NULL
) ENGINE=InnoDB DEFAULT CHARSET=utf8mb4 COLLATE=utf8mb4_unicode_ci;

-- --------------------------------------------------------

--
-- Table structure for table `messages`
--

CREATE TABLE `messages` (
  `id` bigint(20) UNSIGNED NOT NULL,
  `sender_id` bigint(20) UNSIGNED NOT NULL,
  `recipient_id` bigint(20) UNSIGNED NOT NULL,
  `subject` varchar(255) DEFAULT NULL,
  `body` text NOT NULL,
  `is_read` tinyint(1) NOT NULL DEFAULT 0,
  `read_at` timestamp NULL DEFAULT NULL,
  `parent_message_id` bigint(20) UNSIGNED DEFAULT NULL,
  `sender_deleted` tinyint(1) NOT NULL DEFAULT 0,
  `recipient_deleted` tinyint(1) NOT NULL DEFAULT 0,
  `created_at` timestamp NULL DEFAULT NULL,
  `updated_at` timestamp NULL DEFAULT NULL
) ENGINE=InnoDB DEFAULT CHARSET=utf8mb4 COLLATE=utf8mb4_unicode_ci;

-- --------------------------------------------------------

--
-- Table structure for table `migrations`
--

CREATE TABLE `migrations` (
  `id` int(10) UNSIGNED NOT NULL,
  `migration` varchar(255) NOT NULL,
  `batch` int(11) NOT NULL
) ENGINE=InnoDB DEFAULT CHARSET=utf8mb4 COLLATE=utf8mb4_unicode_ci;

--
-- Dumping data for table `migrations`
--

INSERT INTO `migrations` (`id`, `migration`, `batch`) VALUES
(1, '0001_01_01_000000_create_users_table', 1),
(2, '0001_01_01_000001_create_cache_table', 1),
(3, '0001_01_01_000002_create_jobs_table', 1),
(4, '2024_01_01_000001_create_school_profile_table', 1),
(5, '2024_01_01_000002_create_academic_sessions_table', 1),
(6, '2024_01_01_000003_create_terms_table', 1),
(7, '2024_01_01_000004_create_class_levels_table', 1),
(8, '2024_01_01_000005_create_class_arms_table', 1),
(9, '2024_01_01_000006_create_subjects_table', 1),
(10, '2024_01_01_000007_create_arm_subjects_table', 1),
(11, '2024_01_01_000008_create_students_table', 1),
(12, '2024_01_01_000009_create_student_enrollments_table', 1),
(13, '2024_01_01_000010_create_parent_students_table', 1),
(14, '2024_01_01_000011_create_teachers_table', 1),
(15, '2024_01_01_000012_create_class_arm_teachers_table', 1),
(16, '2024_01_01_000013_create_teacher_arm_subjects_table', 1),
(17, '2024_01_01_000014_create_fee_categories_table', 1),
(18, '2024_01_01_000015_create_fee_structures_table', 1),
(19, '2024_01_01_000016_create_student_fee_ledger_table', 1),
(20, '2024_01_01_000017_create_payments_table', 1),
(21, '2024_01_01_000018_create_payment_allocations_table', 1),
(22, '2024_01_01_000019_create_grading_scales_table', 1),
(23, '2024_01_01_000020_create_ca_configurations_table', 1),
(24, '2024_01_01_000021_create_ca_scores_table', 1),
(25, '2024_01_01_000022_create_exam_scores_table', 1),
(26, '2024_01_01_000023_create_results_table', 1),
(27, '2024_01_01_000024_create_term_summaries_table', 1),
(28, '2024_01_01_000025_create_psychomotor_ratings_table', 1),
(29, '2024_01_01_000026_create_questions_table', 1),
(30, '2024_01_01_000027_create_cbt_exams_table', 1),
(31, '2024_01_01_000028_create_cbt_exam_questions_table', 1),
(32, '2024_01_01_000029_create_cbt_attempts_table', 1),
(33, '2024_01_01_000030_create_cbt_answers_table', 1),
(34, '2024_01_01_000031_create_attendance_records_table', 1),
(35, '2024_01_01_000032_create_timetable_periods_table', 1),
(36, '2024_01_01_000033_create_timetables_table', 1),
(37, '2024_01_01_000034_create_announcements_table', 1),
(38, '2024_01_01_000035_create_announcement_reads_table', 1),
(39, '2024_01_01_000036_create_messages_table', 1),
(40, '2024_01_01_000037_create_sms_logs_table', 1),
(41, '2024_01_01_000038_create_promotion_criteria_table', 1),
(42, '2024_01_01_000039_create_promotion_records_table', 1),
(43, '2024_01_01_000040_create_activity_logs_table', 1),
(44, '2024_01_01_000041_create_notifications_table', 1),
(45, '2024_01_01_000042_create_settings_table', 1),
(47, '2026_04_21_232024_create_school_calendars_table', 1),
(48, '2025_04_25_000001_add_discount_reason_to_student_fee_ledger', 2),
(49, '2024_01_01_000043_create_paystack_webhook_logs_table', 3);

-- --------------------------------------------------------

--
-- Table structure for table `notifications`
--

CREATE TABLE `notifications` (
  `id` char(36) NOT NULL,
  `type` varchar(255) NOT NULL,
  `notifiable_type` varchar(255) NOT NULL,
  `notifiable_id` bigint(20) UNSIGNED NOT NULL,
  `data` text NOT NULL,
  `read_at` timestamp NULL DEFAULT NULL,
  `created_at` timestamp NULL DEFAULT NULL,
  `updated_at` timestamp NULL DEFAULT NULL
) ENGINE=InnoDB DEFAULT CHARSET=utf8mb4 COLLATE=utf8mb4_unicode_ci;

-- --------------------------------------------------------

--
-- Table structure for table `parent_students`
--

CREATE TABLE `parent_students` (
  `id` bigint(20) UNSIGNED NOT NULL,
  `parent_user_id` bigint(20) UNSIGNED NOT NULL,
  `student_id` bigint(20) UNSIGNED NOT NULL,
  `relationship` enum('Father','Mother','Guardian','Uncle','Aunt','Sibling','Others') NOT NULL DEFAULT 'Guardian',
  `is_primary_contact` tinyint(1) NOT NULL DEFAULT 1,
  `created_at` timestamp NULL DEFAULT NULL,
  `updated_at` timestamp NULL DEFAULT NULL
) ENGINE=InnoDB DEFAULT CHARSET=utf8mb4 COLLATE=utf8mb4_unicode_ci;

--
-- Dumping data for table `parent_students`
--

INSERT INTO `parent_students` (`id`, `parent_user_id`, `student_id`, `relationship`, `is_primary_contact`, `created_at`, `updated_at`) VALUES
(1, 72, 1, 'Father', 1, '2026-04-24 19:04:43', '2026-04-24 19:04:43'),
(2, 72, 2, 'Mother', 1, '2026-04-24 19:04:43', '2026-04-24 19:04:43'),
(3, 73, 3, 'Mother', 1, '2026-04-24 19:04:43', '2026-04-24 19:04:43'),
(4, 73, 4, 'Mother', 1, '2026-04-24 19:04:43', '2026-04-24 19:04:43'),
(5, 74, 5, 'Father', 1, '2026-04-24 19:04:43', '2026-04-24 19:04:43'),
(6, 74, 6, 'Mother', 1, '2026-04-24 19:04:43', '2026-04-24 19:04:43'),
(7, 75, 7, 'Mother', 1, '2026-04-24 19:04:43', '2026-04-24 19:04:43'),
(8, 75, 8, 'Mother', 1, '2026-04-24 19:04:43', '2026-04-24 19:04:43'),
(9, 76, 9, 'Father', 1, '2026-04-24 19:04:44', '2026-04-24 19:04:44'),
(10, 76, 10, 'Mother', 1, '2026-04-24 19:04:44', '2026-04-24 19:04:44'),
(11, 77, 11, 'Mother', 1, '2026-04-24 19:04:44', '2026-04-24 19:04:44'),
(12, 77, 12, 'Mother', 1, '2026-04-24 19:04:44', '2026-04-24 19:04:44'),
(13, 78, 13, 'Father', 1, '2026-04-24 19:04:44', '2026-04-24 19:04:44'),
(14, 78, 14, 'Mother', 1, '2026-04-24 19:04:44', '2026-04-24 19:04:44'),
(15, 79, 15, 'Mother', 1, '2026-04-24 19:04:44', '2026-04-24 19:04:44'),
(16, 79, 16, 'Mother', 1, '2026-04-24 19:04:44', '2026-04-24 19:04:44'),
(17, 80, 17, 'Father', 1, '2026-04-24 19:04:45', '2026-04-24 19:04:45'),
(18, 80, 18, 'Mother', 1, '2026-04-24 19:04:45', '2026-04-24 19:04:45'),
(19, 81, 19, 'Mother', 1, '2026-04-24 19:04:45', '2026-04-24 19:04:45'),
(20, 81, 20, 'Mother', 1, '2026-04-24 19:04:45', '2026-04-24 19:04:45'),
(21, 82, 21, 'Father', 1, '2026-04-24 19:04:45', '2026-04-24 19:04:45'),
(22, 82, 22, 'Mother', 1, '2026-04-24 19:04:45', '2026-04-24 19:04:45'),
(23, 83, 23, 'Mother', 1, '2026-04-24 19:04:46', '2026-04-24 19:04:46'),
(24, 83, 24, 'Mother', 1, '2026-04-24 19:04:46', '2026-04-24 19:04:46'),
(25, 84, 25, 'Father', 1, '2026-04-24 19:04:46', '2026-04-24 19:04:46'),
(26, 84, 26, 'Mother', 1, '2026-04-24 19:04:46', '2026-04-24 19:04:46'),
(27, 85, 27, 'Mother', 1, '2026-04-24 19:04:46', '2026-04-24 19:04:46'),
(28, 85, 28, 'Mother', 1, '2026-04-24 19:04:46', '2026-04-24 19:04:46'),
(29, 86, 29, 'Father', 1, '2026-04-24 19:04:46', '2026-04-24 19:04:46'),
(30, 86, 30, 'Mother', 1, '2026-04-24 19:04:46', '2026-04-24 19:04:46'),
(31, 87, 31, 'Mother', 1, '2026-04-24 19:04:47', '2026-04-24 19:04:47'),
(32, 87, 32, 'Mother', 1, '2026-04-24 19:04:47', '2026-04-24 19:04:47'),
(33, 88, 33, 'Father', 1, '2026-04-24 19:04:47', '2026-04-24 19:04:47'),
(34, 88, 34, 'Mother', 1, '2026-04-24 19:04:47', '2026-04-24 19:04:47'),
(35, 89, 35, 'Mother', 1, '2026-04-24 19:04:47', '2026-04-24 19:04:47'),
(36, 89, 36, 'Mother', 1, '2026-04-24 19:04:47', '2026-04-24 19:04:47'),
(37, 90, 37, 'Father', 1, '2026-04-24 19:04:47', '2026-04-24 19:04:47'),
(38, 90, 38, 'Mother', 1, '2026-04-24 19:04:47', '2026-04-24 19:04:47'),
(39, 91, 39, 'Mother', 1, '2026-04-24 19:04:48', '2026-04-24 19:04:48'),
(40, 91, 40, 'Mother', 1, '2026-04-24 19:04:48', '2026-04-24 19:04:48'),
(41, 92, 41, 'Father', 1, '2026-04-24 19:04:48', '2026-04-24 19:04:48'),
(42, 92, 42, 'Mother', 1, '2026-04-24 19:04:48', '2026-04-24 19:04:48'),
(43, 93, 43, 'Mother', 1, '2026-04-24 19:04:48', '2026-04-24 19:04:48'),
(44, 93, 44, 'Mother', 1, '2026-04-24 19:04:48', '2026-04-24 19:04:48'),
(45, 94, 45, 'Father', 1, '2026-04-24 19:04:48', '2026-04-24 19:04:48'),
(46, 94, 46, 'Mother', 1, '2026-04-24 19:04:48', '2026-04-24 19:04:48'),
(47, 95, 47, 'Mother', 1, '2026-04-24 19:04:49', '2026-04-24 19:04:49'),
(48, 95, 48, 'Mother', 1, '2026-04-24 19:04:49', '2026-04-24 19:04:49'),
(49, 96, 49, 'Father', 1, '2026-04-24 19:04:49', '2026-04-24 19:04:49'),
(50, 96, 50, 'Mother', 1, '2026-04-24 19:04:49', '2026-04-24 19:04:49'),
(51, 97, 51, 'Mother', 1, '2026-04-24 19:04:49', '2026-04-24 19:04:49'),
(52, 97, 52, 'Mother', 1, '2026-04-24 19:04:49', '2026-04-24 19:04:49'),
(53, 98, 53, 'Father', 1, '2026-04-24 19:04:50', '2026-04-24 19:04:50'),
(54, 98, 54, 'Mother', 1, '2026-04-24 19:04:50', '2026-04-24 19:04:50'),
(55, 99, 55, 'Mother', 1, '2026-04-24 19:04:50', '2026-04-24 19:04:50'),
(56, 99, 56, 'Mother', 1, '2026-04-24 19:04:50', '2026-04-24 19:04:50'),
(57, 100, 57, 'Father', 1, '2026-04-24 19:04:50', '2026-04-24 19:04:50'),
(58, 100, 58, 'Mother', 1, '2026-04-24 19:04:50', '2026-04-24 19:04:50'),
(59, 101, 59, 'Mother', 1, '2026-04-24 19:04:50', '2026-04-24 19:04:50'),
(60, 101, 60, 'Mother', 1, '2026-04-24 19:04:50', '2026-04-24 19:04:50'),
(61, 102, 11, 'Mother', 0, '2026-04-25 07:33:01', '2026-04-25 07:33:01'),
(62, 102, 17, 'Sibling', 0, '2026-04-25 07:43:55', '2026-04-25 07:43:55'),
(63, 102, 5, 'Others', 0, '2026-04-25 07:43:55', '2026-04-25 07:43:55');

-- --------------------------------------------------------

--
-- Table structure for table `password_reset_tokens`
--

CREATE TABLE `password_reset_tokens` (
  `email` varchar(255) NOT NULL,
  `token` varchar(255) NOT NULL,
  `created_at` timestamp NULL DEFAULT NULL
) ENGINE=InnoDB DEFAULT CHARSET=utf8mb4 COLLATE=utf8mb4_unicode_ci;

-- --------------------------------------------------------

--
-- Table structure for table `payments`
--

CREATE TABLE `payments` (
  `id` bigint(20) UNSIGNED NOT NULL,
  `student_id` bigint(20) UNSIGNED NOT NULL,
  `term_id` bigint(20) UNSIGNED NOT NULL,
  `payment_reference` varchar(100) NOT NULL,
  `paystack_reference` varchar(100) DEFAULT NULL,
  `amount` decimal(12,2) NOT NULL,
  `payment_method` enum('Paystack','Cash','Bank Transfer','Cheque','POS') NOT NULL,
  `status` enum('Pending','Verified','Failed','Refunded') NOT NULL DEFAULT 'Pending',
  `paid_by_user_id` bigint(20) UNSIGNED DEFAULT NULL,
  `verified_by_user_id` bigint(20) UNSIGNED DEFAULT NULL,
  `receipt_number` varchar(50) DEFAULT NULL,
  `notes` text DEFAULT NULL,
  `paid_at` timestamp NULL DEFAULT NULL,
  `verified_at` timestamp NULL DEFAULT NULL,
  `created_at` timestamp NULL DEFAULT NULL,
  `updated_at` timestamp NULL DEFAULT NULL
) ENGINE=InnoDB DEFAULT CHARSET=utf8mb4 COLLATE=utf8mb4_unicode_ci;

--
-- Dumping data for table `payments`
--

INSERT INTO `payments` (`id`, `student_id`, `term_id`, `payment_reference`, `paystack_reference`, `amount`, `payment_method`, `status`, `paid_by_user_id`, `verified_by_user_id`, `receipt_number`, `notes`, `paid_at`, `verified_at`, `created_at`, `updated_at`) VALUES
(1, 1, 3, 'PAY-a50ca6ef-445b-4cef-9d7a-8bf8fe904eba', NULL, 112000.00, 'Paystack', 'Failed', 72, NULL, NULL, NULL, NULL, NULL, '2026-06-21 20:01:46', '2026-06-21 20:01:53');

-- --------------------------------------------------------

--
-- Table structure for table `payment_allocations`
--

CREATE TABLE `payment_allocations` (
  `id` bigint(20) UNSIGNED NOT NULL,
  `payment_id` bigint(20) UNSIGNED NOT NULL,
  `ledger_id` bigint(20) UNSIGNED NOT NULL,
  `amount_allocated` decimal(12,2) NOT NULL,
  `created_at` timestamp NULL DEFAULT NULL,
  `updated_at` timestamp NULL DEFAULT NULL
) ENGINE=InnoDB DEFAULT CHARSET=utf8mb4 COLLATE=utf8mb4_unicode_ci;

-- --------------------------------------------------------

--
-- Table structure for table `paystack_webhook_logs`
--

CREATE TABLE `paystack_webhook_logs` (
  `id` bigint(20) UNSIGNED NOT NULL,
  `event` varchar(50) NOT NULL,
  `reference` varchar(100) DEFAULT NULL,
  `payload` longtext CHARACTER SET utf8mb4 COLLATE utf8mb4_bin NOT NULL CHECK (json_valid(`payload`)),
  `signature` varchar(200) DEFAULT NULL,
  `ip_address` varchar(45) DEFAULT NULL,
  `processed` tinyint(1) NOT NULL DEFAULT 0,
  `processed_at` timestamp NULL DEFAULT NULL,
  `error` text DEFAULT NULL,
  `created_at` timestamp NULL DEFAULT NULL,
  `updated_at` timestamp NULL DEFAULT NULL
) ENGINE=InnoDB DEFAULT CHARSET=utf8mb4 COLLATE=utf8mb4_unicode_ci;

-- --------------------------------------------------------

--
-- Table structure for table `promotion_criterias`
--

CREATE TABLE `promotion_criterias` (
  `id` bigint(20) UNSIGNED NOT NULL,
  `class_level_id` bigint(20) UNSIGNED NOT NULL,
  `min_percentage` decimal(5,2) NOT NULL DEFAULT 40.00,
  `min_subjects_passed` tinyint(3) UNSIGNED NOT NULL DEFAULT 5,
  `min_ca` decimal(5,2) NOT NULL DEFAULT 0.00,
  `created_at` timestamp NULL DEFAULT NULL,
  `updated_at` timestamp NULL DEFAULT NULL
) ENGINE=InnoDB DEFAULT CHARSET=utf8mb4 COLLATE=utf8mb4_unicode_ci;

--
-- Dumping data for table `promotion_criterias`
--

INSERT INTO `promotion_criterias` (`id`, `class_level_id`, `min_percentage`, `min_subjects_passed`, `min_ca`, `created_at`, `updated_at`) VALUES
(1, 1, 40.00, 5, 0.00, '2026-04-24 19:03:07', '2026-04-24 19:03:07'),
(2, 2, 40.00, 5, 0.00, '2026-04-24 19:03:07', '2026-04-24 19:03:07'),
(3, 3, 45.00, 6, 0.00, '2026-04-24 19:03:07', '2026-04-24 19:03:07'),
(4, 4, 40.00, 5, 0.00, '2026-04-24 19:03:07', '2026-04-24 19:03:07'),
(5, 5, 45.00, 6, 0.00, '2026-04-24 19:03:07', '2026-04-24 19:03:07'),
(6, 6, 0.00, 0, 0.00, '2026-04-24 19:03:07', '2026-04-24 19:03:07');

-- --------------------------------------------------------

--
-- Table structure for table `promotion_records`
--

CREATE TABLE `promotion_records` (
  `id` bigint(20) UNSIGNED NOT NULL,
  `student_id` bigint(20) UNSIGNED NOT NULL,
  `session_id` bigint(20) UNSIGNED NOT NULL,
  `from_class_arm_id` bigint(20) UNSIGNED NOT NULL,
  `to_class_arm_id` bigint(20) UNSIGNED DEFAULT NULL,
  `promotion_status` enum('Promoted','Repeated','Graduated','Withdrawn') NOT NULL,
  `decision_type` enum('Auto','Manual Override') NOT NULL DEFAULT 'Auto',
  `decided_by` bigint(20) UNSIGNED DEFAULT NULL,
  `decision_reason` text DEFAULT NULL,
  `promoted_at` timestamp NULL DEFAULT NULL,
  `created_at` timestamp NULL DEFAULT NULL,
  `updated_at` timestamp NULL DEFAULT NULL
) ENGINE=InnoDB DEFAULT CHARSET=utf8mb4 COLLATE=utf8mb4_unicode_ci;

-- --------------------------------------------------------

--
-- Table structure for table `psychomotor_ratings`
--

CREATE TABLE `psychomotor_ratings` (
  `id` bigint(20) UNSIGNED NOT NULL,
  `student_id` bigint(20) UNSIGNED NOT NULL,
  `term_id` bigint(20) UNSIGNED NOT NULL,
  `domain` enum('Psychomotor','Affective') NOT NULL,
  `trait_name` varchar(100) NOT NULL,
  `rating` enum('5','4','3','2','1') NOT NULL,
  `rated_by` bigint(20) UNSIGNED DEFAULT NULL,
  `created_at` timestamp NULL DEFAULT NULL,
  `updated_at` timestamp NULL DEFAULT NULL
) ENGINE=InnoDB DEFAULT CHARSET=utf8mb4 COLLATE=utf8mb4_unicode_ci;

-- --------------------------------------------------------

--
-- Table structure for table `questions`
--

CREATE TABLE `questions` (
  `id` bigint(20) UNSIGNED NOT NULL,
  `subject_id` bigint(20) UNSIGNED NOT NULL,
  `class_level_id` bigint(20) UNSIGNED DEFAULT NULL,
  `created_by` bigint(20) UNSIGNED NOT NULL,
  `question_text` text NOT NULL,
  `option_a` text NOT NULL,
  `option_b` text NOT NULL,
  `option_c` text NOT NULL,
  `option_d` text NOT NULL,
  `correct_option` enum('A','B','C','D') NOT NULL,
  `explanation` text DEFAULT NULL,
  `difficulty` enum('Easy','Medium','Hard') NOT NULL DEFAULT 'Medium',
  `image_path` varchar(255) DEFAULT NULL,
  `is_active` tinyint(1) NOT NULL DEFAULT 1,
  `created_at` timestamp NULL DEFAULT NULL,
  `updated_at` timestamp NULL DEFAULT NULL
) ENGINE=InnoDB DEFAULT CHARSET=utf8mb4 COLLATE=utf8mb4_unicode_ci;

--
-- Dumping data for table `questions`
--

INSERT INTO `questions` (`id`, `subject_id`, `class_level_id`, `created_by`, `question_text`, `option_a`, `option_b`, `option_c`, `option_d`, `correct_option`, `explanation`, `difficulty`, `image_path`, `is_active`, `created_at`, `updated_at`) VALUES
(1, 2, 3, 1, 'kkkk', 'kk', 'frr', 'rr', 'rr', 'C', 'tttttttttttttttttttttt', 'Hard', NULL, 1, '2026-04-25 08:04:19', '2026-04-25 08:04:19'),
(2, 11, 2, 1, 'ekkek', 'kkek', 'e', 'e', 'e', 'A', NULL, 'Medium', NULL, 1, '2026-04-25 17:22:33', '2026-04-25 17:22:33'),
(3, 11, 2, 1, 'ekke', 'e', 'e', 'e', 'e', 'A', NULL, 'Medium', NULL, 1, '2026-04-25 17:22:33', '2026-04-25 17:22:33');

-- --------------------------------------------------------

--
-- Table structure for table `results`
--

CREATE TABLE `results` (
  `id` bigint(20) UNSIGNED NOT NULL,
  `student_id` bigint(20) UNSIGNED NOT NULL,
  `subject_id` bigint(20) UNSIGNED NOT NULL,
  `class_arm_id` bigint(20) UNSIGNED NOT NULL,
  `term_id` bigint(20) UNSIGNED NOT NULL,
  `ca_total` decimal(5,2) NOT NULL DEFAULT 0.00,
  `exam_score` decimal(5,2) NOT NULL DEFAULT 0.00,
  `total_score` decimal(5,2) NOT NULL DEFAULT 0.00,
  `class_average` decimal(5,2) DEFAULT NULL,
  `highest_score` decimal(5,2) DEFAULT NULL,
  `lowest_score` decimal(5,2) DEFAULT NULL,
  `grade` varchar(5) DEFAULT NULL,
  `grade_remark` varchar(50) DEFAULT NULL,
  `subject_position` smallint(5) UNSIGNED DEFAULT NULL,
  `teacher_remark` text DEFAULT NULL,
  `is_published` tinyint(1) NOT NULL DEFAULT 0,
  `created_at` timestamp NULL DEFAULT NULL,
  `updated_at` timestamp NULL DEFAULT NULL
) ENGINE=InnoDB DEFAULT CHARSET=utf8mb4 COLLATE=utf8mb4_unicode_ci;

--
-- Dumping data for table `results`
--

INSERT INTO `results` (`id`, `student_id`, `subject_id`, `class_arm_id`, `term_id`, `ca_total`, `exam_score`, `total_score`, `class_average`, `highest_score`, `lowest_score`, `grade`, `grade_remark`, `subject_position`, `teacher_remark`, `is_published`, `created_at`, `updated_at`) VALUES
(1, 1, 1, 1, 1, 21.20, 58.20, 79.40, 72.10, 87.10, 51.80, 'A1', 'Excellent', 3, NULL, 1, '2026-04-24 19:04:56', '2026-04-24 19:04:58'),
(2, 1, 2, 1, 1, 21.10, 34.30, 55.40, 63.10, 83.60, 49.80, 'C5', 'Credit', 4, NULL, 1, '2026-04-24 19:04:56', '2026-04-24 19:04:58'),
(3, 1, 8, 1, 1, 19.30, 36.90, 56.20, 71.50, 80.40, 56.20, 'C5', 'Credit', 5, NULL, 1, '2026-04-24 19:04:56', '2026-04-24 19:04:58'),
(4, 1, 9, 1, 1, 16.70, 45.20, 61.90, 70.10, 84.60, 60.40, 'C4', 'Credit', 4, NULL, 1, '2026-04-24 19:04:56', '2026-04-24 19:04:58'),
(5, 1, 10, 1, 1, 17.00, 32.30, 49.30, 66.60, 81.80, 49.30, 'D7', 'Pass', 5, NULL, 1, '2026-04-24 19:04:56', '2026-04-24 19:04:58'),
(6, 1, 11, 1, 1, 22.50, 49.30, 71.80, 67.90, 71.80, 64.40, 'B2', 'Very Good', 1, NULL, 1, '2026-04-24 19:04:56', '2026-04-24 19:04:58'),
(7, 1, 15, 1, 1, 20.30, 34.70, 55.00, 68.80, 82.40, 52.00, 'C5', 'Credit', 4, NULL, 1, '2026-04-24 19:04:56', '2026-04-24 19:04:58'),
(8, 1, 23, 1, 1, 19.00, 36.90, 55.90, 68.30, 81.60, 55.90, 'C5', 'Credit', 5, NULL, 1, '2026-04-24 19:04:56', '2026-04-24 19:04:58'),
(9, 1, 25, 1, 1, 22.00, 55.50, 77.50, 65.50, 85.00, 46.60, 'A1', 'Excellent', 2, NULL, 1, '2026-04-24 19:04:56', '2026-04-24 19:04:58'),
(10, 1, 28, 1, 1, 18.30, 35.70, 54.00, 60.60, 83.60, 49.50, 'C6', 'Credit', 3, NULL, 1, '2026-04-24 19:04:56', '2026-04-24 19:04:59'),
(11, 2, 1, 1, 1, 22.20, 64.90, 87.10, 72.10, 87.10, 51.80, 'A1', 'Excellent', 1, NULL, 1, '2026-04-24 19:04:56', '2026-04-24 19:04:58'),
(12, 2, 2, 1, 1, 20.40, 63.20, 83.60, 63.10, 83.60, 49.80, 'A1', 'Excellent', 1, NULL, 1, '2026-04-24 19:04:56', '2026-04-24 19:04:58'),
(13, 2, 8, 1, 1, 21.60, 54.80, 76.40, 71.50, 80.40, 56.20, 'A1', 'Excellent', 2, NULL, 1, '2026-04-24 19:04:56', '2026-04-24 19:04:58'),
(14, 2, 9, 1, 1, 18.30, 50.10, 68.40, 70.10, 84.60, 60.40, 'B3', 'Good', 3, NULL, 1, '2026-04-24 19:04:56', '2026-04-24 19:04:58'),
(15, 2, 10, 1, 1, 19.30, 62.50, 81.80, 66.60, 81.80, 49.30, 'A1', 'Excellent', 1, NULL, 1, '2026-04-24 19:04:56', '2026-04-24 19:04:58'),
(16, 2, 11, 1, 1, 25.50, 45.20, 70.70, 67.90, 71.80, 64.40, 'B2', 'Very Good', 2, NULL, 1, '2026-04-24 19:04:56', '2026-04-24 19:04:58'),
(17, 2, 15, 1, 1, 22.30, 29.70, 52.00, 68.80, 82.40, 52.00, 'C6', 'Credit', 5, NULL, 1, '2026-04-24 19:04:56', '2026-04-24 19:04:58'),
(18, 2, 23, 1, 1, 21.10, 49.70, 70.80, 68.30, 81.60, 55.90, 'B2', 'Very Good', 3, NULL, 1, '2026-04-24 19:04:56', '2026-04-24 19:04:58'),
(19, 2, 25, 1, 1, 17.30, 29.30, 46.60, 65.50, 85.00, 46.60, 'D7', 'Pass', 5, NULL, 1, '2026-04-24 19:04:56', '2026-04-24 19:04:58'),
(20, 2, 28, 1, 1, 19.30, 32.00, 51.30, 60.60, 83.60, 49.50, 'C6', 'Credit', 4, NULL, 1, '2026-04-24 19:04:56', '2026-04-24 19:04:59'),
(21, 3, 1, 1, 1, 23.40, 28.40, 51.80, 72.10, 87.10, 51.80, 'C6', 'Credit', 5, NULL, 1, '2026-04-24 19:04:56', '2026-04-24 19:04:58'),
(22, 3, 2, 1, 1, 20.00, 29.80, 49.80, 63.10, 83.60, 49.80, 'D7', 'Pass', 5, NULL, 1, '2026-04-24 19:04:56', '2026-04-24 19:04:58'),
(23, 3, 8, 1, 1, 26.50, 47.30, 73.80, 71.50, 80.40, 56.20, 'B2', 'Very Good', 3, NULL, 1, '2026-04-24 19:04:56', '2026-04-24 19:04:58'),
(24, 3, 9, 1, 1, 17.70, 42.70, 60.40, 70.10, 84.60, 60.40, 'C4', 'Credit', 5, NULL, 1, '2026-04-24 19:04:56', '2026-04-24 19:04:58'),
(25, 3, 10, 1, 1, 16.60, 61.50, 78.10, 66.60, 81.80, 49.30, 'A1', 'Excellent', 2, NULL, 1, '2026-04-24 19:04:56', '2026-04-24 19:04:58'),
(26, 3, 11, 1, 1, 17.70, 50.20, 67.90, 67.90, 71.80, 64.40, 'B3', 'Good', 3, NULL, 1, '2026-04-24 19:04:56', '2026-04-24 19:04:58'),
(27, 3, 15, 1, 1, 22.40, 60.00, 82.40, 68.80, 82.40, 52.00, 'A1', 'Excellent', 1, NULL, 1, '2026-04-24 19:04:56', '2026-04-24 19:04:58'),
(28, 3, 23, 1, 1, 24.20, 49.60, 73.80, 68.30, 81.60, 55.90, 'B2', 'Very Good', 2, NULL, 1, '2026-04-24 19:04:56', '2026-04-24 19:04:58'),
(29, 3, 25, 1, 1, 23.40, 61.60, 85.00, 65.50, 85.00, 46.60, 'A1', 'Excellent', 1, NULL, 1, '2026-04-24 19:04:56', '2026-04-24 19:04:58'),
(30, 3, 28, 1, 1, 20.60, 44.00, 64.60, 60.60, 83.60, 49.50, 'C4', 'Credit', 2, NULL, 1, '2026-04-24 19:04:56', '2026-04-24 19:04:59'),
(31, 4, 1, 1, 1, 21.20, 65.40, 86.60, 72.10, 87.10, 51.80, 'A1', 'Excellent', 2, NULL, 1, '2026-04-24 19:04:56', '2026-04-24 19:04:58'),
(32, 4, 2, 1, 1, 17.30, 40.40, 57.70, 63.10, 83.60, 49.80, 'C5', 'Credit', 3, NULL, 1, '2026-04-24 19:04:56', '2026-04-24 19:04:58'),
(33, 4, 8, 1, 1, 26.20, 54.20, 80.40, 71.50, 80.40, 56.20, 'A1', 'Excellent', 1, NULL, 1, '2026-04-24 19:04:57', '2026-04-24 19:04:58'),
(34, 4, 9, 1, 1, 17.60, 57.40, 75.00, 70.10, 84.60, 60.40, 'A1', 'Excellent', 2, NULL, 1, '2026-04-24 19:04:57', '2026-04-24 19:04:58'),
(35, 4, 10, 1, 1, 19.00, 45.70, 64.70, 66.60, 81.80, 49.30, 'C4', 'Credit', 3, NULL, 1, '2026-04-24 19:04:57', '2026-04-24 19:04:58'),
(36, 4, 11, 1, 1, 22.70, 41.90, 64.60, 67.90, 71.80, 64.40, 'C4', 'Credit', 4, NULL, 1, '2026-04-24 19:04:57', '2026-04-24 19:04:58'),
(37, 4, 15, 1, 1, 15.70, 65.00, 80.70, 68.80, 82.40, 52.00, 'A1', 'Excellent', 2, NULL, 1, '2026-04-24 19:04:57', '2026-04-24 19:04:58'),
(38, 4, 23, 1, 1, 17.90, 41.40, 59.30, 68.30, 81.60, 55.90, 'C5', 'Credit', 4, NULL, 1, '2026-04-24 19:04:57', '2026-04-24 19:04:58'),
(39, 4, 25, 1, 1, 22.20, 31.90, 54.10, 65.50, 85.00, 46.60, 'C6', 'Credit', 4, NULL, 1, '2026-04-24 19:04:57', '2026-04-24 19:04:58'),
(40, 4, 28, 1, 1, 20.20, 63.40, 83.60, 60.60, 83.60, 49.50, 'A1', 'Excellent', 1, NULL, 1, '2026-04-24 19:04:57', '2026-04-24 19:04:58'),
(41, 5, 1, 1, 1, 20.10, 35.30, 55.40, 72.10, 87.10, 51.80, 'C5', 'Credit', 4, NULL, 1, '2026-04-24 19:04:57', '2026-04-24 19:04:58'),
(42, 5, 2, 1, 1, 20.30, 48.60, 68.90, 63.10, 83.60, 49.80, 'B3', 'Good', 2, NULL, 1, '2026-04-24 19:04:57', '2026-04-24 19:04:58'),
(43, 5, 8, 1, 1, 21.40, 49.20, 70.60, 71.50, 80.40, 56.20, 'B2', 'Very Good', 4, NULL, 1, '2026-04-24 19:04:57', '2026-04-24 19:04:58'),
(44, 5, 9, 1, 1, 25.70, 58.90, 84.60, 70.10, 84.60, 60.40, 'A1', 'Excellent', 1, NULL, 1, '2026-04-24 19:04:57', '2026-04-24 19:04:58'),
(45, 5, 10, 1, 1, 18.30, 40.90, 59.20, 66.60, 81.80, 49.30, 'C5', 'Credit', 4, NULL, 1, '2026-04-24 19:04:57', '2026-04-24 19:04:58'),
(46, 5, 11, 1, 1, 18.80, 45.60, 64.40, 67.90, 71.80, 64.40, 'C4', 'Credit', 5, NULL, 1, '2026-04-24 19:04:57', '2026-04-24 19:04:58'),
(47, 5, 15, 1, 1, 22.10, 51.90, 74.00, 68.80, 82.40, 52.00, 'B2', 'Very Good', 3, NULL, 1, '2026-04-24 19:04:57', '2026-04-24 19:04:58'),
(48, 5, 23, 1, 1, 19.00, 62.60, 81.60, 68.30, 81.60, 55.90, 'A1', 'Excellent', 1, NULL, 1, '2026-04-24 19:04:57', '2026-04-24 19:04:58'),
(49, 5, 25, 1, 1, 18.20, 45.90, 64.10, 65.50, 85.00, 46.60, 'C4', 'Credit', 3, NULL, 1, '2026-04-24 19:04:57', '2026-04-24 19:04:58'),
(50, 5, 28, 1, 1, 18.00, 31.50, 49.50, 60.60, 83.60, 49.50, 'D7', 'Pass', 5, NULL, 1, '2026-04-24 19:04:57', '2026-04-24 19:04:59'),
(51, 6, 1, 2, 1, 17.40, 56.10, 73.50, 70.00, 78.10, 59.30, 'B2', 'Very Good', 2, NULL, 1, '2026-04-24 19:04:57', '2026-04-24 19:04:59'),
(52, 6, 2, 2, 1, 22.70, 34.80, 57.50, 57.20, 74.90, 49.50, 'C5', 'Credit', 2, NULL, 1, '2026-04-24 19:04:57', '2026-04-24 19:04:59'),
(53, 6, 8, 2, 1, 17.70, 48.60, 66.30, 69.10, 83.70, 56.00, 'B3', 'Good', 3, NULL, 1, '2026-04-24 19:04:57', '2026-04-24 19:04:59'),
(54, 6, 9, 2, 1, 24.70, 65.60, 90.30, 74.40, 90.30, 64.30, 'A1', 'Excellent', 1, NULL, 1, '2026-04-24 19:04:57', '2026-04-24 19:04:59'),
(55, 6, 10, 2, 1, 18.00, 63.80, 81.80, 66.50, 81.80, 48.20, 'A1', 'Excellent', 1, NULL, 1, '2026-04-24 19:04:57', '2026-04-24 19:04:59'),
(56, 6, 11, 2, 1, 18.10, 33.10, 51.20, 71.10, 84.70, 51.20, 'C6', 'Credit', 5, NULL, 1, '2026-04-24 19:04:57', '2026-04-24 19:04:59'),
(57, 6, 15, 2, 1, 16.70, 30.40, 47.10, 65.80, 84.30, 47.10, 'D7', 'Pass', 5, NULL, 1, '2026-04-24 19:04:57', '2026-04-24 19:04:59'),
(58, 6, 23, 2, 1, 17.80, 36.10, 53.90, 56.50, 75.40, 49.90, 'C6', 'Credit', 2, NULL, 1, '2026-04-24 19:04:57', '2026-04-24 19:04:59'),
(59, 6, 25, 2, 1, 19.00, 63.80, 82.80, 73.00, 84.50, 60.70, 'A1', 'Excellent', 2, NULL, 1, '2026-04-24 19:04:57', '2026-04-24 19:04:59'),
(60, 6, 28, 2, 1, 16.80, 40.20, 57.00, 67.20, 75.90, 57.00, 'C5', 'Credit', 5, NULL, 1, '2026-04-24 19:04:57', '2026-04-24 19:04:59'),
(61, 7, 1, 2, 1, 16.20, 43.10, 59.30, 70.00, 78.10, 59.30, 'C5', 'Credit', 5, NULL, 1, '2026-04-24 19:04:57', '2026-04-24 19:04:59'),
(62, 7, 2, 2, 1, 19.70, 29.80, 49.50, 57.20, 74.90, 49.50, 'D7', 'Pass', 5, NULL, 1, '2026-04-24 19:04:57', '2026-04-24 19:04:59'),
(63, 7, 8, 2, 1, 21.20, 34.80, 56.00, 69.10, 83.70, 56.00, 'C5', 'Credit', 5, NULL, 1, '2026-04-24 19:04:57', '2026-04-24 19:04:59'),
(64, 7, 9, 2, 1, 16.00, 48.30, 64.30, 74.40, 90.30, 64.30, 'C4', 'Credit', 5, NULL, 1, '2026-04-24 19:04:57', '2026-04-24 19:04:59'),
(65, 7, 10, 2, 1, 19.90, 28.30, 48.20, 66.50, 81.80, 48.20, 'D7', 'Pass', 5, NULL, 1, '2026-04-24 19:04:57', '2026-04-24 19:04:59'),
(66, 7, 11, 2, 1, 21.30, 55.20, 76.50, 71.10, 84.70, 51.20, 'A1', 'Excellent', 3, NULL, 1, '2026-04-24 19:04:57', '2026-04-24 19:04:59'),
(67, 7, 15, 2, 1, 20.30, 64.00, 84.30, 65.80, 84.30, 47.10, 'A1', 'Excellent', 1, NULL, 1, '2026-04-24 19:04:57', '2026-04-24 19:04:59'),
(68, 7, 23, 2, 1, 21.40, 30.80, 52.20, 56.50, 75.40, 49.90, 'C6', 'Credit', 3, NULL, 1, '2026-04-24 19:04:57', '2026-04-24 19:04:59'),
(69, 7, 25, 2, 1, 24.30, 47.20, 71.50, 73.00, 84.50, 60.70, 'B2', 'Very Good', 3, NULL, 1, '2026-04-24 19:04:57', '2026-04-24 19:04:59'),
(70, 7, 28, 2, 1, 22.70, 49.70, 72.40, 67.20, 75.90, 57.00, 'B2', 'Very Good', 2, NULL, 1, '2026-04-24 19:04:57', '2026-04-24 19:04:59'),
(71, 8, 1, 2, 1, 16.80, 52.20, 69.00, 70.00, 78.10, 59.30, 'B3', 'Good', 4, NULL, 1, '2026-04-24 19:04:57', '2026-04-24 19:04:59'),
(72, 8, 2, 2, 1, 22.80, 28.70, 51.50, 57.20, 74.90, 49.50, 'C6', 'Credit', 4, NULL, 1, '2026-04-24 19:04:57', '2026-04-24 19:04:59'),
(73, 8, 8, 2, 1, 19.90, 54.40, 74.30, 69.10, 83.70, 56.00, 'B2', 'Very Good', 2, NULL, 1, '2026-04-24 19:04:57', '2026-04-24 19:04:59'),
(74, 8, 9, 2, 1, 25.10, 42.20, 67.30, 74.40, 90.30, 64.30, 'B3', 'Good', 4, NULL, 1, '2026-04-24 19:04:57', '2026-04-24 19:04:59'),
(75, 8, 10, 2, 1, 21.30, 58.30, 79.60, 66.50, 81.80, 48.20, 'A1', 'Excellent', 2, NULL, 1, '2026-04-24 19:04:57', '2026-04-24 19:04:59'),
(76, 8, 11, 2, 1, 22.70, 39.00, 61.70, 71.10, 84.70, 51.20, 'C4', 'Credit', 4, NULL, 1, '2026-04-24 19:04:57', '2026-04-24 19:04:59'),
(77, 8, 15, 2, 1, 20.20, 55.90, 76.10, 65.80, 84.30, 47.10, 'A1', 'Excellent', 2, NULL, 1, '2026-04-24 19:04:57', '2026-04-24 19:04:59'),
(78, 8, 23, 2, 1, 13.90, 36.00, 49.90, 56.50, 75.40, 49.90, 'D7', 'Pass', 5, NULL, 1, '2026-04-24 19:04:57', '2026-04-24 19:04:59'),
(79, 8, 25, 2, 1, 19.10, 65.40, 84.50, 73.00, 84.50, 60.70, 'A1', 'Excellent', 1, NULL, 1, '2026-04-24 19:04:57', '2026-04-24 19:04:59'),
(80, 8, 28, 2, 1, 20.00, 47.30, 67.30, 67.20, 75.90, 57.00, 'B3', 'Good', 3, NULL, 1, '2026-04-24 19:04:57', '2026-04-24 19:04:59'),
(81, 9, 1, 2, 1, 19.70, 58.40, 78.10, 70.00, 78.10, 59.30, 'A1', 'Excellent', 1, NULL, 1, '2026-04-24 19:04:57', '2026-04-24 19:04:59'),
(82, 9, 2, 2, 1, 25.40, 49.50, 74.90, 57.20, 74.90, 49.50, 'B2', 'Very Good', 1, NULL, 1, '2026-04-24 19:04:57', '2026-04-24 19:04:59'),
(83, 9, 8, 2, 1, 22.00, 61.70, 83.70, 69.10, 83.70, 56.00, 'A1', 'Excellent', 1, NULL, 1, '2026-04-24 19:04:57', '2026-04-24 19:04:59'),
(84, 9, 9, 2, 1, 23.00, 48.40, 71.40, 74.40, 90.30, 64.30, 'B2', 'Very Good', 3, NULL, 1, '2026-04-24 19:04:57', '2026-04-24 19:04:59'),
(85, 9, 10, 2, 1, 17.60, 56.30, 73.90, 66.50, 81.80, 48.20, 'B2', 'Very Good', 3, NULL, 1, '2026-04-24 19:04:57', '2026-04-24 19:04:59'),
(86, 9, 11, 2, 1, 20.80, 63.90, 84.70, 71.10, 84.70, 51.20, 'A1', 'Excellent', 1, NULL, 1, '2026-04-24 19:04:57', '2026-04-24 19:04:59'),
(87, 9, 15, 2, 1, 19.80, 30.10, 49.90, 65.80, 84.30, 47.10, 'D7', 'Pass', 4, NULL, 1, '2026-04-24 19:04:57', '2026-04-24 19:04:59'),
(88, 9, 23, 2, 1, 22.30, 28.60, 50.90, 56.50, 75.40, 49.90, 'C6', 'Credit', 4, NULL, 1, '2026-04-24 19:04:57', '2026-04-24 19:04:59'),
(89, 9, 25, 2, 1, 20.40, 40.30, 60.70, 73.00, 84.50, 60.70, 'C4', 'Credit', 5, NULL, 1, '2026-04-24 19:04:57', '2026-04-24 19:04:59'),
(90, 9, 28, 2, 1, 21.30, 54.60, 75.90, 67.20, 75.90, 57.00, 'A1', 'Excellent', 1, NULL, 1, '2026-04-24 19:04:57', '2026-04-24 19:04:59'),
(91, 10, 1, 2, 1, 19.10, 51.10, 70.20, 70.00, 78.10, 59.30, 'B2', 'Very Good', 3, NULL, 1, '2026-04-24 19:04:57', '2026-04-24 19:04:59'),
(92, 10, 2, 2, 1, 21.10, 31.50, 52.60, 57.20, 74.90, 49.50, 'C6', 'Credit', 3, NULL, 1, '2026-04-24 19:04:57', '2026-04-24 19:04:59'),
(93, 10, 8, 2, 1, 15.40, 50.00, 65.40, 69.10, 83.70, 56.00, 'B3', 'Good', 4, NULL, 1, '2026-04-24 19:04:57', '2026-04-24 19:04:59'),
(94, 10, 9, 2, 1, 19.30, 59.20, 78.50, 74.40, 90.30, 64.30, 'A1', 'Excellent', 2, NULL, 1, '2026-04-24 19:04:57', '2026-04-24 19:04:59'),
(95, 10, 10, 2, 1, 18.00, 31.00, 49.00, 66.50, 81.80, 48.20, 'D7', 'Pass', 4, NULL, 1, '2026-04-24 19:04:57', '2026-04-24 19:04:59'),
(96, 10, 11, 2, 1, 22.70, 58.80, 81.50, 71.10, 84.70, 51.20, 'A1', 'Excellent', 2, NULL, 1, '2026-04-24 19:04:57', '2026-04-24 19:04:59'),
(97, 10, 15, 2, 1, 16.30, 55.10, 71.40, 65.80, 84.30, 47.10, 'B2', 'Very Good', 3, NULL, 1, '2026-04-24 19:04:57', '2026-04-24 19:04:59'),
(98, 10, 23, 2, 1, 19.20, 56.20, 75.40, 56.50, 75.40, 49.90, 'A1', 'Excellent', 1, NULL, 1, '2026-04-24 19:04:57', '2026-04-24 19:04:59'),
(99, 10, 25, 2, 1, 18.70, 47.00, 65.70, 73.00, 84.50, 60.70, 'B3', 'Good', 4, NULL, 1, '2026-04-24 19:04:57', '2026-04-24 19:04:59'),
(100, 10, 28, 2, 1, 19.00, 44.40, 63.40, 67.20, 75.90, 57.00, 'C4', 'Credit', 4, NULL, 1, '2026-04-24 19:04:57', '2026-04-24 19:04:59'),
(101, 11, 1, 3, 1, 21.90, 58.00, 79.90, 74.80, 86.70, 60.90, 'A1', 'Excellent', 3, NULL, 1, '2026-04-24 19:04:57', '2026-04-24 19:04:59'),
(102, 11, 2, 3, 1, 18.90, 45.60, 64.50, 71.80, 78.00, 64.50, 'C4', 'Credit', 5, NULL, 1, '2026-04-24 19:04:57', '2026-04-24 19:04:59'),
(103, 11, 8, 3, 1, 20.80, 47.40, 68.20, 71.20, 84.90, 61.10, 'B3', 'Good', 3, NULL, 1, '2026-04-24 19:04:57', '2026-04-24 19:04:59'),
(104, 11, 9, 3, 1, 17.20, 43.80, 61.00, 65.80, 74.90, 56.10, 'C4', 'Credit', 4, NULL, 1, '2026-04-24 19:04:57', '2026-04-24 19:04:59'),
(105, 11, 10, 3, 1, 22.70, 42.10, 64.80, 65.00, 77.40, 54.70, 'C4', 'Credit', 3, NULL, 1, '2026-04-24 19:04:57', '2026-04-24 19:04:59'),
(106, 11, 11, 3, 1, 19.20, 29.00, 48.20, 64.80, 80.60, 48.20, 'D7', 'Pass', 5, NULL, 1, '2026-04-24 19:04:57', '2026-04-24 19:04:59'),
(107, 11, 15, 3, 1, 21.20, 58.70, 79.90, 67.40, 79.90, 58.80, 'A1', 'Excellent', 1, NULL, 1, '2026-04-24 19:04:57', '2026-04-24 19:04:59'),
(108, 11, 23, 3, 1, 23.00, 40.30, 63.30, 70.80, 78.90, 63.30, 'C4', 'Credit', 5, NULL, 1, '2026-04-24 19:04:57', '2026-04-24 19:04:59'),
(109, 11, 25, 3, 1, 19.30, 35.10, 54.40, 64.40, 74.90, 54.40, 'C6', 'Credit', 5, NULL, 1, '2026-04-24 19:04:57', '2026-04-24 19:04:59'),
(110, 11, 28, 3, 1, 20.40, 32.60, 53.00, 60.10, 70.40, 53.00, 'C6', 'Credit', 5, NULL, 1, '2026-04-24 19:04:57', '2026-04-24 19:04:59'),
(111, 12, 1, 3, 1, 20.50, 64.60, 85.10, 74.80, 86.70, 60.90, 'A1', 'Excellent', 2, NULL, 1, '2026-04-24 19:04:57', '2026-04-24 19:04:59'),
(112, 12, 2, 3, 1, 24.30, 50.70, 75.00, 71.80, 78.00, 64.50, 'A1', 'Excellent', 2, NULL, 1, '2026-04-24 19:04:57', '2026-04-24 19:04:59'),
(113, 12, 8, 3, 1, 19.40, 56.10, 75.50, 71.20, 84.90, 61.10, 'A1', 'Excellent', 2, NULL, 1, '2026-04-24 19:04:57', '2026-04-24 19:04:59'),
(114, 12, 9, 3, 1, 17.80, 57.10, 74.90, 65.80, 74.90, 56.10, 'B2', 'Very Good', 1, NULL, 1, '2026-04-24 19:04:57', '2026-04-24 19:04:59'),
(115, 12, 10, 3, 1, 17.00, 37.70, 54.70, 65.00, 77.40, 54.70, 'C6', 'Credit', 5, NULL, 1, '2026-04-24 19:04:57', '2026-04-24 19:04:59'),
(116, 12, 11, 3, 1, 19.30, 41.00, 60.30, 64.80, 80.60, 48.20, 'C4', 'Credit', 4, NULL, 1, '2026-04-24 19:04:57', '2026-04-24 19:04:59'),
(117, 12, 15, 3, 1, 23.30, 35.50, 58.80, 67.40, 79.90, 58.80, 'C5', 'Credit', 5, NULL, 1, '2026-04-24 19:04:57', '2026-04-24 19:04:59'),
(118, 12, 23, 3, 1, 20.70, 57.50, 78.20, 70.80, 78.90, 63.30, 'A1', 'Excellent', 2, NULL, 1, '2026-04-24 19:04:57', '2026-04-24 19:04:59'),
(119, 12, 25, 3, 1, 19.70, 45.90, 65.60, 64.40, 74.90, 54.40, 'B3', 'Good', 3, NULL, 1, '2026-04-24 19:04:57', '2026-04-24 19:04:59'),
(120, 12, 28, 3, 1, 18.80, 36.60, 55.40, 60.10, 70.40, 53.00, 'C5', 'Credit', 4, NULL, 1, '2026-04-24 19:04:57', '2026-04-24 19:04:59'),
(121, 13, 1, 3, 1, 17.00, 44.30, 61.30, 74.80, 86.70, 60.90, 'C4', 'Credit', 4, NULL, 1, '2026-04-24 19:04:57', '2026-04-24 19:04:59'),
(122, 13, 2, 3, 1, 19.20, 52.10, 71.30, 71.80, 78.00, 64.50, 'B2', 'Very Good', 3, NULL, 1, '2026-04-24 19:04:57', '2026-04-24 19:04:59'),
(123, 13, 8, 3, 1, 22.40, 38.70, 61.10, 71.20, 84.90, 61.10, 'C4', 'Credit', 5, NULL, 1, '2026-04-24 19:04:57', '2026-04-24 19:04:59'),
(124, 13, 9, 3, 1, 15.30, 40.80, 56.10, 65.80, 74.90, 56.10, 'C5', 'Credit', 5, NULL, 1, '2026-04-24 19:04:57', '2026-04-24 19:04:59'),
(125, 13, 10, 3, 1, 15.90, 61.50, 77.40, 65.00, 77.40, 54.70, 'A1', 'Excellent', 1, NULL, 1, '2026-04-24 19:04:57', '2026-04-24 19:04:59'),
(126, 13, 11, 3, 1, 20.70, 59.90, 80.60, 64.80, 80.60, 48.20, 'A1', 'Excellent', 1, NULL, 1, '2026-04-24 19:04:57', '2026-04-24 19:04:59'),
(127, 13, 15, 3, 1, 16.80, 47.80, 64.60, 67.40, 79.90, 58.80, 'C4', 'Credit', 3, NULL, 1, '2026-04-24 19:04:57', '2026-04-24 19:04:59'),
(128, 13, 23, 3, 1, 20.10, 49.70, 69.80, 70.80, 78.90, 63.30, 'B3', 'Good', 3, NULL, 1, '2026-04-24 19:04:57', '2026-04-24 19:04:59'),
(129, 13, 25, 3, 1, 15.90, 39.30, 55.20, 64.40, 74.90, 54.40, 'C5', 'Credit', 4, NULL, 1, '2026-04-24 19:04:57', '2026-04-24 19:04:59'),
(130, 13, 28, 3, 1, 20.30, 42.10, 62.40, 60.10, 70.40, 53.00, 'C4', 'Credit', 2, NULL, 1, '2026-04-24 19:04:57', '2026-04-24 19:04:59'),
(131, 14, 1, 3, 1, 19.80, 41.10, 60.90, 74.80, 86.70, 60.90, 'C4', 'Credit', 5, NULL, 1, '2026-04-24 19:04:57', '2026-04-24 19:04:59'),
(132, 14, 2, 3, 1, 14.70, 55.40, 70.10, 71.80, 78.00, 64.50, 'B2', 'Very Good', 4, NULL, 1, '2026-04-24 19:04:57', '2026-04-24 19:04:59'),
(133, 14, 8, 3, 1, 21.70, 63.20, 84.90, 71.20, 84.90, 61.10, 'A1', 'Excellent', 1, NULL, 1, '2026-04-24 19:04:57', '2026-04-24 19:04:59'),
(134, 14, 9, 3, 1, 15.60, 49.60, 65.20, 65.80, 74.90, 56.10, 'B3', 'Good', 3, NULL, 1, '2026-04-24 19:04:57', '2026-04-24 19:04:59'),
(135, 14, 10, 3, 1, 20.00, 45.70, 65.70, 65.00, 77.40, 54.70, 'B3', 'Good', 2, NULL, 1, '2026-04-24 19:04:57', '2026-04-24 19:04:59'),
(136, 14, 11, 3, 1, 23.40, 49.40, 72.80, 64.80, 80.60, 48.20, 'B2', 'Very Good', 2, NULL, 1, '2026-04-24 19:04:57', '2026-04-24 19:04:59'),
(137, 14, 15, 3, 1, 16.90, 52.10, 69.00, 67.40, 79.90, 58.80, 'B3', 'Good', 2, NULL, 1, '2026-04-24 19:04:57', '2026-04-24 19:04:59'),
(138, 14, 23, 3, 1, 20.70, 58.20, 78.90, 70.80, 78.90, 63.30, 'A1', 'Excellent', 1, NULL, 1, '2026-04-24 19:04:57', '2026-04-24 19:04:59'),
(139, 14, 25, 3, 1, 20.90, 54.00, 74.90, 64.40, 74.90, 54.40, 'B2', 'Very Good', 1, NULL, 1, '2026-04-24 19:04:57', '2026-04-24 19:04:59'),
(140, 14, 28, 3, 1, 18.80, 51.60, 70.40, 60.10, 70.40, 53.00, 'B2', 'Very Good', 1, NULL, 1, '2026-04-24 19:04:57', '2026-04-24 19:04:59'),
(141, 15, 1, 3, 1, 21.00, 65.70, 86.70, 74.80, 86.70, 60.90, 'A1', 'Excellent', 1, NULL, 1, '2026-04-24 19:04:57', '2026-04-24 19:04:59'),
(142, 15, 2, 3, 1, 21.00, 57.00, 78.00, 71.80, 78.00, 64.50, 'A1', 'Excellent', 1, NULL, 1, '2026-04-24 19:04:57', '2026-04-24 19:04:59'),
(143, 15, 8, 3, 1, 18.40, 48.00, 66.40, 71.20, 84.90, 61.10, 'B3', 'Good', 4, NULL, 1, '2026-04-24 19:04:57', '2026-04-24 19:04:59'),
(144, 15, 9, 3, 1, 21.90, 50.10, 72.00, 65.80, 74.90, 56.10, 'B2', 'Very Good', 2, NULL, 1, '2026-04-24 19:04:57', '2026-04-24 19:04:59'),
(145, 15, 10, 3, 1, 22.30, 39.90, 62.20, 65.00, 77.40, 54.70, 'C4', 'Credit', 4, NULL, 1, '2026-04-24 19:04:57', '2026-04-24 19:04:59'),
(146, 15, 11, 3, 1, 23.20, 38.80, 62.00, 64.80, 80.60, 48.20, 'C4', 'Credit', 3, NULL, 1, '2026-04-24 19:04:57', '2026-04-24 19:04:59'),
(147, 15, 15, 3, 1, 18.70, 45.80, 64.50, 67.40, 79.90, 58.80, 'C4', 'Credit', 4, NULL, 1, '2026-04-24 19:04:57', '2026-04-24 19:04:59'),
(148, 15, 23, 3, 1, 20.10, 43.50, 63.60, 70.80, 78.90, 63.30, 'C4', 'Credit', 4, NULL, 1, '2026-04-24 19:04:57', '2026-04-24 19:04:59'),
(149, 15, 25, 3, 1, 21.60, 50.20, 71.80, 64.40, 74.90, 54.40, 'B2', 'Very Good', 2, NULL, 1, '2026-04-24 19:04:57', '2026-04-24 19:04:59'),
(150, 15, 28, 3, 1, 18.40, 40.80, 59.20, 60.10, 70.40, 53.00, 'C5', 'Credit', 3, NULL, 1, '2026-04-24 19:04:57', '2026-04-24 19:04:59'),
(151, 16, 1, 4, 1, 23.20, 40.90, 64.10, 64.40, 71.90, 48.80, 'C4', 'Credit', 4, NULL, 1, '2026-04-24 19:04:57', '2026-04-24 19:04:59'),
(152, 16, 2, 4, 1, 20.30, 53.20, 73.50, 68.80, 77.20, 59.70, 'B2', 'Very Good', 2, NULL, 1, '2026-04-24 19:04:57', '2026-04-24 19:04:59'),
(153, 16, 8, 4, 1, 24.30, 35.40, 59.70, 64.90, 74.40, 51.40, 'C5', 'Credit', 4, NULL, 1, '2026-04-24 19:04:57', '2026-04-24 19:04:59'),
(154, 16, 9, 4, 1, 20.40, 60.80, 81.20, 70.80, 87.40, 50.40, 'A1', 'Excellent', 2, NULL, 1, '2026-04-24 19:04:57', '2026-04-24 19:04:59'),
(155, 16, 10, 4, 1, 21.50, 37.40, 58.90, 68.10, 78.70, 58.90, 'C5', 'Credit', 5, NULL, 1, '2026-04-24 19:04:57', '2026-04-24 19:04:59'),
(156, 16, 11, 4, 1, 19.70, 52.20, 71.90, 75.00, 81.90, 63.60, 'B2', 'Very Good', 4, NULL, 1, '2026-04-24 19:04:57', '2026-04-24 19:04:59'),
(157, 16, 15, 4, 1, 23.30, 45.00, 68.30, 65.20, 71.30, 59.40, 'B3', 'Good', 2, NULL, 1, '2026-04-24 19:04:57', '2026-04-24 19:04:59'),
(158, 16, 23, 4, 1, 22.00, 39.80, 61.80, 67.60, 78.70, 53.90, 'C4', 'Credit', 4, NULL, 1, '2026-04-24 19:04:57', '2026-04-24 19:04:59'),
(159, 16, 25, 4, 1, 24.50, 32.50, 57.00, 59.70, 74.30, 47.30, 'C5', 'Credit', 3, NULL, 1, '2026-04-24 19:04:57', '2026-04-24 19:04:59'),
(160, 16, 28, 4, 1, 19.40, 46.20, 65.60, 70.50, 82.20, 54.80, 'B3', 'Good', 4, NULL, 1, '2026-04-24 19:04:57', '2026-04-24 19:04:59'),
(161, 17, 1, 4, 1, 19.60, 47.40, 67.00, 64.40, 71.90, 48.80, 'B3', 'Good', 3, NULL, 1, '2026-04-24 19:04:57', '2026-04-24 19:04:59'),
(162, 17, 2, 4, 1, 19.10, 52.80, 71.90, 68.80, 77.20, 59.70, 'B2', 'Very Good', 3, NULL, 1, '2026-04-24 19:04:57', '2026-04-24 19:04:59'),
(163, 17, 8, 4, 1, 19.90, 31.50, 51.40, 64.90, 74.40, 51.40, 'C6', 'Credit', 5, NULL, 1, '2026-04-24 19:04:57', '2026-04-24 19:04:59'),
(164, 17, 9, 4, 1, 19.00, 39.90, 58.90, 70.80, 87.40, 50.40, 'C5', 'Credit', 4, NULL, 1, '2026-04-24 19:04:57', '2026-04-24 19:04:59'),
(165, 17, 10, 4, 1, 14.70, 60.00, 74.70, 68.10, 78.70, 58.90, 'B2', 'Very Good', 2, NULL, 1, '2026-04-24 19:04:57', '2026-04-24 19:04:59'),
(166, 17, 11, 4, 1, 17.30, 60.30, 77.60, 75.00, 81.90, 63.60, 'A1', 'Excellent', 3, NULL, 1, '2026-04-24 19:04:57', '2026-04-24 19:04:59'),
(167, 17, 15, 4, 1, 17.20, 42.20, 59.40, 65.20, 71.30, 59.40, 'C5', 'Credit', 5, NULL, 1, '2026-04-24 19:04:57', '2026-04-24 19:04:59'),
(168, 17, 23, 4, 1, 20.80, 48.30, 69.10, 67.60, 78.70, 53.90, 'B3', 'Good', 3, NULL, 1, '2026-04-24 19:04:57', '2026-04-24 19:04:59'),
(169, 17, 25, 4, 1, 16.90, 48.20, 65.10, 59.70, 74.30, 47.30, 'B3', 'Good', 2, NULL, 1, '2026-04-24 19:04:57', '2026-04-24 19:04:59'),
(170, 17, 28, 4, 1, 18.10, 54.60, 72.70, 70.50, 82.20, 54.80, 'B2', 'Very Good', 3, NULL, 1, '2026-04-24 19:04:57', '2026-04-24 19:04:59'),
(171, 18, 1, 4, 1, 18.30, 30.50, 48.80, 64.40, 71.90, 48.80, 'D7', 'Pass', 5, NULL, 1, '2026-04-24 19:04:57', '2026-04-24 19:04:59'),
(172, 18, 2, 4, 1, 17.60, 59.60, 77.20, 68.80, 77.20, 59.70, 'A1', 'Excellent', 1, NULL, 1, '2026-04-24 19:04:57', '2026-04-24 19:04:59'),
(173, 18, 8, 4, 1, 20.20, 46.00, 66.20, 64.90, 74.40, 51.40, 'B3', 'Good', 3, NULL, 1, '2026-04-24 19:04:57', '2026-04-24 19:04:59'),
(174, 18, 9, 4, 1, 21.40, 66.00, 87.40, 70.80, 87.40, 50.40, 'A1', 'Excellent', 1, NULL, 1, '2026-04-24 19:04:57', '2026-04-24 19:04:59'),
(175, 18, 10, 4, 1, 18.80, 41.10, 59.90, 68.10, 78.70, 58.90, 'C5', 'Credit', 4, NULL, 1, '2026-04-24 19:04:57', '2026-04-24 19:04:59'),
(176, 18, 11, 4, 1, 16.40, 65.50, 81.90, 75.00, 81.90, 63.60, 'A1', 'Excellent', 1, NULL, 1, '2026-04-24 19:04:57', '2026-04-24 19:04:59'),
(177, 18, 15, 4, 1, 16.00, 46.70, 62.70, 65.20, 71.30, 59.40, 'C4', 'Credit', 4, NULL, 1, '2026-04-24 19:04:57', '2026-04-24 19:04:59'),
(178, 18, 23, 4, 1, 16.20, 62.50, 78.70, 67.60, 78.70, 53.90, 'A1', 'Excellent', 1, NULL, 1, '2026-04-24 19:04:57', '2026-04-24 19:04:59'),
(179, 18, 25, 4, 1, 18.40, 55.90, 74.30, 59.70, 74.30, 47.30, 'B2', 'Very Good', 1, NULL, 1, '2026-04-24 19:04:57', '2026-04-24 19:04:59'),
(180, 18, 28, 4, 1, 19.50, 57.90, 77.40, 70.50, 82.20, 54.80, 'A1', 'Excellent', 2, NULL, 1, '2026-04-24 19:04:57', '2026-04-24 19:04:59'),
(181, 19, 1, 4, 1, 14.50, 55.70, 70.20, 64.40, 71.90, 48.80, 'B2', 'Very Good', 2, NULL, 1, '2026-04-24 19:04:57', '2026-04-24 19:04:59'),
(182, 19, 2, 4, 1, 19.40, 40.30, 59.70, 68.80, 77.20, 59.70, 'C5', 'Credit', 5, NULL, 1, '2026-04-24 19:04:57', '2026-04-24 19:04:59'),
(183, 19, 8, 4, 1, 19.00, 55.40, 74.40, 64.90, 74.40, 51.40, 'B2', 'Very Good', 1, NULL, 1, '2026-04-24 19:04:57', '2026-04-24 19:04:59'),
(184, 19, 9, 4, 1, 21.70, 28.70, 50.40, 70.80, 87.40, 50.40, 'C6', 'Credit', 5, NULL, 1, '2026-04-24 19:04:57', '2026-04-24 19:04:59'),
(185, 19, 10, 4, 1, 16.10, 52.40, 68.50, 68.10, 78.70, 58.90, 'B3', 'Good', 3, NULL, 1, '2026-04-24 19:04:57', '2026-04-24 19:04:59'),
(186, 19, 11, 4, 1, 20.00, 43.60, 63.60, 75.00, 81.90, 63.60, 'C4', 'Credit', 5, NULL, 1, '2026-04-24 19:04:57', '2026-04-24 19:04:59'),
(187, 19, 15, 4, 1, 23.50, 47.80, 71.30, 65.20, 71.30, 59.40, 'B2', 'Very Good', 1, NULL, 1, '2026-04-24 19:04:57', '2026-04-24 19:04:59'),
(188, 19, 23, 4, 1, 22.00, 31.90, 53.90, 67.60, 78.70, 53.90, 'C6', 'Credit', 5, NULL, 1, '2026-04-24 19:04:57', '2026-04-24 19:04:59'),
(189, 19, 25, 4, 1, 17.70, 37.20, 54.90, 59.70, 74.30, 47.30, 'C6', 'Credit', 4, NULL, 1, '2026-04-24 19:04:57', '2026-04-24 19:04:59'),
(190, 19, 28, 4, 1, 17.70, 37.10, 54.80, 70.50, 82.20, 54.80, 'C6', 'Credit', 5, NULL, 1, '2026-04-24 19:04:57', '2026-04-24 19:04:59'),
(191, 20, 1, 4, 1, 19.80, 52.10, 71.90, 64.40, 71.90, 48.80, 'B2', 'Very Good', 1, NULL, 1, '2026-04-24 19:04:57', '2026-04-24 19:04:59'),
(192, 20, 2, 4, 1, 14.20, 47.40, 61.60, 68.80, 77.20, 59.70, 'C4', 'Credit', 4, NULL, 1, '2026-04-24 19:04:57', '2026-04-24 19:04:59'),
(193, 20, 8, 4, 1, 20.20, 52.70, 72.90, 64.90, 74.40, 51.40, 'B2', 'Very Good', 2, NULL, 1, '2026-04-24 19:04:57', '2026-04-24 19:04:59'),
(194, 20, 9, 4, 1, 20.30, 55.60, 75.90, 70.80, 87.40, 50.40, 'A1', 'Excellent', 3, NULL, 1, '2026-04-24 19:04:57', '2026-04-24 19:04:59'),
(195, 20, 10, 4, 1, 20.90, 57.80, 78.70, 68.10, 78.70, 58.90, 'A1', 'Excellent', 1, NULL, 1, '2026-04-24 19:04:57', '2026-04-24 19:04:59'),
(196, 20, 11, 4, 1, 20.80, 59.30, 80.10, 75.00, 81.90, 63.60, 'A1', 'Excellent', 2, NULL, 1, '2026-04-24 19:04:57', '2026-04-24 19:04:59'),
(197, 20, 15, 4, 1, 23.00, 41.20, 64.20, 65.20, 71.30, 59.40, 'C4', 'Credit', 3, NULL, 1, '2026-04-24 19:04:57', '2026-04-24 19:04:59'),
(198, 20, 23, 4, 1, 17.10, 57.30, 74.40, 67.60, 78.70, 53.90, 'B2', 'Very Good', 2, NULL, 1, '2026-04-24 19:04:57', '2026-04-24 19:04:59'),
(199, 20, 25, 4, 1, 18.70, 28.60, 47.30, 59.70, 74.30, 47.30, 'D7', 'Pass', 5, NULL, 1, '2026-04-24 19:04:57', '2026-04-24 19:04:59'),
(200, 20, 28, 4, 1, 20.50, 61.70, 82.20, 70.50, 82.20, 54.80, 'A1', 'Excellent', 1, NULL, 1, '2026-04-24 19:04:57', '2026-04-24 19:04:59'),
(201, 21, 1, 5, 1, 16.10, 30.80, 46.90, 61.30, 82.90, 46.90, 'D7', 'Pass', 5, NULL, 1, '2026-04-24 19:04:57', '2026-04-24 19:04:59'),
(202, 21, 2, 5, 1, 18.40, 57.10, 75.50, 70.50, 77.00, 55.80, 'A1', 'Excellent', 2, NULL, 1, '2026-04-24 19:04:57', '2026-04-24 19:04:59'),
(203, 21, 8, 5, 1, 19.70, 61.40, 81.10, 69.60, 81.10, 60.20, 'A1', 'Excellent', 1, NULL, 1, '2026-04-24 19:04:57', '2026-04-24 19:04:59'),
(204, 21, 9, 5, 1, 17.50, 63.20, 80.70, 71.80, 85.60, 57.40, 'A1', 'Excellent', 2, NULL, 1, '2026-04-24 19:04:57', '2026-04-24 19:04:59'),
(205, 21, 10, 5, 1, 15.40, 35.40, 50.80, 62.10, 66.60, 50.80, 'C6', 'Credit', 5, NULL, 1, '2026-04-24 19:04:57', '2026-04-24 19:04:59'),
(206, 21, 11, 5, 1, 19.40, 37.10, 56.50, 61.80, 80.40, 45.80, 'C5', 'Credit', 3, NULL, 1, '2026-04-24 19:04:57', '2026-04-24 19:04:59'),
(207, 21, 15, 5, 1, 19.70, 55.80, 75.50, 66.10, 75.50, 49.90, 'A1', 'Excellent', 1, NULL, 1, '2026-04-24 19:04:57', '2026-04-24 19:04:59'),
(208, 21, 23, 5, 1, 16.90, 56.10, 73.00, 68.40, 78.80, 54.70, 'B2', 'Very Good', 3, NULL, 1, '2026-04-24 19:04:57', '2026-04-24 19:04:59'),
(209, 21, 25, 5, 1, 23.00, 62.40, 85.40, 66.20, 85.40, 51.80, 'A1', 'Excellent', 1, NULL, 1, '2026-04-24 19:04:57', '2026-04-24 19:04:59'),
(210, 21, 28, 5, 1, 21.00, 35.00, 56.00, 63.60, 69.80, 53.60, 'C5', 'Credit', 4, NULL, 1, '2026-04-24 19:04:57', '2026-04-24 19:04:59'),
(211, 22, 1, 5, 1, 20.70, 62.20, 82.90, 61.30, 82.90, 46.90, 'A1', 'Excellent', 1, NULL, 1, '2026-04-24 19:04:57', '2026-04-24 19:04:59'),
(212, 22, 2, 5, 1, 23.70, 51.30, 75.00, 70.50, 77.00, 55.80, 'A1', 'Excellent', 3, NULL, 1, '2026-04-24 19:04:57', '2026-04-24 19:04:59'),
(213, 22, 8, 5, 1, 19.80, 54.60, 74.40, 69.60, 81.10, 60.20, 'B2', 'Very Good', 2, NULL, 1, '2026-04-24 19:04:57', '2026-04-24 19:04:59'),
(214, 22, 9, 5, 1, 23.70, 61.90, 85.60, 71.80, 85.60, 57.40, 'A1', 'Excellent', 1, NULL, 1, '2026-04-24 19:04:57', '2026-04-24 19:04:59'),
(215, 22, 10, 5, 1, 20.60, 45.10, 65.70, 62.10, 66.60, 50.80, 'B3', 'Good', 3, NULL, 1, '2026-04-24 19:04:57', '2026-04-24 19:04:59'),
(216, 22, 11, 5, 1, 19.90, 60.50, 80.40, 61.80, 80.40, 45.80, 'A1', 'Excellent', 1, NULL, 1, '2026-04-24 19:04:57', '2026-04-24 19:04:59'),
(217, 22, 15, 5, 1, 20.40, 41.70, 62.10, 66.10, 75.50, 49.90, 'C4', 'Credit', 4, NULL, 1, '2026-04-24 19:04:57', '2026-04-24 19:04:59'),
(218, 22, 23, 5, 1, 20.50, 58.30, 78.80, 68.40, 78.80, 54.70, 'A1', 'Excellent', 1, NULL, 1, '2026-04-24 19:04:57', '2026-04-24 19:04:59'),
(219, 22, 25, 5, 1, 22.10, 40.00, 62.10, 66.20, 85.40, 51.80, 'C4', 'Credit', 3, NULL, 1, '2026-04-24 19:04:57', '2026-04-24 19:04:59'),
(220, 22, 28, 5, 1, 22.70, 46.10, 68.80, 63.60, 69.80, 53.60, 'B3', 'Good', 3, NULL, 1, '2026-04-24 19:04:57', '2026-04-24 19:04:59'),
(221, 23, 1, 5, 1, 17.40, 32.40, 49.80, 61.30, 82.90, 46.90, 'D7', 'Pass', 3, NULL, 1, '2026-04-24 19:04:57', '2026-04-24 19:04:59'),
(222, 23, 2, 5, 1, 19.50, 49.90, 69.40, 70.50, 77.00, 55.80, 'B3', 'Good', 4, NULL, 1, '2026-04-24 19:04:57', '2026-04-24 19:04:59'),
(223, 23, 8, 5, 1, 19.30, 45.10, 64.40, 69.60, 81.10, 60.20, 'C4', 'Credit', 4, NULL, 1, '2026-04-24 19:04:57', '2026-04-24 19:04:59'),
(224, 23, 9, 5, 1, 17.40, 44.60, 62.00, 71.80, 85.60, 57.40, 'C4', 'Credit', 4, NULL, 1, '2026-04-24 19:04:57', '2026-04-24 19:04:59'),
(225, 23, 10, 5, 1, 24.40, 41.90, 66.30, 62.10, 66.60, 50.80, 'B3', 'Good', 2, NULL, 1, '2026-04-24 19:04:57', '2026-04-24 19:04:59'),
(226, 23, 11, 5, 1, 17.80, 56.10, 73.90, 61.80, 80.40, 45.80, 'B2', 'Very Good', 2, NULL, 1, '2026-04-24 19:04:57', '2026-04-24 19:04:59'),
(227, 23, 15, 5, 1, 21.60, 49.50, 71.10, 66.10, 75.50, 49.90, 'B2', 'Very Good', 3, NULL, 1, '2026-04-24 19:04:57', '2026-04-24 19:04:59'),
(228, 23, 23, 5, 1, 23.70, 37.40, 61.10, 68.40, 78.80, 54.70, 'C4', 'Credit', 4, NULL, 1, '2026-04-24 19:04:57', '2026-04-24 19:04:59'),
(229, 23, 25, 5, 1, 21.00, 30.80, 51.80, 66.20, 85.40, 51.80, 'C6', 'Credit', 5, NULL, 1, '2026-04-24 19:04:57', '2026-04-24 19:04:59'),
(230, 23, 28, 5, 1, 16.50, 53.20, 69.70, 63.60, 69.80, 53.60, 'B3', 'Good', 2, NULL, 1, '2026-04-24 19:04:57', '2026-04-24 19:04:59'),
(231, 24, 1, 5, 1, 17.90, 31.00, 48.90, 61.30, 82.90, 46.90, 'D7', 'Pass', 4, NULL, 1, '2026-04-24 19:04:57', '2026-04-24 19:04:59'),
(232, 24, 2, 5, 1, 22.90, 32.90, 55.80, 70.50, 77.00, 55.80, 'C5', 'Credit', 5, NULL, 1, '2026-04-24 19:04:57', '2026-04-24 19:04:59'),
(233, 24, 8, 5, 1, 21.40, 38.80, 60.20, 69.60, 81.10, 60.20, 'C4', 'Credit', 5, NULL, 1, '2026-04-24 19:04:57', '2026-04-24 19:04:59'),
(234, 24, 9, 5, 1, 21.50, 51.80, 73.30, 71.80, 85.60, 57.40, 'B2', 'Very Good', 3, NULL, 1, '2026-04-24 19:04:57', '2026-04-24 19:04:59'),
(235, 24, 10, 5, 1, 24.90, 36.00, 60.90, 62.10, 66.60, 50.80, 'C4', 'Credit', 4, NULL, 1, '2026-04-24 19:04:57', '2026-04-24 19:04:59'),
(236, 24, 11, 5, 1, 16.30, 29.50, 45.80, 61.80, 80.40, 45.80, 'D7', 'Pass', 5, NULL, 1, '2026-04-24 19:04:57', '2026-04-24 19:04:59'),
(237, 24, 15, 5, 1, 15.80, 56.00, 71.80, 66.10, 75.50, 49.90, 'B2', 'Very Good', 2, NULL, 1, '2026-04-24 19:04:57', '2026-04-24 19:04:59'),
(238, 24, 23, 5, 1, 21.20, 53.30, 74.50, 68.40, 78.80, 54.70, 'B2', 'Very Good', 2, NULL, 1, '2026-04-24 19:04:57', '2026-04-24 19:04:59'),
(239, 24, 25, 5, 1, 21.20, 36.40, 57.60, 66.20, 85.40, 51.80, 'C5', 'Credit', 4, NULL, 1, '2026-04-24 19:04:57', '2026-04-24 19:04:59'),
(240, 24, 28, 5, 1, 17.90, 51.90, 69.80, 63.60, 69.80, 53.60, 'B3', 'Good', 1, NULL, 1, '2026-04-24 19:04:57', '2026-04-24 19:04:59'),
(241, 25, 1, 5, 1, 16.70, 61.20, 77.90, 61.30, 82.90, 46.90, 'A1', 'Excellent', 2, NULL, 1, '2026-04-24 19:04:57', '2026-04-24 19:04:59'),
(242, 25, 2, 5, 1, 19.20, 57.80, 77.00, 70.50, 77.00, 55.80, 'A1', 'Excellent', 1, NULL, 1, '2026-04-24 19:04:57', '2026-04-24 19:04:59'),
(243, 25, 8, 5, 1, 18.10, 49.90, 68.00, 69.60, 81.10, 60.20, 'B3', 'Good', 3, NULL, 1, '2026-04-24 19:04:57', '2026-04-24 19:04:59'),
(244, 25, 9, 5, 1, 17.10, 40.30, 57.40, 71.80, 85.60, 57.40, 'C5', 'Credit', 5, NULL, 1, '2026-04-24 19:04:57', '2026-04-24 19:04:59'),
(245, 25, 10, 5, 1, 20.80, 45.80, 66.60, 62.10, 66.60, 50.80, 'B3', 'Good', 1, NULL, 1, '2026-04-24 19:04:57', '2026-04-24 19:04:59'),
(246, 25, 11, 5, 1, 17.20, 35.00, 52.20, 61.80, 80.40, 45.80, 'C6', 'Credit', 4, NULL, 1, '2026-04-24 19:04:57', '2026-04-24 19:04:59'),
(247, 25, 15, 5, 1, 19.50, 30.40, 49.90, 66.10, 75.50, 49.90, 'D7', 'Pass', 5, NULL, 1, '2026-04-24 19:04:57', '2026-04-24 19:04:59'),
(248, 25, 23, 5, 1, 23.00, 31.70, 54.70, 68.40, 78.80, 54.70, 'C6', 'Credit', 5, NULL, 1, '2026-04-24 19:04:57', '2026-04-24 19:04:59'),
(249, 25, 25, 5, 1, 23.00, 51.10, 74.10, 66.20, 85.40, 51.80, 'B2', 'Very Good', 2, NULL, 1, '2026-04-24 19:04:57', '2026-04-24 19:04:59'),
(250, 25, 28, 5, 1, 16.10, 37.50, 53.60, 63.60, 69.80, 53.60, 'C6', 'Credit', 5, NULL, 1, '2026-04-24 19:04:57', '2026-04-24 19:04:59'),
(251, 26, 1, 6, 1, 22.40, 52.90, 75.30, 71.10, 85.40, 55.60, 'A1', 'Excellent', 3, NULL, 1, '2026-04-24 19:04:57', '2026-04-24 19:04:59'),
(252, 26, 2, 6, 1, 18.30, 63.10, 81.40, 61.10, 81.40, 50.10, 'A1', 'Excellent', 1, NULL, 1, '2026-04-24 19:04:57', '2026-04-24 19:04:59'),
(253, 26, 8, 6, 1, 19.80, 56.70, 76.50, 67.80, 82.20, 57.30, 'A1', 'Excellent', 2, NULL, 1, '2026-04-24 19:04:57', '2026-04-24 19:04:59'),
(254, 26, 9, 6, 1, 21.50, 62.60, 84.10, 72.70, 84.10, 58.50, 'A1', 'Excellent', 1, NULL, 1, '2026-04-24 19:04:57', '2026-04-24 19:04:59'),
(255, 26, 10, 6, 1, 18.40, 28.40, 46.80, 63.70, 78.50, 46.80, 'D7', 'Pass', 5, NULL, 1, '2026-04-24 19:04:57', '2026-04-24 19:04:59'),
(256, 26, 11, 6, 1, 18.40, 50.40, 68.80, 60.80, 75.30, 49.40, 'B3', 'Good', 2, NULL, 1, '2026-04-24 19:04:57', '2026-04-24 19:04:59'),
(257, 26, 15, 6, 1, 18.90, 35.80, 54.70, 67.90, 80.20, 54.70, 'C6', 'Credit', 5, NULL, 1, '2026-04-24 19:04:57', '2026-04-24 19:04:59'),
(258, 26, 23, 6, 1, 19.20, 47.60, 66.80, 68.40, 84.10, 49.30, 'B3', 'Good', 3, NULL, 1, '2026-04-24 19:04:57', '2026-04-24 19:04:59'),
(259, 26, 25, 6, 1, 15.50, 53.30, 68.80, 65.40, 83.20, 46.90, 'B3', 'Good', 3, NULL, 1, '2026-04-24 19:04:57', '2026-04-24 19:04:59'),
(260, 26, 28, 6, 1, 19.40, 34.70, 54.10, 62.80, 82.00, 54.10, 'C6', 'Credit', 5, NULL, 1, '2026-04-24 19:04:57', '2026-04-24 19:04:59'),
(261, 27, 1, 6, 1, 18.10, 37.50, 55.60, 71.10, 85.40, 55.60, 'C5', 'Credit', 5, NULL, 1, '2026-04-24 19:04:57', '2026-04-24 19:04:59'),
(262, 27, 2, 6, 1, 17.40, 40.40, 57.80, 61.10, 81.40, 50.10, 'C5', 'Credit', 3, NULL, 1, '2026-04-24 19:04:57', '2026-04-24 19:04:59'),
(263, 27, 8, 6, 1, 20.00, 43.10, 63.10, 67.80, 82.20, 57.30, 'C4', 'Credit', 3, NULL, 1, '2026-04-24 19:04:57', '2026-04-24 19:04:59'),
(264, 27, 9, 6, 1, 17.20, 57.70, 74.90, 72.70, 84.10, 58.50, 'B2', 'Very Good', 2, NULL, 1, '2026-04-24 19:04:57', '2026-04-24 19:04:59'),
(265, 27, 10, 6, 1, 21.00, 57.50, 78.50, 63.70, 78.50, 46.80, 'A1', 'Excellent', 1, NULL, 1, '2026-04-24 19:04:57', '2026-04-24 19:04:59'),
(266, 27, 11, 6, 1, 17.20, 32.20, 49.40, 60.80, 75.30, 49.40, 'D7', 'Pass', 5, NULL, 1, '2026-04-24 19:04:57', '2026-04-24 19:04:59'),
(267, 27, 15, 6, 1, 21.90, 40.60, 62.50, 67.90, 80.20, 54.70, 'C4', 'Credit', 4, NULL, 1, '2026-04-24 19:04:57', '2026-04-24 19:04:59'),
(268, 27, 23, 6, 1, 17.80, 43.10, 60.90, 68.40, 84.10, 49.30, 'C4', 'Credit', 4, NULL, 1, '2026-04-24 19:04:57', '2026-04-24 19:04:59'),
(269, 27, 25, 6, 1, 17.40, 29.50, 46.90, 65.40, 83.20, 46.90, 'D7', 'Pass', 5, NULL, 1, '2026-04-24 19:04:57', '2026-04-24 19:04:59'),
(270, 27, 28, 6, 1, 19.50, 36.20, 55.70, 62.80, 82.00, 54.10, 'C5', 'Credit', 4, NULL, 1, '2026-04-24 19:04:57', '2026-04-24 19:04:59'),
(271, 28, 1, 6, 1, 17.40, 40.80, 58.20, 71.10, 85.40, 55.60, 'C5', 'Credit', 4, NULL, 1, '2026-04-24 19:04:57', '2026-04-24 19:04:59'),
(272, 28, 2, 6, 1, 22.90, 37.10, 60.00, 61.10, 81.40, 50.10, 'C4', 'Credit', 2, NULL, 1, '2026-04-24 19:04:57', '2026-04-24 19:04:59'),
(273, 28, 8, 6, 1, 17.20, 65.00, 82.20, 67.80, 82.20, 57.30, 'A1', 'Excellent', 1, NULL, 1, '2026-04-24 19:04:57', '2026-04-24 19:04:59'),
(274, 28, 9, 6, 1, 20.00, 38.50, 58.50, 72.70, 84.10, 58.50, 'C5', 'Credit', 5, NULL, 1, '2026-04-24 19:04:57', '2026-04-24 19:04:59'),
(275, 28, 10, 6, 1, 21.60, 41.70, 63.30, 63.70, 78.50, 46.80, 'C4', 'Credit', 3, NULL, 1, '2026-04-24 19:04:57', '2026-04-24 19:04:59'),
(276, 28, 11, 6, 1, 24.00, 34.50, 58.50, 60.80, 75.30, 49.40, 'C5', 'Credit', 3, NULL, 1, '2026-04-24 19:04:57', '2026-04-24 19:04:59'),
(277, 28, 15, 6, 1, 18.20, 62.00, 80.20, 67.90, 80.20, 54.70, 'A1', 'Excellent', 1, NULL, 1, '2026-04-24 19:04:57', '2026-04-24 19:04:59'),
(278, 28, 23, 6, 1, 17.90, 31.40, 49.30, 68.40, 84.10, 49.30, 'D7', 'Pass', 5, NULL, 1, '2026-04-24 19:04:57', '2026-04-24 19:04:59'),
(279, 28, 25, 6, 1, 18.70, 64.50, 83.20, 65.40, 83.20, 46.90, 'A1', 'Excellent', 1, NULL, 1, '2026-04-24 19:04:57', '2026-04-24 19:04:59'),
(280, 28, 28, 6, 1, 21.60, 40.10, 61.70, 62.80, 82.00, 54.10, 'C4', 'Credit', 2, NULL, 1, '2026-04-24 19:04:57', '2026-04-24 19:04:59'),
(281, 29, 1, 6, 1, 24.00, 61.40, 85.40, 71.10, 85.40, 55.60, 'A1', 'Excellent', 1, NULL, 1, '2026-04-24 19:04:57', '2026-04-24 19:04:59'),
(282, 29, 2, 6, 1, 22.20, 34.00, 56.20, 61.10, 81.40, 50.10, 'C5', 'Credit', 4, NULL, 1, '2026-04-24 19:04:57', '2026-04-24 19:04:59'),
(283, 29, 8, 6, 1, 18.20, 39.10, 57.30, 67.80, 82.20, 57.30, 'C5', 'Credit', 5, NULL, 1, '2026-04-24 19:04:57', '2026-04-24 19:04:59'),
(284, 29, 9, 6, 1, 20.00, 53.00, 73.00, 72.70, 84.10, 58.50, 'B2', 'Very Good', 3, NULL, 1, '2026-04-24 19:04:57', '2026-04-24 19:04:59'),
(285, 29, 10, 6, 1, 18.40, 60.10, 78.50, 63.70, 78.50, 46.80, 'A1', 'Excellent', 2, NULL, 1, '2026-04-24 19:04:57', '2026-04-24 19:04:59'),
(286, 29, 11, 6, 1, 23.70, 28.40, 52.10, 60.80, 75.30, 49.40, 'C6', 'Credit', 4, NULL, 1, '2026-04-24 19:04:57', '2026-04-24 19:04:59'),
(287, 29, 15, 6, 1, 22.00, 50.80, 72.80, 67.90, 80.20, 54.70, 'B2', 'Very Good', 2, NULL, 1, '2026-04-24 19:04:57', '2026-04-24 19:04:59'),
(288, 29, 23, 6, 1, 21.80, 59.20, 81.00, 68.40, 84.10, 49.30, 'A1', 'Excellent', 2, NULL, 1, '2026-04-24 19:04:57', '2026-04-24 19:04:59'),
(289, 29, 25, 6, 1, 18.40, 51.70, 70.10, 65.40, 83.20, 46.90, 'B2', 'Very Good', 2, NULL, 1, '2026-04-24 19:04:57', '2026-04-24 19:04:59'),
(290, 29, 28, 6, 1, 21.20, 39.20, 60.40, 62.80, 82.00, 54.10, 'C4', 'Credit', 3, NULL, 1, '2026-04-24 19:04:57', '2026-04-24 19:04:59'),
(291, 30, 1, 6, 1, 25.30, 55.90, 81.20, 71.10, 85.40, 55.60, 'A1', 'Excellent', 2, NULL, 1, '2026-04-24 19:04:57', '2026-04-24 19:04:59'),
(292, 30, 2, 6, 1, 20.60, 29.50, 50.10, 61.10, 81.40, 50.10, 'C6', 'Credit', 5, NULL, 1, '2026-04-24 19:04:57', '2026-04-24 19:04:59'),
(293, 30, 8, 6, 1, 24.30, 35.70, 60.00, 67.80, 82.20, 57.30, 'C4', 'Credit', 4, NULL, 1, '2026-04-24 19:04:57', '2026-04-24 19:04:59'),
(294, 30, 9, 6, 1, 23.20, 49.80, 73.00, 72.70, 84.10, 58.50, 'B2', 'Very Good', 4, NULL, 1, '2026-04-24 19:04:57', '2026-04-24 19:04:59'),
(295, 30, 10, 6, 1, 21.10, 30.40, 51.50, 63.70, 78.50, 46.80, 'C6', 'Credit', 4, NULL, 1, '2026-04-24 19:04:57', '2026-04-24 19:04:59'),
(296, 30, 11, 6, 1, 22.40, 52.90, 75.30, 60.80, 75.30, 49.40, 'A1', 'Excellent', 1, NULL, 1, '2026-04-24 19:04:57', '2026-04-24 19:04:59'),
(297, 30, 15, 6, 1, 21.40, 47.80, 69.20, 67.90, 80.20, 54.70, 'B3', 'Good', 3, NULL, 1, '2026-04-24 19:04:57', '2026-04-24 19:04:59'),
(298, 30, 23, 6, 1, 21.10, 63.00, 84.10, 68.40, 84.10, 49.30, 'A1', 'Excellent', 1, NULL, 1, '2026-04-24 19:04:57', '2026-04-24 19:04:59'),
(299, 30, 25, 6, 1, 22.40, 35.40, 57.80, 65.40, 83.20, 46.90, 'C5', 'Credit', 4, NULL, 1, '2026-04-24 19:04:57', '2026-04-24 19:04:59'),
(300, 30, 28, 6, 1, 22.90, 59.10, 82.00, 62.80, 82.00, 54.10, 'A1', 'Excellent', 1, NULL, 1, '2026-04-24 19:04:57', '2026-04-24 19:04:59'),
(301, 31, 1, 7, 1, 21.70, 49.60, 71.30, 69.30, 75.20, 57.70, 'B2', 'Very Good', 3, NULL, 1, '2026-04-24 19:04:57', '2026-04-24 19:04:59'),
(302, 31, 2, 7, 1, 20.30, 62.90, 83.20, 69.30, 84.10, 47.10, 'A1', 'Excellent', 2, NULL, 1, '2026-04-24 19:04:57', '2026-04-24 19:04:59'),
(303, 31, 8, 7, 1, 17.20, 41.20, 58.40, 65.40, 77.00, 53.70, 'C5', 'Credit', 4, NULL, 1, '2026-04-24 19:04:57', '2026-04-24 19:04:59'),
(304, 31, 9, 7, 1, 22.90, 45.40, 68.30, 72.30, 84.80, 59.30, 'B3', 'Good', 3, NULL, 1, '2026-04-24 19:04:57', '2026-04-24 19:04:59'),
(305, 31, 10, 7, 1, 19.30, 53.10, 72.40, 69.80, 82.40, 56.90, 'B2', 'Very Good', 2, NULL, 1, '2026-04-24 19:04:57', '2026-04-24 19:04:59'),
(306, 31, 11, 7, 1, 23.00, 63.20, 86.20, 73.50, 86.20, 55.60, 'A1', 'Excellent', 1, NULL, 1, '2026-04-24 19:04:57', '2026-04-24 19:04:59'),
(307, 31, 15, 7, 1, 18.40, 59.20, 77.60, 63.90, 77.60, 50.30, 'A1', 'Excellent', 1, NULL, 1, '2026-04-24 19:04:57', '2026-04-24 19:04:59'),
(308, 31, 23, 7, 1, 19.60, 46.50, 66.10, 72.60, 86.50, 58.20, 'B3', 'Good', 4, NULL, 1, '2026-04-24 19:04:57', '2026-04-24 19:04:59'),
(309, 31, 25, 7, 1, 22.60, 33.60, 56.20, 74.90, 83.50, 56.20, 'C5', 'Credit', 5, NULL, 1, '2026-04-24 19:04:57', '2026-04-24 19:04:59'),
(310, 31, 28, 7, 1, 20.60, 48.70, 69.30, 70.00, 81.50, 62.00, 'B3', 'Good', 3, NULL, 1, '2026-04-24 19:04:57', '2026-04-24 19:04:59'),
(311, 32, 1, 7, 1, 21.50, 47.80, 69.30, 69.30, 75.20, 57.70, 'B3', 'Good', 4, NULL, 1, '2026-04-24 19:04:57', '2026-04-24 19:04:59'),
(312, 32, 2, 7, 1, 18.80, 30.10, 48.90, 69.30, 84.10, 47.10, 'D7', 'Pass', 4, NULL, 1, '2026-04-24 19:04:57', '2026-04-24 19:04:59'),
(313, 32, 8, 7, 1, 21.20, 50.60, 71.80, 65.40, 77.00, 53.70, 'B2', 'Very Good', 2, NULL, 1, '2026-04-24 19:04:57', '2026-04-24 19:04:59'),
(314, 32, 9, 7, 1, 21.00, 63.80, 84.80, 72.30, 84.80, 59.30, 'A1', 'Excellent', 1, NULL, 1, '2026-04-24 19:04:58', '2026-04-24 19:04:59'),
(315, 32, 10, 7, 1, 15.20, 55.90, 71.10, 69.80, 82.40, 56.90, 'B2', 'Very Good', 3, NULL, 1, '2026-04-24 19:04:58', '2026-04-24 19:04:59'),
(316, 32, 11, 7, 1, 20.70, 34.90, 55.60, 73.50, 86.20, 55.60, 'C5', 'Credit', 5, NULL, 1, '2026-04-24 19:04:58', '2026-04-24 19:04:59'),
(317, 32, 15, 7, 1, 21.90, 28.40, 50.30, 63.90, 77.60, 50.30, 'C6', 'Credit', 5, NULL, 1, '2026-04-24 19:04:58', '2026-04-24 19:04:59'),
(318, 32, 23, 7, 1, 22.40, 57.30, 79.70, 72.60, 86.50, 58.20, 'A1', 'Excellent', 2, NULL, 1, '2026-04-24 19:04:58', '2026-04-24 19:04:59'),
(319, 32, 25, 7, 1, 23.20, 60.30, 83.50, 74.90, 83.50, 56.20, 'A1', 'Excellent', 1, NULL, 1, '2026-04-24 19:04:58', '2026-04-24 19:04:59'),
(320, 32, 28, 7, 1, 22.50, 59.00, 81.50, 70.00, 81.50, 62.00, 'A1', 'Excellent', 1, NULL, 1, '2026-04-24 19:04:58', '2026-04-24 19:04:59'),
(321, 33, 1, 7, 1, 18.20, 39.50, 57.70, 69.30, 75.20, 57.70, 'C5', 'Credit', 5, NULL, 1, '2026-04-24 19:04:58', '2026-04-24 19:04:59'),
(322, 33, 2, 7, 1, 18.50, 64.70, 83.20, 69.30, 84.10, 47.10, 'A1', 'Excellent', 3, NULL, 1, '2026-04-24 19:04:58', '2026-04-24 19:04:59'),
(323, 33, 8, 7, 1, 22.40, 54.60, 77.00, 65.40, 77.00, 53.70, 'A1', 'Excellent', 1, NULL, 1, '2026-04-24 19:04:58', '2026-04-24 19:04:59'),
(324, 33, 9, 7, 1, 22.00, 45.00, 67.00, 72.30, 84.80, 59.30, 'B3', 'Good', 4, NULL, 1, '2026-04-24 19:04:58', '2026-04-24 19:04:59'),
(325, 33, 10, 7, 1, 22.10, 34.80, 56.90, 69.80, 82.40, 56.90, 'C5', 'Credit', 5, NULL, 1, '2026-04-24 19:04:58', '2026-04-24 19:04:59'),
(326, 33, 11, 7, 1, 18.00, 63.90, 81.90, 73.50, 86.20, 55.60, 'A1', 'Excellent', 2, NULL, 1, '2026-04-24 19:04:58', '2026-04-24 19:04:59'),
(327, 33, 15, 7, 1, 24.40, 50.70, 75.10, 63.90, 77.60, 50.30, 'A1', 'Excellent', 2, NULL, 1, '2026-04-24 19:04:58', '2026-04-24 19:04:59'),
(328, 33, 23, 7, 1, 19.90, 38.30, 58.20, 72.60, 86.50, 58.20, 'C5', 'Credit', 5, NULL, 1, '2026-04-24 19:04:58', '2026-04-24 19:04:59'),
(329, 33, 25, 7, 1, 23.20, 51.80, 75.00, 74.90, 83.50, 56.20, 'A1', 'Excellent', 4, NULL, 1, '2026-04-24 19:04:58', '2026-04-24 19:04:59'),
(330, 33, 28, 7, 1, 24.10, 39.30, 63.40, 70.00, 81.50, 62.00, 'C4', 'Credit', 4, NULL, 1, '2026-04-24 19:04:58', '2026-04-24 19:04:59'),
(331, 34, 1, 7, 1, 19.90, 52.90, 72.80, 69.30, 75.20, 57.70, 'B2', 'Very Good', 2, NULL, 1, '2026-04-24 19:04:58', '2026-04-24 19:04:59'),
(332, 34, 2, 7, 1, 24.70, 59.40, 84.10, 69.30, 84.10, 47.10, 'A1', 'Excellent', 1, NULL, 1, '2026-04-24 19:04:58', '2026-04-24 19:04:59'),
(333, 34, 8, 7, 1, 19.20, 34.50, 53.70, 65.40, 77.00, 53.70, 'C6', 'Credit', 5, NULL, 1, '2026-04-24 19:04:58', '2026-04-24 19:04:59'),
(334, 34, 9, 7, 1, 23.40, 58.90, 82.30, 72.30, 84.80, 59.30, 'A1', 'Excellent', 2, NULL, 1, '2026-04-24 19:04:58', '2026-04-24 19:04:59'),
(335, 34, 10, 7, 1, 20.00, 46.10, 66.10, 69.80, 82.40, 56.90, 'B3', 'Good', 4, NULL, 1, '2026-04-24 19:04:58', '2026-04-24 19:04:59'),
(336, 34, 11, 7, 1, 19.40, 46.40, 65.80, 73.50, 86.20, 55.60, 'B3', 'Good', 4, NULL, 1, '2026-04-24 19:04:58', '2026-04-24 19:04:59'),
(337, 34, 15, 7, 1, 20.30, 40.90, 61.20, 63.90, 77.60, 50.30, 'C4', 'Credit', 3, NULL, 1, '2026-04-24 19:04:58', '2026-04-24 19:04:59'),
(338, 34, 23, 7, 1, 18.80, 53.60, 72.40, 72.60, 86.50, 58.20, 'B2', 'Very Good', 3, NULL, 1, '2026-04-24 19:04:58', '2026-04-24 19:04:59'),
(339, 34, 25, 7, 1, 23.40, 54.10, 77.50, 74.90, 83.50, 56.20, 'A1', 'Excellent', 3, NULL, 1, '2026-04-24 19:04:58', '2026-04-24 19:04:59'),
(340, 34, 28, 7, 1, 23.30, 38.70, 62.00, 70.00, 81.50, 62.00, 'C4', 'Credit', 5, NULL, 1, '2026-04-24 19:04:58', '2026-04-24 19:04:59'),
(341, 35, 1, 7, 1, 18.80, 56.40, 75.20, 69.30, 75.20, 57.70, 'A1', 'Excellent', 1, NULL, 1, '2026-04-24 19:04:58', '2026-04-24 19:04:59'),
(342, 35, 2, 7, 1, 18.90, 28.20, 47.10, 69.30, 84.10, 47.10, 'D7', 'Pass', 5, NULL, 1, '2026-04-24 19:04:58', '2026-04-24 19:04:59'),
(343, 35, 8, 7, 1, 20.20, 45.70, 65.90, 65.40, 77.00, 53.70, 'B3', 'Good', 3, NULL, 1, '2026-04-24 19:04:58', '2026-04-24 19:04:59'),
(344, 35, 9, 7, 1, 16.00, 43.30, 59.30, 72.30, 84.80, 59.30, 'C5', 'Credit', 5, NULL, 1, '2026-04-24 19:04:58', '2026-04-24 19:04:59'),
(345, 35, 10, 7, 1, 18.80, 63.60, 82.40, 69.80, 82.40, 56.90, 'A1', 'Excellent', 1, NULL, 1, '2026-04-24 19:04:58', '2026-04-24 19:04:59'),
(346, 35, 11, 7, 1, 16.60, 61.50, 78.10, 73.50, 86.20, 55.60, 'A1', 'Excellent', 3, NULL, 1, '2026-04-24 19:04:58', '2026-04-24 19:04:59'),
(347, 35, 15, 7, 1, 18.10, 37.40, 55.50, 63.90, 77.60, 50.30, 'C5', 'Credit', 4, NULL, 1, '2026-04-24 19:04:58', '2026-04-24 19:04:59'),
(348, 35, 23, 7, 1, 20.90, 65.60, 86.50, 72.60, 86.50, 58.20, 'A1', 'Excellent', 1, NULL, 1, '2026-04-24 19:04:58', '2026-04-24 19:04:59'),
(349, 35, 25, 7, 1, 17.80, 64.50, 82.30, 74.90, 83.50, 56.20, 'A1', 'Excellent', 2, NULL, 1, '2026-04-24 19:04:58', '2026-04-24 19:04:59'),
(350, 35, 28, 7, 1, 16.70, 56.90, 73.60, 70.00, 81.50, 62.00, 'B2', 'Very Good', 2, NULL, 1, '2026-04-24 19:04:58', '2026-04-24 19:04:59'),
(351, 36, 1, 8, 1, 14.80, 39.80, 54.60, 65.10, 84.10, 52.70, 'C6', 'Credit', 4, NULL, 1, '2026-04-24 19:04:58', '2026-04-24 19:04:59'),
(352, 36, 2, 8, 1, 13.90, 62.70, 76.60, 73.30, 84.10, 60.90, 'A1', 'Excellent', 3, NULL, 1, '2026-04-24 19:04:58', '2026-04-24 19:04:59'),
(353, 36, 8, 8, 1, 20.90, 45.40, 66.30, 71.70, 86.20, 59.80, 'B3', 'Good', 4, NULL, 1, '2026-04-24 19:04:58', '2026-04-24 19:04:59'),
(354, 36, 9, 8, 1, 19.50, 42.50, 62.00, 61.40, 78.00, 49.60, 'C4', 'Credit', 2, NULL, 1, '2026-04-24 19:04:58', '2026-04-24 19:04:59'),
(355, 36, 10, 8, 1, 25.20, 58.40, 83.60, 70.10, 87.30, 49.00, 'A1', 'Excellent', 2, NULL, 1, '2026-04-24 19:04:58', '2026-04-24 19:04:59'),
(356, 36, 11, 8, 1, 25.50, 65.50, 91.00, 75.10, 91.00, 62.80, 'A1', 'Excellent', 1, NULL, 1, '2026-04-24 19:04:58', '2026-04-24 19:04:59'),
(357, 36, 15, 8, 1, 21.80, 37.70, 59.50, 58.20, 70.30, 49.20, 'C5', 'Credit', 2, NULL, 1, '2026-04-24 19:04:58', '2026-04-24 19:04:59'),
(358, 36, 23, 8, 1, 23.90, 39.20, 63.10, 65.70, 78.20, 50.50, 'C4', 'Credit', 3, NULL, 1, '2026-04-24 19:04:58', '2026-04-24 19:04:59'),
(359, 36, 25, 8, 1, 16.50, 30.00, 46.50, 64.30, 80.10, 46.50, 'D7', 'Pass', 5, NULL, 1, '2026-04-24 19:04:58', '2026-04-24 19:04:59'),
(360, 36, 28, 8, 1, 22.50, 44.70, 67.20, 66.00, 73.50, 57.40, 'B3', 'Good', 3, NULL, 1, '2026-04-24 19:04:58', '2026-04-24 19:04:59'),
(361, 37, 1, 8, 1, 23.50, 29.20, 52.70, 65.10, 84.10, 52.70, 'C6', 'Credit', 5, NULL, 1, '2026-04-24 19:04:58', '2026-04-24 19:04:59'),
(362, 37, 2, 8, 1, 21.70, 57.00, 78.70, 73.30, 84.10, 60.90, 'A1', 'Excellent', 2, NULL, 1, '2026-04-24 19:04:58', '2026-04-24 19:04:59'),
(363, 37, 8, 8, 1, 25.20, 49.00, 74.20, 71.70, 86.20, 59.80, 'B2', 'Very Good', 2, NULL, 1, '2026-04-24 19:04:58', '2026-04-24 19:04:59'),
(364, 37, 9, 8, 1, 23.90, 35.60, 59.50, 61.40, 78.00, 49.60, 'C5', 'Credit', 3, NULL, 1, '2026-04-24 19:04:58', '2026-04-24 19:04:59'),
(365, 37, 10, 8, 1, 19.40, 29.60, 49.00, 70.10, 87.30, 49.00, 'D7', 'Pass', 5, NULL, 1, '2026-04-24 19:04:58', '2026-04-24 19:04:59'),
(366, 37, 11, 8, 1, 20.20, 54.30, 74.50, 75.10, 91.00, 62.80, 'B2', 'Very Good', 3, NULL, 1, '2026-04-24 19:04:58', '2026-04-24 19:04:59'),
(367, 37, 15, 8, 1, 24.90, 33.90, 58.80, 58.20, 70.30, 49.20, 'C5', 'Credit', 3, NULL, 1, '2026-04-24 19:04:58', '2026-04-24 19:04:59'),
(368, 37, 23, 8, 1, 17.50, 60.70, 78.20, 65.70, 78.20, 50.50, 'A1', 'Excellent', 1, NULL, 1, '2026-04-24 19:04:58', '2026-04-24 19:04:59');
INSERT INTO `results` (`id`, `student_id`, `subject_id`, `class_arm_id`, `term_id`, `ca_total`, `exam_score`, `total_score`, `class_average`, `highest_score`, `lowest_score`, `grade`, `grade_remark`, `subject_position`, `teacher_remark`, `is_published`, `created_at`, `updated_at`) VALUES
(369, 37, 25, 8, 1, 20.70, 59.40, 80.10, 64.30, 80.10, 46.50, 'A1', 'Excellent', 1, NULL, 1, '2026-04-24 19:04:58', '2026-04-24 19:04:59'),
(370, 37, 28, 8, 1, 21.80, 51.70, 73.50, 66.00, 73.50, 57.40, 'B2', 'Very Good', 1, NULL, 1, '2026-04-24 19:04:58', '2026-04-24 19:04:59'),
(371, 38, 1, 8, 1, 21.50, 39.80, 61.30, 65.10, 84.10, 52.70, 'C4', 'Credit', 3, NULL, 1, '2026-04-24 19:04:58', '2026-04-24 19:04:59'),
(372, 38, 2, 8, 1, 23.90, 42.20, 66.10, 73.30, 84.10, 60.90, 'B3', 'Good', 4, NULL, 1, '2026-04-24 19:04:58', '2026-04-24 19:04:59'),
(373, 38, 8, 8, 1, 22.90, 63.30, 86.20, 71.70, 86.20, 59.80, 'A1', 'Excellent', 1, NULL, 1, '2026-04-24 19:04:58', '2026-04-24 19:04:59'),
(374, 38, 9, 8, 1, 17.00, 41.00, 58.00, 61.40, 78.00, 49.60, 'C5', 'Credit', 4, NULL, 1, '2026-04-24 19:04:58', '2026-04-24 19:04:59'),
(375, 38, 10, 8, 1, 19.90, 59.70, 79.60, 70.10, 87.30, 49.00, 'A1', 'Excellent', 3, NULL, 1, '2026-04-24 19:04:58', '2026-04-24 19:04:59'),
(376, 38, 11, 8, 1, 21.90, 47.40, 69.30, 75.10, 91.00, 62.80, 'B3', 'Good', 4, NULL, 1, '2026-04-24 19:04:58', '2026-04-24 19:04:59'),
(377, 38, 15, 8, 1, 23.60, 46.70, 70.30, 58.20, 70.30, 49.20, 'B2', 'Very Good', 1, NULL, 1, '2026-04-24 19:04:58', '2026-04-24 19:04:59'),
(378, 38, 23, 8, 1, 15.70, 47.30, 63.00, 65.70, 78.20, 50.50, 'C4', 'Credit', 4, NULL, 1, '2026-04-24 19:04:58', '2026-04-24 19:04:59'),
(379, 38, 25, 8, 1, 18.30, 48.70, 67.00, 64.30, 80.10, 46.50, 'B3', 'Good', 3, NULL, 1, '2026-04-24 19:04:58', '2026-04-24 19:04:59'),
(380, 38, 28, 8, 1, 15.80, 51.80, 67.60, 66.00, 73.50, 57.40, 'B3', 'Good', 2, NULL, 1, '2026-04-24 19:04:58', '2026-04-24 19:04:59'),
(381, 39, 1, 8, 1, 19.50, 64.60, 84.10, 65.10, 84.10, 52.70, 'A1', 'Excellent', 1, NULL, 1, '2026-04-24 19:04:58', '2026-04-24 19:04:59'),
(382, 39, 2, 8, 1, 18.00, 42.90, 60.90, 73.30, 84.10, 60.90, 'C4', 'Credit', 5, NULL, 1, '2026-04-24 19:04:58', '2026-04-24 19:04:59'),
(383, 39, 8, 8, 1, 24.00, 35.80, 59.80, 71.70, 86.20, 59.80, 'C5', 'Credit', 5, NULL, 1, '2026-04-24 19:04:58', '2026-04-24 19:04:59'),
(384, 39, 9, 8, 1, 20.90, 28.70, 49.60, 61.40, 78.00, 49.60, 'D7', 'Pass', 5, NULL, 1, '2026-04-24 19:04:58', '2026-04-24 19:04:59'),
(385, 39, 10, 8, 1, 23.00, 28.00, 51.00, 70.10, 87.30, 49.00, 'C6', 'Credit', 4, NULL, 1, '2026-04-24 19:04:58', '2026-04-24 19:04:59'),
(386, 39, 11, 8, 1, 21.30, 56.80, 78.10, 75.10, 91.00, 62.80, 'A1', 'Excellent', 2, NULL, 1, '2026-04-24 19:04:58', '2026-04-24 19:04:59'),
(387, 39, 15, 8, 1, 24.30, 28.90, 53.20, 58.20, 70.30, 49.20, 'C6', 'Credit', 4, NULL, 1, '2026-04-24 19:04:58', '2026-04-24 19:04:59'),
(388, 39, 23, 8, 1, 19.70, 53.90, 73.60, 65.70, 78.20, 50.50, 'B2', 'Very Good', 2, NULL, 1, '2026-04-24 19:04:58', '2026-04-24 19:04:59'),
(389, 39, 25, 8, 1, 20.00, 38.90, 58.90, 64.30, 80.10, 46.50, 'C5', 'Credit', 4, NULL, 1, '2026-04-24 19:04:58', '2026-04-24 19:04:59'),
(390, 39, 28, 8, 1, 22.80, 41.30, 64.10, 66.00, 73.50, 57.40, 'C4', 'Credit', 4, NULL, 1, '2026-04-24 19:04:58', '2026-04-24 19:04:59'),
(391, 40, 1, 8, 1, 21.00, 51.80, 72.80, 65.10, 84.10, 52.70, 'B2', 'Very Good', 2, NULL, 1, '2026-04-24 19:04:58', '2026-04-24 19:04:59'),
(392, 40, 2, 8, 1, 21.70, 62.40, 84.10, 73.30, 84.10, 60.90, 'A1', 'Excellent', 1, NULL, 1, '2026-04-24 19:04:58', '2026-04-24 19:04:59'),
(393, 40, 8, 8, 1, 18.30, 53.90, 72.20, 71.70, 86.20, 59.80, 'B2', 'Very Good', 3, NULL, 1, '2026-04-24 19:04:58', '2026-04-24 19:04:59'),
(394, 40, 9, 8, 1, 23.30, 54.70, 78.00, 61.40, 78.00, 49.60, 'A1', 'Excellent', 1, NULL, 1, '2026-04-24 19:04:58', '2026-04-24 19:04:59'),
(395, 40, 10, 8, 1, 23.70, 63.60, 87.30, 70.10, 87.30, 49.00, 'A1', 'Excellent', 1, NULL, 1, '2026-04-24 19:04:58', '2026-04-24 19:04:59'),
(396, 40, 11, 8, 1, 19.10, 43.70, 62.80, 75.10, 91.00, 62.80, 'C4', 'Credit', 5, NULL, 1, '2026-04-24 19:04:58', '2026-04-24 19:04:59'),
(397, 40, 15, 8, 1, 20.20, 29.00, 49.20, 58.20, 70.30, 49.20, 'D7', 'Pass', 5, NULL, 1, '2026-04-24 19:04:58', '2026-04-24 19:04:59'),
(398, 40, 23, 8, 1, 14.40, 36.10, 50.50, 65.70, 78.20, 50.50, 'C6', 'Credit', 5, NULL, 1, '2026-04-24 19:04:58', '2026-04-24 19:04:59'),
(399, 40, 25, 8, 1, 23.40, 45.70, 69.10, 64.30, 80.10, 46.50, 'B3', 'Good', 2, NULL, 1, '2026-04-24 19:04:58', '2026-04-24 19:04:59'),
(400, 40, 28, 8, 1, 17.40, 40.00, 57.40, 66.00, 73.50, 57.40, 'C5', 'Credit', 5, NULL, 1, '2026-04-24 19:04:58', '2026-04-24 19:04:59'),
(401, 41, 1, 9, 1, 17.40, 41.30, 58.70, 67.70, 79.90, 55.00, 'C5', 'Credit', 4, NULL, 1, '2026-04-24 19:04:58', '2026-04-24 19:04:59'),
(402, 41, 2, 9, 1, 23.40, 28.70, 52.10, 65.90, 79.40, 52.10, 'C6', 'Credit', 5, NULL, 1, '2026-04-24 19:04:58', '2026-04-24 19:04:59'),
(403, 41, 8, 9, 1, 18.90, 43.30, 62.20, 68.90, 83.40, 62.20, 'C4', 'Credit', 5, NULL, 1, '2026-04-24 19:04:58', '2026-04-24 19:04:59'),
(404, 41, 9, 9, 1, 21.10, 54.50, 75.60, 71.80, 85.80, 57.40, 'A1', 'Excellent', 3, NULL, 1, '2026-04-24 19:04:58', '2026-04-24 19:04:59'),
(405, 41, 10, 9, 1, 16.60, 33.10, 49.70, 60.50, 71.80, 49.70, 'D7', 'Pass', 5, NULL, 1, '2026-04-24 19:04:58', '2026-04-24 19:04:59'),
(406, 41, 11, 9, 1, 20.60, 35.60, 56.20, 55.80, 66.50, 48.10, 'C5', 'Credit', 2, NULL, 1, '2026-04-24 19:04:58', '2026-04-24 19:04:59'),
(407, 41, 15, 9, 1, 23.90, 30.20, 54.10, 73.40, 87.50, 54.10, 'C6', 'Credit', 5, NULL, 1, '2026-04-24 19:04:58', '2026-04-24 19:04:59'),
(408, 41, 23, 9, 1, 17.70, 29.30, 47.00, 66.30, 78.30, 47.00, 'D7', 'Pass', 5, NULL, 1, '2026-04-24 19:04:58', '2026-04-24 19:04:59'),
(409, 41, 25, 9, 1, 20.30, 40.60, 60.90, 66.40, 83.60, 52.10, 'C4', 'Credit', 3, NULL, 1, '2026-04-24 19:04:58', '2026-04-24 19:04:59'),
(410, 41, 28, 9, 1, 22.80, 31.40, 54.20, 61.90, 74.50, 51.60, 'C6', 'Credit', 4, NULL, 1, '2026-04-24 19:04:58', '2026-04-24 19:04:59'),
(411, 42, 1, 9, 1, 18.90, 58.50, 77.40, 67.70, 79.90, 55.00, 'A1', 'Excellent', 2, NULL, 1, '2026-04-24 19:04:58', '2026-04-24 19:04:59'),
(412, 42, 2, 9, 1, 19.80, 50.80, 70.60, 65.90, 79.40, 52.10, 'B2', 'Very Good', 3, NULL, 1, '2026-04-24 19:04:58', '2026-04-24 19:04:59'),
(413, 42, 8, 9, 1, 19.70, 63.70, 83.40, 68.90, 83.40, 62.20, 'A1', 'Excellent', 1, NULL, 1, '2026-04-24 19:04:58', '2026-04-24 19:04:59'),
(414, 42, 9, 9, 1, 23.00, 34.40, 57.40, 71.80, 85.80, 57.40, 'C5', 'Credit', 5, NULL, 1, '2026-04-24 19:04:58', '2026-04-24 19:04:59'),
(415, 42, 10, 9, 1, 22.80, 47.20, 70.00, 60.50, 71.80, 49.70, 'B2', 'Very Good', 2, NULL, 1, '2026-04-24 19:04:58', '2026-04-24 19:04:59'),
(416, 42, 11, 9, 1, 14.60, 33.50, 48.10, 55.80, 66.50, 48.10, 'D7', 'Pass', 5, NULL, 1, '2026-04-24 19:04:58', '2026-04-24 19:04:59'),
(417, 42, 15, 9, 1, 21.00, 59.60, 80.60, 73.40, 87.50, 54.10, 'A1', 'Excellent', 3, NULL, 1, '2026-04-24 19:04:58', '2026-04-24 19:04:59'),
(418, 42, 23, 9, 1, 20.70, 45.30, 66.00, 66.30, 78.30, 47.00, 'B3', 'Good', 4, NULL, 1, '2026-04-24 19:04:58', '2026-04-24 19:04:59'),
(419, 42, 25, 9, 1, 18.90, 42.00, 60.90, 66.40, 83.60, 52.10, 'C4', 'Credit', 4, NULL, 1, '2026-04-24 19:04:58', '2026-04-24 19:04:59'),
(420, 42, 28, 9, 1, 19.50, 32.10, 51.60, 61.90, 74.50, 51.60, 'C6', 'Credit', 5, NULL, 1, '2026-04-24 19:04:58', '2026-04-24 19:04:59'),
(421, 43, 1, 9, 1, 19.00, 36.00, 55.00, 67.70, 79.90, 55.00, 'C5', 'Credit', 5, NULL, 1, '2026-04-24 19:04:58', '2026-04-24 19:04:59'),
(422, 43, 2, 9, 1, 15.10, 64.30, 79.40, 65.90, 79.40, 52.10, 'A1', 'Excellent', 1, NULL, 1, '2026-04-24 19:04:58', '2026-04-24 19:04:59'),
(423, 43, 8, 9, 1, 20.30, 45.20, 65.50, 68.90, 83.40, 62.20, 'B3', 'Good', 4, NULL, 1, '2026-04-24 19:04:58', '2026-04-24 19:04:59'),
(424, 43, 9, 9, 1, 25.50, 37.90, 63.40, 71.80, 85.80, 57.40, 'C4', 'Credit', 4, NULL, 1, '2026-04-24 19:04:58', '2026-04-24 19:04:59'),
(425, 43, 10, 9, 1, 20.90, 36.00, 56.90, 60.50, 71.80, 49.70, 'C5', 'Credit', 3, NULL, 1, '2026-04-24 19:04:58', '2026-04-24 19:04:59'),
(426, 43, 11, 9, 1, 25.40, 28.60, 54.00, 55.80, 66.50, 48.10, 'C6', 'Credit', 4, NULL, 1, '2026-04-24 19:04:58', '2026-04-24 19:04:59'),
(427, 43, 15, 9, 1, 21.00, 62.20, 83.20, 73.40, 87.50, 54.10, 'A1', 'Excellent', 2, NULL, 1, '2026-04-24 19:04:58', '2026-04-24 19:04:59'),
(428, 43, 23, 9, 1, 17.30, 61.00, 78.30, 66.30, 78.30, 47.00, 'A1', 'Excellent', 1, NULL, 1, '2026-04-24 19:04:58', '2026-04-24 19:04:59'),
(429, 43, 25, 9, 1, 17.00, 35.10, 52.10, 66.40, 83.60, 52.10, 'C6', 'Credit', 5, NULL, 1, '2026-04-24 19:04:58', '2026-04-24 19:04:59'),
(430, 43, 28, 9, 1, 23.90, 32.10, 56.00, 61.90, 74.50, 51.60, 'C5', 'Credit', 3, NULL, 1, '2026-04-24 19:04:58', '2026-04-24 19:04:59'),
(431, 44, 1, 9, 1, 19.10, 60.80, 79.90, 67.70, 79.90, 55.00, 'A1', 'Excellent', 1, NULL, 1, '2026-04-24 19:04:58', '2026-04-24 19:04:59'),
(432, 44, 2, 9, 1, 16.50, 54.30, 70.80, 65.90, 79.40, 52.10, 'B2', 'Very Good', 2, NULL, 1, '2026-04-24 19:04:58', '2026-04-24 19:04:59'),
(433, 44, 8, 9, 1, 18.60, 48.30, 66.90, 68.90, 83.40, 62.20, 'B3', 'Good', 2, NULL, 1, '2026-04-24 19:04:58', '2026-04-24 19:04:59'),
(434, 44, 9, 9, 1, 20.10, 65.70, 85.80, 71.80, 85.80, 57.40, 'A1', 'Excellent', 1, NULL, 1, '2026-04-24 19:04:58', '2026-04-24 19:04:59'),
(435, 44, 10, 9, 1, 20.30, 51.50, 71.80, 60.50, 71.80, 49.70, 'B2', 'Very Good', 1, NULL, 1, '2026-04-24 19:04:58', '2026-04-24 19:04:59'),
(436, 44, 11, 9, 1, 17.80, 36.50, 54.30, 55.80, 66.50, 48.10, 'C6', 'Credit', 3, NULL, 1, '2026-04-24 19:04:58', '2026-04-24 19:04:59'),
(437, 44, 15, 9, 1, 23.40, 64.10, 87.50, 73.40, 87.50, 54.10, 'A1', 'Excellent', 1, NULL, 1, '2026-04-24 19:04:58', '2026-04-24 19:04:59'),
(438, 44, 23, 9, 1, 20.50, 47.70, 68.20, 66.30, 78.30, 47.00, 'B3', 'Good', 3, NULL, 1, '2026-04-24 19:04:58', '2026-04-24 19:04:59'),
(439, 44, 25, 9, 1, 23.50, 60.10, 83.60, 66.40, 83.60, 52.10, 'A1', 'Excellent', 1, NULL, 1, '2026-04-24 19:04:58', '2026-04-24 19:04:59'),
(440, 44, 28, 9, 1, 20.80, 53.70, 74.50, 61.90, 74.50, 51.60, 'B2', 'Very Good', 1, NULL, 1, '2026-04-24 19:04:58', '2026-04-24 19:04:59'),
(441, 45, 1, 9, 1, 18.60, 48.70, 67.30, 67.70, 79.90, 55.00, 'B3', 'Good', 3, NULL, 1, '2026-04-24 19:04:58', '2026-04-24 19:04:59'),
(442, 45, 2, 9, 1, 24.60, 32.20, 56.80, 65.90, 79.40, 52.10, 'C5', 'Credit', 4, NULL, 1, '2026-04-24 19:04:58', '2026-04-24 19:04:59'),
(443, 45, 8, 9, 1, 20.30, 46.00, 66.30, 68.90, 83.40, 62.20, 'B3', 'Good', 3, NULL, 1, '2026-04-24 19:04:58', '2026-04-24 19:04:59'),
(444, 45, 9, 9, 1, 24.00, 53.00, 77.00, 71.80, 85.80, 57.40, 'A1', 'Excellent', 2, NULL, 1, '2026-04-24 19:04:58', '2026-04-24 19:04:59'),
(445, 45, 10, 9, 1, 21.30, 32.70, 54.00, 60.50, 71.80, 49.70, 'C6', 'Credit', 4, NULL, 1, '2026-04-24 19:04:58', '2026-04-24 19:04:59'),
(446, 45, 11, 9, 1, 22.40, 44.10, 66.50, 55.80, 66.50, 48.10, 'B3', 'Good', 1, NULL, 1, '2026-04-24 19:04:58', '2026-04-24 19:04:59'),
(447, 45, 15, 9, 1, 21.50, 39.90, 61.40, 73.40, 87.50, 54.10, 'C4', 'Credit', 4, NULL, 1, '2026-04-24 19:04:58', '2026-04-24 19:04:59'),
(448, 45, 23, 9, 1, 19.20, 52.80, 72.00, 66.30, 78.30, 47.00, 'B2', 'Very Good', 2, NULL, 1, '2026-04-24 19:04:58', '2026-04-24 19:04:59'),
(449, 45, 25, 9, 1, 25.80, 48.80, 74.60, 66.40, 83.60, 52.10, 'B2', 'Very Good', 2, NULL, 1, '2026-04-24 19:04:58', '2026-04-24 19:04:59'),
(450, 45, 28, 9, 1, 18.90, 54.40, 73.30, 61.90, 74.50, 51.60, 'B2', 'Very Good', 2, NULL, 1, '2026-04-24 19:04:58', '2026-04-24 19:04:59'),
(451, 46, 1, 10, 1, 23.90, 60.00, 83.90, 74.40, 86.00, 63.30, 'A1', 'Excellent', 2, NULL, 1, '2026-04-24 19:04:58', '2026-04-24 19:04:59'),
(452, 46, 2, 10, 1, 20.40, 62.00, 82.40, 75.30, 82.40, 70.20, 'A1', 'Excellent', 1, NULL, 1, '2026-04-24 19:04:58', '2026-04-24 19:04:59'),
(453, 46, 8, 10, 1, 17.80, 37.50, 55.30, 66.20, 88.00, 53.60, 'C5', 'Credit', 4, NULL, 1, '2026-04-24 19:04:58', '2026-04-24 19:04:59'),
(454, 46, 9, 10, 1, 18.20, 61.60, 79.80, 67.60, 79.80, 57.50, 'A1', 'Excellent', 1, NULL, 1, '2026-04-24 19:04:58', '2026-04-24 19:04:59'),
(455, 46, 10, 10, 1, 19.70, 56.70, 76.40, 72.40, 82.60, 61.80, 'A1', 'Excellent', 3, NULL, 1, '2026-04-24 19:04:58', '2026-04-24 19:04:59'),
(456, 46, 11, 10, 1, 18.90, 45.40, 64.30, 66.00, 75.80, 57.40, 'C4', 'Credit', 3, NULL, 1, '2026-04-24 19:04:58', '2026-04-24 19:04:59'),
(457, 46, 15, 10, 1, 18.90, 50.20, 69.10, 68.30, 77.80, 57.40, 'B3', 'Good', 3, NULL, 1, '2026-04-24 19:04:58', '2026-04-24 19:04:59'),
(458, 46, 23, 10, 1, 21.10, 50.60, 71.70, 61.40, 71.70, 49.80, 'B2', 'Very Good', 1, NULL, 1, '2026-04-24 19:04:58', '2026-04-24 19:04:59'),
(459, 46, 25, 10, 1, 19.40, 47.30, 66.70, 74.80, 80.90, 66.70, 'B3', 'Good', 5, NULL, 1, '2026-04-24 19:04:58', '2026-04-24 19:04:59'),
(460, 46, 28, 10, 1, 18.70, 48.30, 67.00, 70.40, 81.30, 61.90, 'B3', 'Good', 4, NULL, 1, '2026-04-24 19:04:58', '2026-04-24 19:04:59'),
(461, 47, 1, 10, 1, 22.00, 64.00, 86.00, 74.40, 86.00, 63.30, 'A1', 'Excellent', 1, NULL, 1, '2026-04-24 19:04:58', '2026-04-24 19:04:59'),
(462, 47, 2, 10, 1, 17.60, 62.90, 80.50, 75.30, 82.40, 70.20, 'A1', 'Excellent', 2, NULL, 1, '2026-04-24 19:04:58', '2026-04-24 19:04:59'),
(463, 47, 8, 10, 1, 22.10, 33.90, 56.00, 66.20, 88.00, 53.60, 'C5', 'Credit', 3, NULL, 1, '2026-04-24 19:04:58', '2026-04-24 19:04:59'),
(464, 47, 9, 10, 1, 15.50, 47.90, 63.40, 67.60, 79.80, 57.50, 'C4', 'Credit', 3, NULL, 1, '2026-04-24 19:04:58', '2026-04-24 19:04:59'),
(465, 47, 10, 10, 1, 17.70, 44.60, 62.30, 72.40, 82.60, 61.80, 'C4', 'Credit', 4, NULL, 1, '2026-04-24 19:04:58', '2026-04-24 19:04:59'),
(466, 47, 11, 10, 1, 23.70, 34.20, 57.90, 66.00, 75.80, 57.40, 'C5', 'Credit', 4, NULL, 1, '2026-04-24 19:04:58', '2026-04-24 19:04:59'),
(467, 47, 15, 10, 1, 23.40, 41.20, 64.60, 68.30, 77.80, 57.40, 'C4', 'Credit', 4, NULL, 1, '2026-04-24 19:04:58', '2026-04-24 19:04:59'),
(468, 47, 23, 10, 1, 25.40, 44.30, 69.70, 61.40, 71.70, 49.80, 'B3', 'Good', 2, NULL, 1, '2026-04-24 19:04:58', '2026-04-24 19:04:59'),
(469, 47, 25, 10, 1, 25.90, 47.80, 73.70, 74.80, 80.90, 66.70, 'B2', 'Very Good', 4, NULL, 1, '2026-04-24 19:04:58', '2026-04-24 19:04:59'),
(470, 47, 28, 10, 1, 22.70, 39.20, 61.90, 70.40, 81.30, 61.90, 'C4', 'Credit', 5, NULL, 1, '2026-04-24 19:04:58', '2026-04-24 19:04:59'),
(471, 48, 1, 10, 1, 21.70, 41.60, 63.30, 74.40, 86.00, 63.30, 'C4', 'Credit', 5, NULL, 1, '2026-04-24 19:04:58', '2026-04-24 19:04:59'),
(472, 48, 2, 10, 1, 24.00, 46.20, 70.20, 75.30, 82.40, 70.20, 'B2', 'Very Good', 5, NULL, 1, '2026-04-24 19:04:58', '2026-04-24 19:04:59'),
(473, 48, 8, 10, 1, 21.70, 56.50, 78.20, 66.20, 88.00, 53.60, 'A1', 'Excellent', 2, NULL, 1, '2026-04-24 19:04:58', '2026-04-24 19:04:59'),
(474, 48, 9, 10, 1, 24.50, 33.00, 57.50, 67.60, 79.80, 57.50, 'C5', 'Credit', 5, NULL, 1, '2026-04-24 19:04:58', '2026-04-24 19:04:59'),
(475, 48, 10, 10, 1, 25.50, 36.30, 61.80, 72.40, 82.60, 61.80, 'C4', 'Credit', 5, NULL, 1, '2026-04-24 19:04:58', '2026-04-24 19:04:59'),
(476, 48, 11, 10, 1, 19.30, 56.50, 75.80, 66.00, 75.80, 57.40, 'A1', 'Excellent', 1, NULL, 1, '2026-04-24 19:04:58', '2026-04-24 19:04:59'),
(477, 48, 15, 10, 1, 19.20, 53.40, 72.60, 68.30, 77.80, 57.40, 'B2', 'Very Good', 2, NULL, 1, '2026-04-24 19:04:58', '2026-04-24 19:04:59'),
(478, 48, 23, 10, 1, 19.00, 44.10, 63.10, 61.40, 71.70, 49.80, 'C4', 'Credit', 3, NULL, 1, '2026-04-24 19:04:58', '2026-04-24 19:04:59'),
(479, 48, 25, 10, 1, 22.20, 58.70, 80.90, 74.80, 80.90, 66.70, 'A1', 'Excellent', 1, NULL, 1, '2026-04-24 19:04:58', '2026-04-24 19:04:59'),
(480, 48, 28, 10, 1, 17.00, 53.40, 70.40, 70.40, 81.30, 61.90, 'B2', 'Very Good', 3, NULL, 1, '2026-04-24 19:04:58', '2026-04-24 19:04:59'),
(481, 49, 1, 10, 1, 24.80, 49.50, 74.30, 74.40, 86.00, 63.30, 'B2', 'Very Good', 3, NULL, 1, '2026-04-24 19:04:58', '2026-04-24 19:04:59'),
(482, 49, 2, 10, 1, 18.70, 51.90, 70.60, 75.30, 82.40, 70.20, 'B2', 'Very Good', 4, NULL, 1, '2026-04-24 19:04:58', '2026-04-24 19:04:59'),
(483, 49, 8, 10, 1, 21.90, 66.10, 88.00, 66.20, 88.00, 53.60, 'A1', 'Excellent', 1, NULL, 1, '2026-04-24 19:04:58', '2026-04-24 19:04:59'),
(484, 49, 9, 10, 1, 15.50, 59.10, 74.60, 67.60, 79.80, 57.50, 'B2', 'Very Good', 2, NULL, 1, '2026-04-24 19:04:58', '2026-04-24 19:04:59'),
(485, 49, 10, 10, 1, 21.60, 57.20, 78.80, 72.40, 82.60, 61.80, 'A1', 'Excellent', 2, NULL, 1, '2026-04-24 19:04:58', '2026-04-24 19:04:59'),
(486, 49, 11, 10, 1, 21.10, 53.40, 74.50, 66.00, 75.80, 57.40, 'B2', 'Very Good', 2, NULL, 1, '2026-04-24 19:04:58', '2026-04-24 19:04:59'),
(487, 49, 15, 10, 1, 14.80, 63.00, 77.80, 68.30, 77.80, 57.40, 'A1', 'Excellent', 1, NULL, 1, '2026-04-24 19:04:58', '2026-04-24 19:04:59'),
(488, 49, 23, 10, 1, 19.30, 33.60, 52.90, 61.40, 71.70, 49.80, 'C6', 'Credit', 4, NULL, 1, '2026-04-24 19:04:58', '2026-04-24 19:04:59'),
(489, 49, 25, 10, 1, 20.60, 56.30, 76.90, 74.80, 80.90, 66.70, 'A1', 'Excellent', 2, NULL, 1, '2026-04-24 19:04:58', '2026-04-24 19:04:59'),
(490, 49, 28, 10, 1, 20.50, 60.80, 81.30, 70.40, 81.30, 61.90, 'A1', 'Excellent', 1, NULL, 1, '2026-04-24 19:04:58', '2026-04-24 19:04:59'),
(491, 50, 1, 10, 1, 18.80, 45.50, 64.30, 74.40, 86.00, 63.30, 'C4', 'Credit', 4, NULL, 1, '2026-04-24 19:04:58', '2026-04-24 19:04:59'),
(492, 50, 2, 10, 1, 20.10, 52.80, 72.90, 75.30, 82.40, 70.20, 'B2', 'Very Good', 3, NULL, 1, '2026-04-24 19:04:58', '2026-04-24 19:04:59'),
(493, 50, 8, 10, 1, 21.90, 31.70, 53.60, 66.20, 88.00, 53.60, 'C6', 'Credit', 5, NULL, 1, '2026-04-24 19:04:58', '2026-04-24 19:04:59'),
(494, 50, 9, 10, 1, 19.70, 43.00, 62.70, 67.60, 79.80, 57.50, 'C4', 'Credit', 4, NULL, 1, '2026-04-24 19:04:58', '2026-04-24 19:04:59'),
(495, 50, 10, 10, 1, 21.60, 61.00, 82.60, 72.40, 82.60, 61.80, 'A1', 'Excellent', 1, NULL, 1, '2026-04-24 19:04:58', '2026-04-24 19:04:59'),
(496, 50, 11, 10, 1, 15.90, 41.50, 57.40, 66.00, 75.80, 57.40, 'C5', 'Credit', 5, NULL, 1, '2026-04-24 19:04:58', '2026-04-24 19:04:59'),
(497, 50, 15, 10, 1, 20.10, 37.30, 57.40, 68.30, 77.80, 57.40, 'C5', 'Credit', 5, NULL, 1, '2026-04-24 19:04:58', '2026-04-24 19:04:59'),
(498, 50, 23, 10, 1, 19.40, 30.40, 49.80, 61.40, 71.70, 49.80, 'D7', 'Pass', 5, NULL, 1, '2026-04-24 19:04:58', '2026-04-24 19:04:59'),
(499, 50, 25, 10, 1, 23.40, 52.20, 75.60, 74.80, 80.90, 66.70, 'A1', 'Excellent', 3, NULL, 1, '2026-04-24 19:04:58', '2026-04-24 19:04:59'),
(500, 50, 28, 10, 1, 17.80, 53.80, 71.60, 70.40, 81.30, 61.90, 'B2', 'Very Good', 2, NULL, 1, '2026-04-24 19:04:58', '2026-04-24 19:04:59'),
(501, 51, 1, 11, 1, 24.50, 45.00, 69.50, 67.10, 74.40, 58.30, 'B3', 'Good', 2, NULL, 1, '2026-04-24 19:04:58', '2026-04-24 19:04:59'),
(502, 51, 2, 11, 1, 21.30, 30.40, 51.70, 58.70, 66.60, 50.30, 'C6', 'Credit', 4, NULL, 1, '2026-04-24 19:04:58', '2026-04-24 19:04:59'),
(503, 51, 8, 11, 1, 17.40, 45.70, 63.10, 72.30, 84.90, 57.70, 'C4', 'Credit', 4, NULL, 1, '2026-04-24 19:04:58', '2026-04-24 19:04:59'),
(504, 51, 9, 11, 1, 23.20, 28.60, 51.80, 58.40, 69.50, 51.70, 'C6', 'Credit', 4, NULL, 1, '2026-04-24 19:04:58', '2026-04-24 19:04:59'),
(505, 51, 10, 11, 1, 24.80, 64.10, 88.90, 78.00, 88.90, 69.10, 'A1', 'Excellent', 1, NULL, 1, '2026-04-24 19:04:58', '2026-04-24 19:04:59'),
(506, 51, 11, 11, 1, 22.90, 40.60, 63.50, 64.90, 76.00, 57.00, 'C4', 'Credit', 3, NULL, 1, '2026-04-24 19:04:58', '2026-04-24 19:04:59'),
(507, 51, 15, 11, 1, 23.90, 29.10, 53.00, 63.10, 75.30, 53.00, 'C6', 'Credit', 5, NULL, 1, '2026-04-24 19:04:58', '2026-04-24 19:04:59'),
(508, 51, 23, 11, 1, 20.20, 62.20, 82.40, 75.30, 85.70, 67.10, 'A1', 'Excellent', 2, NULL, 1, '2026-04-24 19:04:58', '2026-04-24 19:04:59'),
(509, 51, 25, 11, 1, 23.80, 63.10, 86.90, 75.90, 86.90, 59.80, 'A1', 'Excellent', 1, NULL, 1, '2026-04-24 19:04:58', '2026-04-24 19:04:59'),
(510, 51, 28, 11, 1, 21.50, 39.50, 61.00, 71.70, 81.40, 61.00, 'C4', 'Credit', 5, NULL, 1, '2026-04-24 19:04:58', '2026-04-24 19:04:59'),
(511, 52, 1, 11, 1, 20.00, 45.30, 65.30, 67.10, 74.40, 58.30, 'B3', 'Good', 4, NULL, 1, '2026-04-24 19:04:58', '2026-04-24 19:04:59'),
(512, 52, 2, 11, 1, 16.50, 42.50, 59.00, 58.70, 66.60, 50.30, 'C5', 'Credit', 3, NULL, 1, '2026-04-24 19:04:58', '2026-04-24 19:04:59'),
(513, 52, 8, 11, 1, 14.70, 65.30, 80.00, 72.30, 84.90, 57.70, 'A1', 'Excellent', 2, NULL, 1, '2026-04-24 19:04:58', '2026-04-24 19:04:59'),
(514, 52, 9, 11, 1, 16.00, 35.70, 51.70, 58.40, 69.50, 51.70, 'C6', 'Credit', 5, NULL, 1, '2026-04-24 19:04:58', '2026-04-24 19:04:59'),
(515, 52, 10, 11, 1, 21.70, 57.10, 78.80, 78.00, 88.90, 69.10, 'A1', 'Excellent', 3, NULL, 1, '2026-04-24 19:04:58', '2026-04-24 19:04:59'),
(516, 52, 11, 11, 1, 18.00, 58.00, 76.00, 64.90, 76.00, 57.00, 'A1', 'Excellent', 1, NULL, 1, '2026-04-24 19:04:58', '2026-04-24 19:04:59'),
(517, 52, 15, 11, 1, 17.50, 55.60, 73.10, 63.10, 75.30, 53.00, 'B2', 'Very Good', 2, NULL, 1, '2026-04-24 19:04:58', '2026-04-24 19:04:59'),
(518, 52, 23, 11, 1, 17.30, 56.20, 73.50, 75.30, 85.70, 67.10, 'B2', 'Very Good', 3, NULL, 1, '2026-04-24 19:04:58', '2026-04-24 19:04:59'),
(519, 52, 25, 11, 1, 21.20, 64.90, 86.10, 75.90, 86.90, 59.80, 'A1', 'Excellent', 2, NULL, 1, '2026-04-24 19:04:58', '2026-04-24 19:04:59'),
(520, 52, 28, 11, 1, 19.10, 43.60, 62.70, 71.70, 81.40, 61.00, 'C4', 'Credit', 4, NULL, 1, '2026-04-24 19:04:58', '2026-04-24 19:04:59'),
(521, 53, 1, 11, 1, 19.20, 39.10, 58.30, 67.10, 74.40, 58.30, 'C5', 'Credit', 5, NULL, 1, '2026-04-24 19:04:58', '2026-04-24 19:04:59'),
(522, 53, 2, 11, 1, 18.80, 47.00, 65.80, 58.70, 66.60, 50.30, 'B3', 'Good', 2, NULL, 1, '2026-04-24 19:04:58', '2026-04-24 19:04:59'),
(523, 53, 8, 11, 1, 19.10, 56.80, 75.90, 72.30, 84.90, 57.70, 'A1', 'Excellent', 3, NULL, 1, '2026-04-24 19:04:58', '2026-04-24 19:04:59'),
(524, 53, 9, 11, 1, 20.40, 44.50, 64.90, 58.40, 69.50, 51.70, 'C4', 'Credit', 2, NULL, 1, '2026-04-24 19:04:58', '2026-04-24 19:04:59'),
(525, 53, 10, 11, 1, 22.20, 46.90, 69.10, 78.00, 88.90, 69.10, 'B3', 'Good', 5, NULL, 1, '2026-04-24 19:04:58', '2026-04-24 19:04:59'),
(526, 53, 11, 11, 1, 25.70, 31.30, 57.00, 64.90, 76.00, 57.00, 'C5', 'Credit', 5, NULL, 1, '2026-04-24 19:04:58', '2026-04-24 19:04:59'),
(527, 53, 15, 11, 1, 20.10, 36.60, 56.70, 63.10, 75.30, 53.00, 'C5', 'Credit', 4, NULL, 1, '2026-04-24 19:04:58', '2026-04-24 19:04:59'),
(528, 53, 23, 11, 1, 19.30, 66.40, 85.70, 75.30, 85.70, 67.10, 'A1', 'Excellent', 1, NULL, 1, '2026-04-24 19:04:58', '2026-04-24 19:04:59'),
(529, 53, 25, 11, 1, 21.50, 46.50, 68.00, 75.90, 86.90, 59.80, 'B3', 'Good', 4, NULL, 1, '2026-04-24 19:04:58', '2026-04-24 19:04:59'),
(530, 53, 28, 11, 1, 16.30, 63.70, 80.00, 71.70, 81.40, 61.00, 'A1', 'Excellent', 2, NULL, 1, '2026-04-24 19:04:58', '2026-04-24 19:04:59'),
(531, 54, 1, 11, 1, 20.20, 47.80, 68.00, 67.10, 74.40, 58.30, 'B3', 'Good', 3, NULL, 1, '2026-04-24 19:04:58', '2026-04-24 19:04:59'),
(532, 54, 2, 11, 1, 22.60, 44.00, 66.60, 58.70, 66.60, 50.30, 'B3', 'Good', 1, NULL, 1, '2026-04-24 19:04:58', '2026-04-24 19:04:59'),
(533, 54, 8, 11, 1, 22.50, 35.20, 57.70, 72.30, 84.90, 57.70, 'C5', 'Credit', 5, NULL, 1, '2026-04-24 19:04:58', '2026-04-24 19:04:59'),
(534, 54, 9, 11, 1, 24.30, 45.20, 69.50, 58.40, 69.50, 51.70, 'B3', 'Good', 1, NULL, 1, '2026-04-24 19:04:58', '2026-04-24 19:04:59'),
(535, 54, 10, 11, 1, 21.30, 62.70, 84.00, 78.00, 88.90, 69.10, 'A1', 'Excellent', 2, NULL, 1, '2026-04-24 19:04:58', '2026-04-24 19:04:59'),
(536, 54, 11, 11, 1, 20.30, 46.80, 67.10, 64.90, 76.00, 57.00, 'B3', 'Good', 2, NULL, 1, '2026-04-24 19:04:58', '2026-04-24 19:04:59'),
(537, 54, 15, 11, 1, 20.10, 55.20, 75.30, 63.10, 75.30, 53.00, 'A1', 'Excellent', 1, NULL, 1, '2026-04-24 19:04:58', '2026-04-24 19:04:59'),
(538, 54, 23, 11, 1, 21.10, 46.80, 67.90, 75.30, 85.70, 67.10, 'B3', 'Good', 4, NULL, 1, '2026-04-24 19:04:58', '2026-04-24 19:04:59'),
(539, 54, 25, 11, 1, 20.50, 39.30, 59.80, 75.90, 86.90, 59.80, 'C5', 'Credit', 5, NULL, 1, '2026-04-24 19:04:58', '2026-04-24 19:04:59'),
(540, 54, 28, 11, 1, 21.90, 59.50, 81.40, 71.70, 81.40, 61.00, 'A1', 'Excellent', 1, NULL, 1, '2026-04-24 19:04:58', '2026-04-24 19:04:59'),
(541, 55, 1, 11, 1, 25.10, 49.30, 74.40, 67.10, 74.40, 58.30, 'B2', 'Very Good', 1, NULL, 1, '2026-04-24 19:04:58', '2026-04-24 19:04:59'),
(542, 55, 2, 11, 1, 19.60, 30.70, 50.30, 58.70, 66.60, 50.30, 'C6', 'Credit', 5, NULL, 1, '2026-04-24 19:04:58', '2026-04-24 19:04:59'),
(543, 55, 8, 11, 1, 21.70, 63.20, 84.90, 72.30, 84.90, 57.70, 'A1', 'Excellent', 1, NULL, 1, '2026-04-24 19:04:58', '2026-04-24 19:04:59'),
(544, 55, 9, 11, 1, 20.90, 33.10, 54.00, 58.40, 69.50, 51.70, 'C6', 'Credit', 3, NULL, 1, '2026-04-24 19:04:58', '2026-04-24 19:04:59'),
(545, 55, 10, 11, 1, 22.50, 46.80, 69.30, 78.00, 88.90, 69.10, 'B3', 'Good', 4, NULL, 1, '2026-04-24 19:04:58', '2026-04-24 19:04:59'),
(546, 55, 11, 11, 1, 20.00, 40.70, 60.70, 64.90, 76.00, 57.00, 'C4', 'Credit', 4, NULL, 1, '2026-04-24 19:04:58', '2026-04-24 19:04:59'),
(547, 55, 15, 11, 1, 18.10, 39.30, 57.40, 63.10, 75.30, 53.00, 'C5', 'Credit', 3, NULL, 1, '2026-04-24 19:04:58', '2026-04-24 19:04:59'),
(548, 55, 23, 11, 1, 20.60, 46.50, 67.10, 75.30, 85.70, 67.10, 'B3', 'Good', 5, NULL, 1, '2026-04-24 19:04:58', '2026-04-24 19:04:59'),
(549, 55, 25, 11, 1, 22.60, 55.90, 78.50, 75.90, 86.90, 59.80, 'A1', 'Excellent', 3, NULL, 1, '2026-04-24 19:04:58', '2026-04-24 19:04:59'),
(550, 55, 28, 11, 1, 18.80, 54.70, 73.50, 71.70, 81.40, 61.00, 'B2', 'Very Good', 3, NULL, 1, '2026-04-24 19:04:58', '2026-04-24 19:04:59'),
(551, 56, 1, 12, 1, 18.70, 65.30, 84.00, 72.70, 84.00, 64.40, 'A1', 'Excellent', 1, NULL, 1, '2026-04-24 19:04:58', '2026-04-24 19:04:59'),
(552, 56, 2, 12, 1, 15.40, 35.40, 50.80, 68.10, 83.00, 50.50, 'C6', 'Credit', 4, NULL, 1, '2026-04-24 19:04:58', '2026-04-24 19:05:00'),
(553, 56, 8, 12, 1, 21.60, 60.90, 82.50, 75.50, 82.80, 65.40, 'A1', 'Excellent', 2, NULL, 1, '2026-04-24 19:04:58', '2026-04-24 19:05:00'),
(554, 56, 9, 12, 1, 18.90, 47.10, 66.00, 69.10, 84.30, 55.80, 'B3', 'Good', 3, NULL, 1, '2026-04-24 19:04:58', '2026-04-24 19:05:00'),
(555, 56, 10, 12, 1, 19.20, 43.30, 62.50, 65.50, 81.20, 46.90, 'C4', 'Credit', 3, NULL, 1, '2026-04-24 19:04:58', '2026-04-24 19:05:00'),
(556, 56, 11, 12, 1, 22.60, 36.20, 58.80, 66.40, 84.70, 57.40, 'C5', 'Credit', 4, NULL, 1, '2026-04-24 19:04:58', '2026-04-24 19:05:00'),
(557, 56, 15, 12, 1, 19.00, 65.90, 84.90, 67.50, 84.90, 54.80, 'A1', 'Excellent', 1, NULL, 1, '2026-04-24 19:04:58', '2026-04-24 19:05:00'),
(558, 56, 23, 12, 1, 20.90, 31.30, 52.20, 66.10, 88.00, 52.20, 'C6', 'Credit', 5, NULL, 1, '2026-04-24 19:04:58', '2026-04-24 19:05:00'),
(559, 56, 25, 12, 1, 20.70, 48.80, 69.50, 65.70, 78.60, 54.50, 'B3', 'Good', 3, NULL, 1, '2026-04-24 19:04:58', '2026-04-24 19:05:00'),
(560, 56, 28, 12, 1, 20.70, 48.20, 68.90, 63.20, 73.00, 48.10, 'B3', 'Good', 3, NULL, 1, '2026-04-24 19:04:58', '2026-04-24 19:05:00'),
(561, 57, 1, 12, 1, 18.10, 46.30, 64.40, 72.70, 84.00, 64.40, 'C4', 'Credit', 5, NULL, 1, '2026-04-24 19:04:58', '2026-04-24 19:05:00'),
(562, 57, 2, 12, 1, 18.70, 31.80, 50.50, 68.10, 83.00, 50.50, 'C6', 'Credit', 5, NULL, 1, '2026-04-24 19:04:58', '2026-04-24 19:05:00'),
(563, 57, 8, 12, 1, 17.40, 57.30, 74.70, 75.50, 82.80, 65.40, 'B2', 'Very Good', 3, NULL, 1, '2026-04-24 19:04:58', '2026-04-24 19:05:00'),
(564, 57, 9, 12, 1, 23.30, 53.40, 76.70, 69.10, 84.30, 55.80, 'A1', 'Excellent', 2, NULL, 1, '2026-04-24 19:04:58', '2026-04-24 19:05:00'),
(565, 57, 10, 12, 1, 21.70, 36.80, 58.50, 65.50, 81.20, 46.90, 'C5', 'Credit', 4, NULL, 1, '2026-04-24 19:04:58', '2026-04-24 19:05:00'),
(566, 57, 11, 12, 1, 22.70, 45.40, 68.10, 66.40, 84.70, 57.40, 'B3', 'Good', 2, NULL, 1, '2026-04-24 19:04:58', '2026-04-24 19:05:00'),
(567, 57, 15, 12, 1, 20.30, 34.50, 54.80, 67.50, 84.90, 54.80, 'C6', 'Credit', 5, NULL, 1, '2026-04-24 19:04:58', '2026-04-24 19:05:00'),
(568, 57, 23, 12, 1, 18.80, 35.30, 54.10, 66.10, 88.00, 52.20, 'C6', 'Credit', 4, NULL, 1, '2026-04-24 19:04:58', '2026-04-24 19:05:00'),
(569, 57, 25, 12, 1, 19.40, 35.40, 54.80, 65.70, 78.60, 54.50, 'C6', 'Credit', 4, NULL, 1, '2026-04-24 19:04:58', '2026-04-24 19:05:00'),
(570, 57, 28, 12, 1, 17.60, 30.50, 48.10, 63.20, 73.00, 48.10, 'D7', 'Pass', 5, NULL, 1, '2026-04-24 19:04:58', '2026-04-24 19:05:00'),
(571, 58, 1, 12, 1, 25.20, 54.80, 80.00, 72.70, 84.00, 64.40, 'A1', 'Excellent', 2, NULL, 1, '2026-04-24 19:04:58', '2026-04-24 19:04:59'),
(572, 58, 2, 12, 1, 24.90, 54.50, 79.40, 68.10, 83.00, 50.50, 'A1', 'Excellent', 2, NULL, 1, '2026-04-24 19:04:58', '2026-04-24 19:05:00'),
(573, 58, 8, 12, 1, 21.20, 50.90, 72.10, 75.50, 82.80, 65.40, 'B2', 'Very Good', 4, NULL, 1, '2026-04-24 19:04:58', '2026-04-24 19:05:00'),
(574, 58, 9, 12, 1, 21.40, 34.40, 55.80, 69.10, 84.30, 55.80, 'C5', 'Credit', 5, NULL, 1, '2026-04-24 19:04:58', '2026-04-24 19:05:00'),
(575, 58, 10, 12, 1, 19.10, 62.10, 81.20, 65.50, 81.20, 46.90, 'A1', 'Excellent', 1, NULL, 1, '2026-04-24 19:04:58', '2026-04-24 19:05:00'),
(576, 58, 11, 12, 1, 21.00, 63.70, 84.70, 66.40, 84.70, 57.40, 'A1', 'Excellent', 1, NULL, 1, '2026-04-24 19:04:58', '2026-04-24 19:05:00'),
(577, 58, 15, 12, 1, 20.10, 35.30, 55.40, 67.50, 84.90, 54.80, 'C5', 'Credit', 4, NULL, 1, '2026-04-24 19:04:58', '2026-04-24 19:05:00'),
(578, 58, 23, 12, 1, 21.60, 66.40, 88.00, 66.10, 88.00, 52.20, 'A1', 'Excellent', 1, NULL, 1, '2026-04-24 19:04:58', '2026-04-24 19:05:00'),
(579, 58, 25, 12, 1, 24.50, 30.00, 54.50, 65.70, 78.60, 54.50, 'C6', 'Credit', 5, NULL, 1, '2026-04-24 19:04:58', '2026-04-24 19:05:00'),
(580, 58, 28, 12, 1, 23.50, 46.80, 70.30, 63.20, 73.00, 48.10, 'B2', 'Very Good', 2, NULL, 1, '2026-04-24 19:04:58', '2026-04-24 19:05:00'),
(581, 59, 1, 12, 1, 19.70, 48.10, 67.80, 72.70, 84.00, 64.40, 'B3', 'Good', 3, NULL, 1, '2026-04-24 19:04:58', '2026-04-24 19:04:59'),
(582, 59, 2, 12, 1, 19.20, 57.60, 76.80, 68.10, 83.00, 50.50, 'A1', 'Excellent', 3, NULL, 1, '2026-04-24 19:04:58', '2026-04-24 19:05:00'),
(583, 59, 8, 12, 1, 16.90, 65.90, 82.80, 75.50, 82.80, 65.40, 'A1', 'Excellent', 1, NULL, 1, '2026-04-24 19:04:58', '2026-04-24 19:05:00'),
(584, 59, 9, 12, 1, 17.90, 44.80, 62.70, 69.10, 84.30, 55.80, 'C4', 'Credit', 4, NULL, 1, '2026-04-24 19:04:58', '2026-04-24 19:05:00'),
(585, 59, 10, 12, 1, 21.60, 56.90, 78.50, 65.50, 81.20, 46.90, 'A1', 'Excellent', 2, NULL, 1, '2026-04-24 19:04:58', '2026-04-24 19:05:00'),
(586, 59, 11, 12, 1, 17.90, 39.50, 57.40, 66.40, 84.70, 57.40, 'C5', 'Credit', 5, NULL, 1, '2026-04-24 19:04:58', '2026-04-24 19:05:00'),
(587, 59, 15, 12, 1, 17.10, 63.90, 81.00, 67.50, 84.90, 54.80, 'A1', 'Excellent', 2, NULL, 1, '2026-04-24 19:04:58', '2026-04-24 19:05:00'),
(588, 59, 23, 12, 1, 23.30, 38.90, 62.20, 66.10, 88.00, 52.20, 'C4', 'Credit', 3, NULL, 1, '2026-04-24 19:04:58', '2026-04-24 19:05:00'),
(589, 59, 25, 12, 1, 25.10, 45.80, 70.90, 65.70, 78.60, 54.50, 'B2', 'Very Good', 2, NULL, 1, '2026-04-24 19:04:58', '2026-04-24 19:05:00'),
(590, 59, 28, 12, 1, 15.00, 40.90, 55.90, 63.20, 73.00, 48.10, 'C5', 'Credit', 4, NULL, 1, '2026-04-24 19:04:58', '2026-04-24 19:05:00'),
(591, 60, 1, 12, 1, 19.40, 48.00, 67.40, 72.70, 84.00, 64.40, 'B3', 'Good', 4, NULL, 1, '2026-04-24 19:04:58', '2026-04-24 19:04:59'),
(592, 60, 2, 12, 1, 24.30, 58.70, 83.00, 68.10, 83.00, 50.50, 'A1', 'Excellent', 1, NULL, 1, '2026-04-24 19:04:58', '2026-04-24 19:05:00'),
(593, 60, 8, 12, 1, 15.10, 50.30, 65.40, 75.50, 82.80, 65.40, 'B3', 'Good', 5, NULL, 1, '2026-04-24 19:04:58', '2026-04-24 19:05:00'),
(594, 60, 9, 12, 1, 20.60, 63.70, 84.30, 69.10, 84.30, 55.80, 'A1', 'Excellent', 1, NULL, 1, '2026-04-24 19:04:58', '2026-04-24 19:05:00'),
(595, 60, 10, 12, 1, 16.50, 30.40, 46.90, 65.50, 81.20, 46.90, 'D7', 'Pass', 5, NULL, 1, '2026-04-24 19:04:58', '2026-04-24 19:05:00'),
(596, 60, 11, 12, 1, 22.90, 40.10, 63.00, 66.40, 84.70, 57.40, 'C4', 'Credit', 3, NULL, 1, '2026-04-24 19:04:58', '2026-04-24 19:05:00'),
(597, 60, 15, 12, 1, 18.30, 43.10, 61.40, 67.50, 84.90, 54.80, 'C4', 'Credit', 3, NULL, 1, '2026-04-24 19:04:58', '2026-04-24 19:05:00'),
(598, 60, 23, 12, 1, 21.10, 52.80, 73.90, 66.10, 88.00, 52.20, 'B2', 'Very Good', 2, NULL, 1, '2026-04-24 19:04:58', '2026-04-24 19:05:00'),
(599, 60, 25, 12, 1, 20.30, 58.30, 78.60, 65.70, 78.60, 54.50, 'A1', 'Excellent', 1, NULL, 1, '2026-04-24 19:04:58', '2026-04-24 19:05:00'),
(600, 60, 28, 12, 1, 22.40, 50.60, 73.00, 63.20, 73.00, 48.10, 'B2', 'Very Good', 1, NULL, 1, '2026-04-24 19:04:58', '2026-04-24 19:05:00');

-- --------------------------------------------------------

--
-- Table structure for table `school_calendars`
--

CREATE TABLE `school_calendars` (
  `id` bigint(20) UNSIGNED NOT NULL,
  `title` varchar(100) NOT NULL,
  `date` date NOT NULL,
  `type` enum('public_holiday','mid_term_break','exam','event') NOT NULL DEFAULT 'event',
  `term_id` bigint(20) UNSIGNED DEFAULT NULL,
  `is_public_holiday` tinyint(1) NOT NULL DEFAULT 0,
  `created_at` timestamp NULL DEFAULT NULL,
  `updated_at` timestamp NULL DEFAULT NULL
) ENGINE=InnoDB DEFAULT CHARSET=utf8mb4 COLLATE=utf8mb4_unicode_ci;

-- --------------------------------------------------------

--
-- Table structure for table `school_profile`
--

CREATE TABLE `school_profile` (
  `id` bigint(20) UNSIGNED NOT NULL,
  `name` varchar(255) NOT NULL,
  `short_name` varchar(255) DEFAULT NULL,
  `address` text DEFAULT NULL,
  `logo` varchar(255) DEFAULT NULL,
  `stamp` varchar(255) DEFAULT NULL,
  `motto` varchar(255) DEFAULT NULL,
  `phone` varchar(20) DEFAULT NULL,
  `email` varchar(150) DEFAULT NULL,
  `website` varchar(150) DEFAULT NULL,
  `principal_name` varchar(150) DEFAULT NULL,
  `waec_centre_number` varchar(30) DEFAULT NULL,
  `neco_centre_number` varchar(30) DEFAULT NULL,
  `rc_number` varchar(50) DEFAULT NULL,
  `state` varchar(50) DEFAULT NULL,
  `lga` varchar(50) DEFAULT NULL,
  `city` varchar(100) DEFAULT NULL,
  `ca_weight` tinyint(3) UNSIGNED NOT NULL DEFAULT 30,
  `exam_weight` tinyint(3) UNSIGNED NOT NULL DEFAULT 70,
  `currency_symbol` varchar(5) NOT NULL DEFAULT '₦',
  `timezone` varchar(255) NOT NULL DEFAULT 'Africa/Lagos',
  `paystack_public_key` varchar(255) DEFAULT NULL,
  `paystack_secret_key` varchar(255) DEFAULT NULL,
  `termii_api_key` varchar(255) DEFAULT NULL,
  `termii_sender_id` varchar(20) DEFAULT NULL,
  `mail_from_address` varchar(255) DEFAULT NULL,
  `mail_from_name` varchar(255) DEFAULT NULL,
  `sms_on_absence` tinyint(1) NOT NULL DEFAULT 1,
  `sms_on_payment` tinyint(1) NOT NULL DEFAULT 1,
  `sms_on_result_publish` tinyint(1) NOT NULL DEFAULT 1,
  `created_at` timestamp NULL DEFAULT NULL,
  `updated_at` timestamp NULL DEFAULT NULL
) ENGINE=InnoDB DEFAULT CHARSET=utf8mb4 COLLATE=utf8mb4_unicode_ci;

--
-- Dumping data for table `school_profile`
--

INSERT INTO `school_profile` (`id`, `name`, `short_name`, `address`, `logo`, `stamp`, `motto`, `phone`, `email`, `website`, `principal_name`, `waec_centre_number`, `neco_centre_number`, `rc_number`, `state`, `lga`, `city`, `ca_weight`, `exam_weight`, `currency_symbol`, `timezone`, `paystack_public_key`, `paystack_secret_key`, `termii_api_key`, `termii_sender_id`, `mail_from_address`, `mail_from_name`, `sms_on_absence`, `sms_on_payment`, `sms_on_result_publish`, `created_at`, `updated_at`) VALUES
(1, 'Excellence Academy', 'EA', '14 Bode Thomas Street, Surulere, Lagos', NULL, NULL, 'Knowledge, Character, Excellence', '08012345678', 'admin@excellenceacademy.edu.ng', 'www.excellenceacademy.edu.ng', 'Mr. Adewale Okonkwo', 'LA10245', 'NEC/LA/0034', NULL, 'Lagos', 'Surulere', 'Lagos', 30, 70, '₦', 'Africa/Lagos', NULL, NULL, NULL, NULL, NULL, NULL, 1, 1, 1, '2026-04-24 19:03:06', '2026-04-24 19:04:23');

-- --------------------------------------------------------

--
-- Table structure for table `sessions`
--

CREATE TABLE `sessions` (
  `id` varchar(255) NOT NULL,
  `user_id` bigint(20) UNSIGNED DEFAULT NULL,
  `ip_address` varchar(45) DEFAULT NULL,
  `user_agent` text DEFAULT NULL,
  `payload` longtext NOT NULL,
  `last_activity` int(11) NOT NULL
) ENGINE=InnoDB DEFAULT CHARSET=utf8mb4 COLLATE=utf8mb4_unicode_ci;

--
-- Dumping data for table `sessions`
--

INSERT INTO `sessions` (`id`, `user_id`, `ip_address`, `user_agent`, `payload`, `last_activity`) VALUES
('BirGkd2Yu40WkXX5k33jDCgGbel7cATEL8DIrNa2', 1, '127.0.0.1', 'Mozilla/5.0 (Windows NT 10.0; Win64; x64) AppleWebKit/537.36 (KHTML, like Gecko) Chrome/149.0.0.0 Safari/537.36', 'YTo1OntzOjY6Il90b2tlbiI7czo0MDoiaTBmenY4M2lKa3NpRmJNc0xCbU5YOWVWbnBTdlhYSTNYTUtlN1c2QyI7czo5OiJfcHJldmlvdXMiO2E6Mjp7czozOiJ1cmwiO3M6NTE6Imh0dHA6Ly8xMjcuMC4wLjE6ODAwMC9hZG1pbi9mZWVzL2xlZGdlci8xP3Rlcm1faWQ9MyI7czo1OiJyb3V0ZSI7czoyNToiYWRtaW4uZmVlcy5sZWRnZXIuc3R1ZGVudCI7fXM6NjoiX2ZsYXNoIjthOjI6e3M6Mzoib2xkIjthOjA6e31zOjM6Im5ldyI7YTowOnt9fXM6NTA6ImxvZ2luX3dlYl81OWJhMzZhZGRjMmIyZjk0MDE1ODBmMDE0YzdmNThlYTRlMzA5ODlkIjtpOjE7czo1OiJhbGVydCI7YTowOnt9fQ==', 1782073171),
('jwo6EaIfNQioj0SEjEtYLliYR60LXzbwlIyEQdtg', 72, '127.0.0.1', 'Mozilla/5.0 (Windows NT 10.0; Win64; x64) AppleWebKit/537.36 (KHTML, like Gecko) Chrome/149.0.0.0 Safari/537.36', 'YTo2OntzOjY6Il90b2tlbiI7czo0MDoiVTA3R1FPSFZ1MWJOeVFWWDd0b1NjeU9vc1lRTGI5YkRjSmhOcW15eSI7czo5OiJfcHJldmlvdXMiO2E6Mjp7czozOiJ1cmwiO3M6MzM6Imh0dHA6Ly8xMjcuMC4wLjE6ODAwMC9wYXJlbnQvZmVlcyI7czo1OiJyb3V0ZSI7czoxNzoicGFyZW50LmZlZXMuaW5kZXgiO31zOjY6Il9mbGFzaCI7YToyOntzOjM6Im9sZCI7YTowOnt9czozOiJuZXciO2E6MDp7fX1zOjM6InVybCI7YTowOnt9czo1MDoibG9naW5fd2ViXzU5YmEzNmFkZGMyYjJmOTQwMTU4MGYwMTRjN2Y1OGVhNGUzMDk4OWQiO2k6NzI7czo1OiJhbGVydCI7YTowOnt9fQ==', 1782075713),
('Kcg1gwSCSVIZs3RCF7VLc2iVxJdgsnJL0ailNCDe', NULL, '127.0.0.1', 'Mozilla/5.0 (Windows NT 10.0; Win64; x64) AppleWebKit/537.36 (KHTML, like Gecko) Chrome/149.0.0.0 Safari/537.36', 'YTozOntzOjY6Il90b2tlbiI7czo0MDoieE1RZ1FybXlOcEhxa2FQVEZiQWtmTHVtZVVJekdQZ2d5MVhxQjFGciI7czo5OiJfcHJldmlvdXMiO2E6Mjp7czozOiJ1cmwiO3M6Mjc6Imh0dHA6Ly8xMjcuMC4wLjE6ODAwMC9sb2dpbiI7czo1OiJyb3V0ZSI7czo1OiJsb2dpbiI7fXM6NjoiX2ZsYXNoIjthOjI6e3M6Mzoib2xkIjthOjA6e31zOjM6Im5ldyI7YTowOnt9fX0=', 1782127314),
('mERLRHGJwKOMmlFTKezbhjBHbSTGqjnH7eQuKntw', 72, '127.0.0.1', 'Mozilla/5.0 (Windows NT 10.0; Win64; x64) AppleWebKit/537.36 (KHTML, like Gecko) Chrome/149.0.0.0 Safari/537.36', 'YTo0OntzOjY6Il90b2tlbiI7czo0MDoiZE90U29YdE5WOXJGMWVHWnk0Rjc1VVZqYVlpN3BUeExERFFOVTBxYyI7czo5OiJfcHJldmlvdXMiO2E6Mjp7czozOiJ1cmwiO3M6NTg6Imh0dHA6Ly8xMjcuMC4wLjE6ODAwMC9wYXJlbnQvZmVlcy9yZWNlaXB0L05TTV8yMDI0X0pBTl8wMDMiO3M6NToicm91dGUiO3M6MTk6InBhcmVudC5mZWVzLnJlY2VpcHQiO31zOjY6Il9mbGFzaCI7YToyOntzOjM6Im9sZCI7YTowOnt9czozOiJuZXciO2E6MDp7fX1zOjUwOiJsb2dpbl93ZWJfNTliYTM2YWRkYzJiMmY5NDAxNTgwZjAxNGM3ZjU4ZWE0ZTMwOTg5ZCI7aTo3Mjt9', 1782127867);

-- --------------------------------------------------------

--
-- Table structure for table `settings`
--

CREATE TABLE `settings` (
  `id` bigint(20) UNSIGNED NOT NULL,
  `key` varchar(100) NOT NULL,
  `value` text DEFAULT NULL,
  `group` varchar(50) NOT NULL DEFAULT 'general',
  `created_at` timestamp NULL DEFAULT NULL,
  `updated_at` timestamp NULL DEFAULT NULL
) ENGINE=InnoDB DEFAULT CHARSET=utf8mb4 COLLATE=utf8mb4_unicode_ci;

--
-- Dumping data for table `settings`
--

INSERT INTO `settings` (`id`, `key`, `value`, `group`, `created_at`, `updated_at`) VALUES
(1, 'app_version', '1.0.0', 'general', '2026-04-24 19:03:07', '2026-04-24 19:03:07'),
(2, 'admission_number_prefix', 'ADM', 'general', '2026-04-24 19:03:07', '2026-04-24 19:03:07'),
(3, 'admission_number_include_year', '1', 'general', '2026-04-24 19:03:07', '2026-04-24 19:03:07'),
(4, 'staff_id_prefix', 'STF', 'general', '2026-04-24 19:03:07', '2026-04-24 19:03:07'),
(5, 'receipt_number_prefix', 'RCP', 'general', '2026-04-24 19:03:07', '2026-04-24 19:03:07'),
(6, 'date_format', 'd M Y', 'general', '2026-04-24 19:03:07', '2026-04-24 19:03:07'),
(7, 'result_promotion_basis', 'third_term', 'results', '2026-04-24 19:03:07', '2026-04-24 19:03:07'),
(8, 'show_class_average_on_report_card', '1', 'results', '2026-04-24 19:03:07', '2026-04-24 19:03:07'),
(9, 'show_highest_score_on_report_card', '1', 'results', '2026-04-24 19:03:07', '2026-04-24 19:03:07'),
(10, 'show_lowest_score_on_report_card', '0', 'results', '2026-04-24 19:03:07', '2026-04-24 19:03:07'),
(11, 'show_subject_position_on_report_card', '1', 'results', '2026-04-24 19:03:07', '2026-04-24 19:03:07'),
(12, 'principal_remark_auto_generate', '1', 'results', '2026-04-24 19:03:07', '2026-04-24 19:03:07'),
(13, 'principal_remark_90_plus', 'An outstanding performance. Continue to strive for excellence.', 'results', '2026-04-24 19:03:07', '2026-04-24 19:03:07'),
(14, 'principal_remark_75_plus', 'Excellent performance. Keep up the good work.', 'results', '2026-04-24 19:03:07', '2026-04-24 19:03:07'),
(15, 'principal_remark_60_plus', 'Good performance. There is room for improvement.', 'results', '2026-04-24 19:03:07', '2026-04-24 19:03:07'),
(16, 'principal_remark_50_plus', 'Fair performance. More effort is required.', 'results', '2026-04-24 19:03:07', '2026-04-24 19:03:07'),
(17, 'principal_remark_below_50', 'Below average. Please work harder and seek help where needed.', 'results', '2026-04-24 19:03:07', '2026-04-24 19:03:07'),
(18, 'affective_traits', '[\"Punctuality\",\"Neatness & Appearance\",\"Politeness\",\"Honesty\",\"Self-Control\",\"Perseverance\",\"Co-operation\",\"Leadership\"]', 'results', '2026-04-24 19:03:07', '2026-04-24 19:03:07'),
(19, 'psychomotor_traits', '[\"Handwriting\",\"Drawing & Painting\",\"Sports & Games\",\"Crafts\",\"Musical Skills\",\"Computer Skills\"]', 'results', '2026-04-24 19:03:07', '2026-04-24 19:03:07'),
(20, 'psychomotor_rating_labels', '{\"5\":\"Excellent\",\"4\":\"Very Good\",\"3\":\"Good\",\"2\":\"Fair\",\"1\":\"Poor\"}', 'results', '2026-04-24 19:03:07', '2026-04-24 19:03:07'),
(21, 'late_arrival_grace_minutes', '15', 'attendance', '2026-04-24 19:03:07', '2026-04-24 19:03:07'),
(22, 'minimum_attendance_percentage', '75', 'attendance', '2026-04-24 19:03:07', '2026-04-24 19:03:07'),
(23, 'cbt_auto_save_interval_seconds', '30', 'cbt', '2026-04-24 19:03:07', '2026-04-24 19:03:07'),
(24, 'cbt_default_duration_minutes', '60', 'cbt', '2026-04-24 19:03:07', '2026-04-24 19:03:07'),
(25, 'cbt_show_answers_after_submission', '1', 'cbt', '2026-04-24 19:03:07', '2026-04-24 19:03:07'),
(26, 'sms_template_absence', 'Dear Parent, {student_name} of {class} was marked ABSENT on {date}. Please contact {school_name} if this is unexpected.', 'sms', '2026-04-24 19:03:07', '2026-04-24 19:03:07'),
(27, 'sms_template_payment_confirmed', 'Payment of {amount} received for {student_name} ({class}) - {term}. Balance: {balance}. Thank you. - {school_name}', 'sms', '2026-04-24 19:03:07', '2026-04-24 19:03:07'),
(28, 'sms_template_fee_reminder', 'Dear Parent, {student_name} ({class}) has an outstanding balance of {balance} for {term}. Kindly pay at your earliest convenience. - {school_name}', 'sms', '2026-04-24 19:03:07', '2026-04-24 19:03:07'),
(29, 'sms_template_result_published', 'Dear Parent, {term} results for {student_name} ({class}) are now available. Log in to your parent portal to view and download the report card. - {school_name}', 'sms', '2026-04-24 19:03:07', '2026-04-24 19:03:07'),
(30, 'paystack_payment_description', 'School Fees Payment', 'fees', '2026-04-24 19:03:07', '2026-04-24 19:03:07'),
(31, 'allow_partial_payment', '1', 'fees', '2026-04-24 19:03:07', '2026-04-24 19:03:07'),
(32, 'fee_reminder_auto_schedule', '0', 'fees', '2026-04-24 19:03:07', '2026-04-24 19:03:07'),
(33, 'fee_reminder_day_of_week', 'Monday', 'fees', '2026-04-24 19:03:07', '2026-04-24 19:03:07'),
(34, 'promotion_requires_full_fee_payment', '0', 'promotion', '2026-04-24 19:03:07', '2026-04-24 19:03:07'),
(35, 'max_repeat_years', '2', 'promotion', '2026-04-24 19:03:07', '2026-04-24 19:03:07');

-- --------------------------------------------------------

--
-- Table structure for table `sms_logs`
--

CREATE TABLE `sms_logs` (
  `id` bigint(20) UNSIGNED NOT NULL,
  `sent_by` bigint(20) UNSIGNED DEFAULT NULL,
  `recipient_phone` varchar(20) NOT NULL,
  `recipient_user_id` bigint(20) UNSIGNED DEFAULT NULL,
  `message` text NOT NULL,
  `termii_message_id` varchar(100) DEFAULT NULL,
  `status` enum('Pending','Sent','Delivered','Failed','Rejected') NOT NULL DEFAULT 'Pending',
  `purpose` varchar(100) DEFAULT NULL,
  `cost` decimal(8,4) NOT NULL DEFAULT 0.0000,
  `sent_at` timestamp NULL DEFAULT NULL,
  `created_at` timestamp NULL DEFAULT NULL,
  `updated_at` timestamp NULL DEFAULT NULL
) ENGINE=InnoDB DEFAULT CHARSET=utf8mb4 COLLATE=utf8mb4_unicode_ci;

-- --------------------------------------------------------

--
-- Table structure for table `students`
--

CREATE TABLE `students` (
  `id` bigint(20) UNSIGNED NOT NULL,
  `user_id` bigint(20) UNSIGNED NOT NULL,
  `admission_number` varchar(30) NOT NULL,
  `date_of_birth` date DEFAULT NULL,
  `gender` enum('Male','Female') NOT NULL,
  `religion` enum('Christianity','Islam','Others') DEFAULT NULL,
  `state_of_origin` varchar(50) DEFAULT NULL,
  `lga` varchar(50) DEFAULT NULL,
  `home_address` varchar(255) DEFAULT NULL,
  `blood_group` enum('A+','A-','B+','B-','O+','O-','AB+','AB-') DEFAULT NULL,
  `genotype` enum('AA','AS','SS','AC','SC') DEFAULT NULL,
  `medical_conditions` text DEFAULT NULL,
  `previous_school` varchar(150) DEFAULT NULL,
  `admission_date` date DEFAULT NULL,
  `status` enum('Active','Graduated','Withdrawn','Suspended','Transferred') NOT NULL DEFAULT 'Active',
  `created_at` timestamp NULL DEFAULT NULL,
  `updated_at` timestamp NULL DEFAULT NULL
) ENGINE=InnoDB DEFAULT CHARSET=utf8mb4 COLLATE=utf8mb4_unicode_ci;

--
-- Dumping data for table `students`
--

INSERT INTO `students` (`id`, `user_id`, `admission_number`, `date_of_birth`, `gender`, `religion`, `state_of_origin`, `lga`, `home_address`, `blood_group`, `genotype`, `medical_conditions`, `previous_school`, `admission_date`, `status`, `created_at`, `updated_at`) VALUES
(1, 12, 'ADM/2024/001', '2013-03-26', 'Female', 'Christianity', 'Delta', NULL, NULL, NULL, NULL, NULL, NULL, '2024-09-09', 'Active', '2026-04-24 19:04:27', '2026-04-24 19:04:27'),
(2, 13, 'ADM/2024/002', '2009-12-18', 'Male', 'Islam', 'Ogun', NULL, NULL, NULL, NULL, NULL, NULL, '2024-09-09', 'Active', '2026-04-24 19:04:27', '2026-04-24 19:04:27'),
(3, 14, 'ADM/2024/003', '2009-04-17', 'Female', 'Islam', 'Enugu', NULL, NULL, NULL, NULL, NULL, NULL, '2024-09-09', 'Active', '2026-04-24 19:04:27', '2026-04-24 19:04:27'),
(4, 15, 'ADM/2024/004', '2012-01-23', 'Male', 'Christianity', 'Delta', NULL, NULL, NULL, NULL, NULL, NULL, '2024-09-09', 'Active', '2026-04-24 19:04:27', '2026-04-24 19:04:27'),
(5, 16, 'ADM/2024/005', '2012-07-22', 'Male', 'Christianity', 'Anambra', NULL, NULL, NULL, NULL, NULL, NULL, '2024-09-09', 'Active', '2026-04-24 19:04:28', '2026-04-24 19:04:28'),
(6, 17, 'ADM/2024/006', '2012-06-02', 'Female', 'Christianity', 'Anambra', NULL, NULL, NULL, NULL, NULL, NULL, '2024-09-09', 'Active', '2026-04-24 19:04:28', '2026-04-24 19:04:28'),
(7, 18, 'ADM/2024/007', '2009-01-22', 'Male', 'Christianity', 'Oyo', NULL, NULL, NULL, NULL, NULL, NULL, '2024-09-09', 'Active', '2026-04-24 19:04:28', '2026-04-24 19:04:28'),
(8, 19, 'ADM/2024/008', '2008-10-11', 'Female', 'Christianity', 'Anambra', NULL, NULL, NULL, NULL, NULL, NULL, '2024-09-09', 'Active', '2026-04-24 19:04:28', '2026-04-24 19:04:28'),
(9, 20, 'ADM/2024/009', '2009-09-09', 'Male', 'Islam', 'Enugu', NULL, NULL, NULL, NULL, NULL, NULL, '2024-09-09', 'Active', '2026-04-24 19:04:29', '2026-04-24 19:04:29'),
(10, 21, 'ADM/2024/010', '2010-07-03', 'Male', 'Islam', 'Anambra', NULL, NULL, NULL, NULL, NULL, NULL, '2024-09-09', 'Active', '2026-04-24 19:04:29', '2026-04-24 19:04:29'),
(11, 22, 'ADM/2024/011', '2013-06-12', 'Female', 'Christianity', 'Enugu', NULL, NULL, NULL, NULL, NULL, NULL, '2024-09-09', 'Active', '2026-04-24 19:04:29', '2026-04-24 19:04:29'),
(12, 23, 'ADM/2024/012', '2009-01-26', 'Male', 'Islam', 'Kano', NULL, NULL, NULL, NULL, NULL, NULL, '2024-09-09', 'Active', '2026-04-24 19:04:29', '2026-04-24 19:04:29'),
(13, 24, 'ADM/2024/013', '2014-03-22', 'Female', 'Christianity', 'Anambra', NULL, NULL, NULL, NULL, NULL, NULL, '2024-09-09', 'Active', '2026-04-24 19:04:30', '2026-04-24 19:04:30'),
(14, 25, 'ADM/2024/014', '2009-04-09', 'Male', 'Islam', 'Rivers', NULL, NULL, NULL, NULL, NULL, NULL, '2024-09-09', 'Active', '2026-04-24 19:04:30', '2026-04-24 19:04:30'),
(15, 26, 'ADM/2024/015', '2013-07-22', 'Male', 'Islam', 'Rivers', NULL, NULL, NULL, NULL, NULL, NULL, '2024-09-09', 'Active', '2026-04-24 19:04:30', '2026-04-24 19:04:30'),
(16, 27, 'ADM/2024/016', '2010-05-04', 'Female', 'Christianity', 'Kano', NULL, NULL, NULL, NULL, NULL, NULL, '2024-09-09', 'Active', '2026-04-24 19:04:30', '2026-04-24 19:04:30'),
(17, 28, 'ADM/2024/017', '2009-08-19', 'Male', 'Islam', 'Lagos', NULL, NULL, NULL, NULL, NULL, NULL, '2024-09-09', 'Active', '2026-04-24 19:04:31', '2026-04-24 19:04:31'),
(18, 29, 'ADM/2024/018', '2015-02-17', 'Female', 'Islam', 'Rivers', NULL, NULL, NULL, NULL, NULL, NULL, '2024-09-09', 'Active', '2026-04-24 19:04:31', '2026-04-24 19:04:31'),
(19, 30, 'ADM/2024/019', '2009-04-24', 'Male', 'Christianity', 'Ogun', NULL, NULL, NULL, NULL, NULL, NULL, '2024-09-09', 'Active', '2026-04-24 19:04:31', '2026-04-24 19:04:31'),
(20, 31, 'ADM/2024/020', '2014-12-05', 'Male', 'Christianity', 'Anambra', NULL, NULL, NULL, NULL, NULL, NULL, '2024-09-09', 'Active', '2026-04-24 19:04:31', '2026-04-24 19:04:31'),
(21, 32, 'ADM/2024/021', '2008-05-04', 'Female', 'Christianity', 'Enugu', NULL, NULL, NULL, NULL, NULL, NULL, '2024-09-09', 'Active', '2026-04-24 19:04:32', '2026-04-24 19:04:32'),
(22, 33, 'ADM/2024/022', '2011-02-23', 'Male', 'Islam', 'Ogun', NULL, NULL, NULL, NULL, NULL, NULL, '2024-09-09', 'Active', '2026-04-24 19:04:32', '2026-04-24 19:04:32'),
(23, 34, 'ADM/2024/023', '2010-06-25', 'Female', 'Christianity', 'Anambra', NULL, NULL, NULL, NULL, NULL, NULL, '2024-09-09', 'Active', '2026-04-24 19:04:32', '2026-04-24 19:04:32'),
(24, 35, 'ADM/2024/024', '2012-02-14', 'Male', 'Christianity', 'Ogun', NULL, NULL, NULL, NULL, NULL, NULL, '2024-09-09', 'Active', '2026-04-24 19:04:32', '2026-04-24 19:04:32'),
(25, 36, 'ADM/2024/025', '2011-04-07', 'Male', 'Islam', 'Rivers', NULL, NULL, NULL, NULL, NULL, NULL, '2024-09-09', 'Active', '2026-04-24 19:04:33', '2026-04-24 19:04:33'),
(26, 37, 'ADM/2024/026', '2011-11-12', 'Female', 'Christianity', 'Lagos', NULL, NULL, NULL, NULL, NULL, NULL, '2024-09-09', 'Active', '2026-04-24 19:04:33', '2026-04-24 19:04:33'),
(27, 38, 'ADM/2024/027', '2013-09-03', 'Male', 'Christianity', 'Rivers', NULL, NULL, NULL, NULL, NULL, NULL, '2024-09-09', 'Active', '2026-04-24 19:04:33', '2026-04-24 19:04:33'),
(28, 39, 'ADM/2024/028', '2015-03-09', 'Female', 'Christianity', 'Delta', NULL, NULL, NULL, NULL, NULL, NULL, '2024-09-09', 'Active', '2026-04-24 19:04:33', '2026-04-24 19:04:33'),
(29, 40, 'ADM/2024/029', '2014-03-26', 'Male', 'Christianity', 'Anambra', NULL, NULL, NULL, NULL, NULL, NULL, '2024-09-09', 'Active', '2026-04-24 19:04:34', '2026-04-24 19:04:34'),
(30, 41, 'ADM/2024/030', '2008-06-24', 'Male', 'Islam', 'Delta', NULL, NULL, NULL, NULL, NULL, NULL, '2024-09-09', 'Active', '2026-04-24 19:04:34', '2026-04-24 19:04:34'),
(31, 42, 'ADM/2024/031', '2010-05-04', 'Female', 'Islam', 'Rivers', NULL, NULL, NULL, NULL, NULL, NULL, '2024-09-09', 'Active', '2026-04-24 19:04:34', '2026-04-24 19:04:34'),
(32, 43, 'ADM/2024/032', '2015-02-07', 'Male', 'Islam', 'Rivers', NULL, NULL, NULL, NULL, NULL, NULL, '2024-09-09', 'Active', '2026-04-24 19:04:34', '2026-04-24 19:04:34'),
(33, 44, 'ADM/2024/033', '2007-05-24', 'Female', 'Christianity', 'Lagos', NULL, NULL, NULL, NULL, NULL, NULL, '2024-09-09', 'Active', '2026-04-24 19:04:35', '2026-04-24 19:04:35'),
(34, 45, 'ADM/2024/034', '2010-04-15', 'Male', 'Christianity', 'Ogun', NULL, NULL, NULL, NULL, NULL, NULL, '2024-09-09', 'Active', '2026-04-24 19:04:35', '2026-04-24 19:04:35'),
(35, 46, 'ADM/2024/035', '2013-08-19', 'Male', 'Christianity', 'Lagos', NULL, NULL, NULL, NULL, NULL, NULL, '2024-09-09', 'Active', '2026-04-24 19:04:35', '2026-04-24 19:04:35'),
(36, 47, 'ADM/2024/036', '2007-06-27', 'Female', 'Christianity', 'Rivers', NULL, NULL, NULL, NULL, NULL, NULL, '2024-09-09', 'Active', '2026-04-24 19:04:35', '2026-04-24 19:04:35'),
(37, 48, 'ADM/2024/037', '2014-04-14', 'Male', 'Christianity', 'Enugu', NULL, NULL, NULL, NULL, NULL, NULL, '2024-09-09', 'Active', '2026-04-24 19:04:36', '2026-04-24 19:04:36'),
(38, 49, 'ADM/2024/038', '2012-12-10', 'Female', 'Islam', 'Anambra', NULL, NULL, NULL, NULL, NULL, NULL, '2024-09-09', 'Active', '2026-04-24 19:04:36', '2026-04-24 19:04:36'),
(39, 50, 'ADM/2024/039', '2009-10-04', 'Male', 'Christianity', 'Enugu', NULL, NULL, NULL, NULL, NULL, NULL, '2024-09-09', 'Active', '2026-04-24 19:04:37', '2026-04-24 19:04:37'),
(40, 51, 'ADM/2024/040', '2013-02-01', 'Male', 'Christianity', 'Rivers', NULL, NULL, NULL, NULL, NULL, NULL, '2024-09-09', 'Active', '2026-04-24 19:04:37', '2026-04-24 19:04:37'),
(41, 52, 'ADM/2024/041', '2008-04-14', 'Female', 'Christianity', 'Enugu', NULL, NULL, NULL, NULL, NULL, NULL, '2024-09-09', 'Active', '2026-04-24 19:04:37', '2026-04-24 19:04:37'),
(42, 53, 'ADM/2024/042', '2011-11-25', 'Male', 'Islam', 'Anambra', NULL, NULL, NULL, NULL, NULL, NULL, '2024-09-09', 'Active', '2026-04-24 19:04:37', '2026-04-24 19:04:37'),
(43, 54, 'ADM/2024/043', '2008-02-03', 'Female', 'Christianity', 'Delta', NULL, NULL, NULL, NULL, NULL, NULL, '2024-09-09', 'Active', '2026-04-24 19:04:38', '2026-04-24 19:04:38'),
(44, 55, 'ADM/2024/044', '2011-05-07', 'Male', 'Islam', 'Oyo', NULL, NULL, NULL, NULL, NULL, NULL, '2024-09-09', 'Active', '2026-04-24 19:04:38', '2026-04-24 19:04:38'),
(45, 56, 'ADM/2024/045', '2010-06-07', 'Male', 'Christianity', 'Oyo', NULL, NULL, NULL, NULL, NULL, NULL, '2024-09-09', 'Active', '2026-04-24 19:04:38', '2026-04-24 19:04:38'),
(46, 57, 'ADM/2024/046', '2007-09-12', 'Female', 'Islam', 'Kano', NULL, NULL, NULL, NULL, NULL, NULL, '2024-09-09', 'Active', '2026-04-24 19:04:39', '2026-04-24 19:04:39'),
(47, 58, 'ADM/2024/047', '2008-02-16', 'Male', 'Islam', 'Kano', NULL, NULL, NULL, NULL, NULL, NULL, '2024-09-09', 'Active', '2026-04-24 19:04:39', '2026-04-24 19:04:39'),
(48, 59, 'ADM/2024/048', '2011-07-09', 'Female', 'Christianity', 'Ogun', NULL, NULL, NULL, NULL, NULL, NULL, '2024-09-09', 'Active', '2026-04-24 19:04:39', '2026-04-24 19:04:39'),
(49, 60, 'ADM/2024/049', '2008-04-24', 'Male', 'Islam', 'Rivers', NULL, NULL, NULL, NULL, NULL, NULL, '2024-09-09', 'Active', '2026-04-24 19:04:39', '2026-04-24 19:04:39'),
(50, 61, 'ADM/2024/050', '2013-06-22', 'Male', 'Islam', 'Enugu', NULL, NULL, NULL, NULL, NULL, NULL, '2024-09-09', 'Active', '2026-04-24 19:04:40', '2026-04-24 19:04:40'),
(51, 62, 'ADM/2024/051', '2011-05-17', 'Female', 'Christianity', 'Enugu', NULL, NULL, NULL, NULL, NULL, NULL, '2024-09-09', 'Active', '2026-04-24 19:04:40', '2026-04-24 19:04:40'),
(52, 63, 'ADM/2024/052', '2009-04-20', 'Male', 'Christianity', 'Enugu', NULL, NULL, NULL, NULL, NULL, NULL, '2024-09-09', 'Active', '2026-04-24 19:04:40', '2026-04-24 19:04:40'),
(53, 64, 'ADM/2024/053', '2011-01-01', 'Female', 'Christianity', 'Anambra', NULL, NULL, NULL, NULL, NULL, NULL, '2024-09-09', 'Active', '2026-04-24 19:04:40', '2026-04-24 19:04:40'),
(54, 65, 'ADM/2024/054', '2009-01-12', 'Male', 'Islam', 'Rivers', NULL, NULL, NULL, NULL, NULL, NULL, '2024-09-09', 'Active', '2026-04-24 19:04:41', '2026-04-24 19:04:41'),
(55, 66, 'ADM/2024/055', '2013-03-07', 'Male', 'Islam', 'Oyo', NULL, NULL, NULL, NULL, NULL, NULL, '2024-09-09', 'Active', '2026-04-24 19:04:41', '2026-04-24 19:04:41'),
(56, 67, 'ADM/2024/056', '2009-08-05', 'Female', 'Islam', 'Lagos', NULL, NULL, NULL, NULL, NULL, NULL, '2024-09-09', 'Active', '2026-04-24 19:04:41', '2026-04-24 19:04:41'),
(57, 68, 'ADM/2024/057', '2012-11-05', 'Male', 'Islam', 'Lagos', NULL, NULL, NULL, NULL, NULL, NULL, '2024-09-09', 'Active', '2026-04-24 19:04:41', '2026-04-24 19:04:41'),
(58, 69, 'ADM/2024/058', '2012-02-28', 'Female', 'Islam', 'Ogun', NULL, NULL, NULL, NULL, NULL, NULL, '2024-09-09', 'Active', '2026-04-24 19:04:42', '2026-04-24 19:04:42'),
(59, 70, 'ADM/2024/059', '2011-10-03', 'Male', 'Islam', 'Oyo', NULL, NULL, NULL, NULL, NULL, NULL, '2024-09-09', 'Active', '2026-04-24 19:04:42', '2026-04-24 19:04:42'),
(60, 71, 'ADM/2024/060', '2013-08-08', 'Male', 'Islam', 'Anambra', NULL, NULL, NULL, NULL, NULL, NULL, '2024-09-09', 'Active', '2026-04-24 19:04:42', '2026-04-24 19:04:42');

-- --------------------------------------------------------

--
-- Table structure for table `student_enrollments`
--

CREATE TABLE `student_enrollments` (
  `id` bigint(20) UNSIGNED NOT NULL,
  `student_id` bigint(20) UNSIGNED NOT NULL,
  `class_arm_id` bigint(20) UNSIGNED NOT NULL,
  `session_id` bigint(20) UNSIGNED NOT NULL,
  `term_id` bigint(20) UNSIGNED NOT NULL,
  `enrollment_date` date DEFAULT NULL,
  `is_active` tinyint(1) NOT NULL DEFAULT 1,
  `created_at` timestamp NULL DEFAULT NULL,
  `updated_at` timestamp NULL DEFAULT NULL
) ENGINE=InnoDB DEFAULT CHARSET=utf8mb4 COLLATE=utf8mb4_unicode_ci;

--
-- Dumping data for table `student_enrollments`
--

INSERT INTO `student_enrollments` (`id`, `student_id`, `class_arm_id`, `session_id`, `term_id`, `enrollment_date`, `is_active`, `created_at`, `updated_at`) VALUES
(1, 1, 1, 1, 1, '2024-09-09', 1, '2026-04-24 19:04:27', '2026-04-24 19:04:27'),
(2, 2, 1, 1, 1, '2024-09-09', 1, '2026-04-24 19:04:27', '2026-04-24 19:04:27'),
(3, 3, 1, 1, 1, '2024-09-09', 1, '2026-04-24 19:04:27', '2026-04-24 19:04:27'),
(4, 4, 1, 1, 1, '2024-09-09', 1, '2026-04-24 19:04:27', '2026-04-24 19:04:27'),
(5, 5, 1, 1, 1, '2024-09-09', 1, '2026-04-24 19:04:28', '2026-04-24 19:04:28'),
(6, 6, 2, 1, 1, '2024-09-09', 1, '2026-04-24 19:04:28', '2026-04-24 19:04:28'),
(7, 7, 2, 1, 1, '2024-09-09', 1, '2026-04-24 19:04:28', '2026-04-24 19:04:28'),
(8, 8, 2, 1, 1, '2024-09-09', 1, '2026-04-24 19:04:28', '2026-04-24 19:04:28'),
(9, 9, 2, 1, 1, '2024-09-09', 1, '2026-04-24 19:04:29', '2026-04-24 19:04:29'),
(10, 10, 2, 1, 1, '2024-09-09', 1, '2026-04-24 19:04:29', '2026-04-24 19:04:29'),
(11, 11, 3, 1, 1, '2024-09-09', 1, '2026-04-24 19:04:29', '2026-04-24 19:04:29'),
(12, 12, 3, 1, 1, '2024-09-09', 1, '2026-04-24 19:04:29', '2026-04-24 19:04:29'),
(13, 13, 3, 1, 1, '2024-09-09', 1, '2026-04-24 19:04:30', '2026-04-24 19:04:30'),
(14, 14, 3, 1, 1, '2024-09-09', 1, '2026-04-24 19:04:30', '2026-04-24 19:04:30'),
(15, 15, 3, 1, 1, '2024-09-09', 1, '2026-04-24 19:04:30', '2026-04-24 19:04:30'),
(16, 16, 4, 1, 1, '2024-09-09', 1, '2026-04-24 19:04:30', '2026-04-24 19:04:30'),
(17, 17, 4, 1, 1, '2024-09-09', 1, '2026-04-24 19:04:31', '2026-04-24 19:04:31'),
(18, 18, 4, 1, 1, '2024-09-09', 1, '2026-04-24 19:04:31', '2026-04-24 19:04:31'),
(19, 19, 4, 1, 1, '2024-09-09', 1, '2026-04-24 19:04:31', '2026-04-24 19:04:31'),
(20, 20, 4, 1, 1, '2024-09-09', 1, '2026-04-24 19:04:31', '2026-04-24 19:04:31'),
(21, 21, 5, 1, 1, '2024-09-09', 1, '2026-04-24 19:04:32', '2026-04-24 19:04:32'),
(22, 22, 5, 1, 1, '2024-09-09', 1, '2026-04-24 19:04:32', '2026-04-24 19:04:32'),
(23, 23, 5, 1, 1, '2024-09-09', 1, '2026-04-24 19:04:32', '2026-04-24 19:04:32'),
(24, 24, 5, 1, 1, '2024-09-09', 1, '2026-04-24 19:04:32', '2026-04-24 19:04:32'),
(25, 25, 5, 1, 1, '2024-09-09', 1, '2026-04-24 19:04:33', '2026-04-24 19:04:33'),
(26, 26, 6, 1, 1, '2024-09-09', 1, '2026-04-24 19:04:33', '2026-04-24 19:04:33'),
(27, 27, 6, 1, 1, '2024-09-09', 1, '2026-04-24 19:04:33', '2026-04-24 19:04:33'),
(28, 28, 6, 1, 1, '2024-09-09', 1, '2026-04-24 19:04:33', '2026-04-24 19:04:33'),
(29, 29, 6, 1, 1, '2024-09-09', 1, '2026-04-24 19:04:34', '2026-04-24 19:04:34'),
(30, 30, 6, 1, 1, '2024-09-09', 1, '2026-04-24 19:04:34', '2026-04-24 19:04:34'),
(31, 31, 7, 1, 1, '2024-09-09', 1, '2026-04-24 19:04:34', '2026-04-24 19:04:34'),
(32, 32, 7, 1, 1, '2024-09-09', 1, '2026-04-24 19:04:34', '2026-04-24 19:04:34'),
(33, 33, 7, 1, 1, '2024-09-09', 1, '2026-04-24 19:04:35', '2026-04-24 19:04:35'),
(34, 34, 7, 1, 1, '2024-09-09', 1, '2026-04-24 19:04:35', '2026-04-24 19:04:35'),
(35, 35, 7, 1, 1, '2024-09-09', 1, '2026-04-24 19:04:35', '2026-04-24 19:04:35'),
(36, 36, 8, 1, 1, '2024-09-09', 1, '2026-04-24 19:04:35', '2026-04-24 19:04:35'),
(37, 37, 8, 1, 1, '2024-09-09', 1, '2026-04-24 19:04:36', '2026-04-24 19:04:36'),
(38, 38, 8, 1, 1, '2024-09-09', 1, '2026-04-24 19:04:36', '2026-04-24 19:04:36'),
(39, 39, 8, 1, 1, '2024-09-09', 1, '2026-04-24 19:04:37', '2026-04-24 19:04:37'),
(40, 40, 8, 1, 1, '2024-09-09', 1, '2026-04-24 19:04:37', '2026-04-24 19:04:37'),
(41, 41, 9, 1, 1, '2024-09-09', 1, '2026-04-24 19:04:37', '2026-04-24 19:04:37'),
(42, 42, 9, 1, 1, '2024-09-09', 1, '2026-04-24 19:04:37', '2026-04-24 19:04:37'),
(43, 43, 9, 1, 1, '2024-09-09', 1, '2026-04-24 19:04:38', '2026-04-24 19:04:38'),
(44, 44, 9, 1, 1, '2024-09-09', 1, '2026-04-24 19:04:38', '2026-04-24 19:04:38'),
(45, 45, 9, 1, 1, '2024-09-09', 1, '2026-04-24 19:04:38', '2026-04-24 19:04:38'),
(46, 46, 10, 1, 1, '2024-09-09', 1, '2026-04-24 19:04:39', '2026-04-24 19:04:39'),
(47, 47, 10, 1, 1, '2024-09-09', 1, '2026-04-24 19:04:39', '2026-04-24 19:04:39'),
(48, 48, 10, 1, 1, '2024-09-09', 1, '2026-04-24 19:04:39', '2026-04-24 19:04:39'),
(49, 49, 10, 1, 1, '2024-09-09', 1, '2026-04-24 19:04:39', '2026-04-24 19:04:39'),
(50, 50, 10, 1, 1, '2024-09-09', 1, '2026-04-24 19:04:40', '2026-04-24 19:04:40'),
(51, 51, 11, 1, 1, '2024-09-09', 1, '2026-04-24 19:04:40', '2026-04-24 19:04:40'),
(52, 52, 11, 1, 1, '2024-09-09', 1, '2026-04-24 19:04:40', '2026-04-24 19:04:40'),
(53, 53, 11, 1, 1, '2024-09-09', 1, '2026-04-24 19:04:40', '2026-04-24 19:04:40'),
(54, 54, 11, 1, 1, '2024-09-09', 1, '2026-04-24 19:04:41', '2026-04-24 19:04:41'),
(55, 55, 11, 1, 1, '2024-09-09', 1, '2026-04-24 19:04:41', '2026-04-24 19:04:41'),
(56, 56, 12, 1, 1, '2024-09-09', 1, '2026-04-24 19:04:41', '2026-04-24 19:04:41'),
(57, 57, 12, 1, 1, '2024-09-09', 1, '2026-04-24 19:04:41', '2026-04-24 19:04:41'),
(58, 58, 12, 1, 1, '2024-09-09', 1, '2026-04-24 19:04:42', '2026-04-24 19:04:42'),
(59, 59, 12, 1, 1, '2024-09-09', 1, '2026-04-24 19:04:42', '2026-04-24 19:04:42'),
(60, 60, 12, 1, 1, '2024-09-09', 1, '2026-04-24 19:04:42', '2026-04-24 19:04:42');

-- --------------------------------------------------------

--
-- Table structure for table `student_fee_ledger`
--

CREATE TABLE `student_fee_ledger` (
  `id` bigint(20) UNSIGNED NOT NULL,
  `student_id` bigint(20) UNSIGNED NOT NULL,
  `fee_structure_id` bigint(20) UNSIGNED NOT NULL,
  `term_id` bigint(20) UNSIGNED NOT NULL,
  `original_amount` decimal(12,2) NOT NULL,
  `discount_amount` decimal(12,2) NOT NULL DEFAULT 0.00,
  `discount_reason` varchar(500) DEFAULT NULL,
  `net_amount` decimal(12,2) NOT NULL,
  `amount_paid` decimal(12,2) NOT NULL DEFAULT 0.00,
  `status` enum('Unpaid','Partial','Paid') NOT NULL DEFAULT 'Unpaid',
  `created_at` timestamp NULL DEFAULT NULL,
  `updated_at` timestamp NULL DEFAULT NULL
) ENGINE=InnoDB DEFAULT CHARSET=utf8mb4 COLLATE=utf8mb4_unicode_ci;

--
-- Dumping data for table `student_fee_ledger`
--

INSERT INTO `student_fee_ledger` (`id`, `student_id`, `fee_structure_id`, `term_id`, `original_amount`, `discount_amount`, `discount_reason`, `net_amount`, `amount_paid`, `status`, `created_at`, `updated_at`) VALUES
(1, 1, 1, 1, 45000.00, 0.00, NULL, 45000.00, 45000.00, 'Paid', '2026-04-24 19:04:50', '2026-04-24 19:04:50'),
(2, 1, 2, 1, 3000.00, 0.00, NULL, 3000.00, 3000.00, 'Paid', '2026-04-24 19:04:50', '2026-04-24 19:04:50'),
(3, 1, 3, 1, 8000.00, 0.00, NULL, 8000.00, 8000.00, 'Paid', '2026-04-24 19:04:51', '2026-04-24 19:04:51'),
(4, 2, 1, 1, 45000.00, 0.00, NULL, 45000.00, 45000.00, 'Paid', '2026-04-24 19:04:51', '2026-04-24 19:04:51'),
(5, 2, 2, 1, 3000.00, 0.00, NULL, 3000.00, 3000.00, 'Paid', '2026-04-24 19:04:51', '2026-04-24 19:04:51'),
(6, 2, 3, 1, 8000.00, 0.00, NULL, 8000.00, 8000.00, 'Paid', '2026-04-24 19:04:51', '2026-04-24 19:04:51'),
(7, 3, 1, 1, 45000.00, 0.00, NULL, 45000.00, 22500.00, 'Partial', '2026-04-24 19:04:51', '2026-04-24 19:04:51'),
(8, 3, 2, 1, 3000.00, 0.00, NULL, 3000.00, 1500.00, 'Partial', '2026-04-24 19:04:51', '2026-04-24 19:04:51'),
(9, 3, 3, 1, 8000.00, 0.00, NULL, 8000.00, 4000.00, 'Partial', '2026-04-24 19:04:51', '2026-04-24 19:04:51'),
(10, 4, 1, 1, 45000.00, 0.00, NULL, 45000.00, 0.00, 'Unpaid', '2026-04-24 19:04:51', '2026-04-24 19:04:51'),
(11, 4, 2, 1, 3000.00, 0.00, NULL, 3000.00, 0.00, 'Unpaid', '2026-04-24 19:04:51', '2026-04-24 19:04:51'),
(12, 4, 3, 1, 8000.00, 0.00, NULL, 8000.00, 0.00, 'Unpaid', '2026-04-24 19:04:51', '2026-04-24 19:04:51'),
(13, 5, 1, 1, 45000.00, 0.00, NULL, 45000.00, 45000.00, 'Paid', '2026-04-24 19:04:51', '2026-04-24 19:04:51'),
(14, 5, 2, 1, 3000.00, 0.00, NULL, 3000.00, 3000.00, 'Paid', '2026-04-24 19:04:51', '2026-04-24 19:04:51'),
(15, 5, 3, 1, 8000.00, 0.00, NULL, 8000.00, 8000.00, 'Paid', '2026-04-24 19:04:51', '2026-04-24 19:04:51'),
(16, 6, 1, 1, 45000.00, 0.00, NULL, 45000.00, 45000.00, 'Paid', '2026-04-24 19:04:51', '2026-04-24 19:04:51'),
(17, 6, 2, 1, 3000.00, 0.00, NULL, 3000.00, 3000.00, 'Paid', '2026-04-24 19:04:51', '2026-04-24 19:04:51'),
(18, 6, 3, 1, 8000.00, 0.00, NULL, 8000.00, 8000.00, 'Paid', '2026-04-24 19:04:51', '2026-04-24 19:04:51'),
(19, 7, 1, 1, 45000.00, 0.00, NULL, 45000.00, 45000.00, 'Paid', '2026-04-24 19:04:51', '2026-04-24 19:04:51'),
(20, 7, 2, 1, 3000.00, 0.00, NULL, 3000.00, 3000.00, 'Paid', '2026-04-24 19:04:51', '2026-04-24 19:04:51'),
(21, 7, 3, 1, 8000.00, 0.00, NULL, 8000.00, 8000.00, 'Paid', '2026-04-24 19:04:51', '2026-04-24 19:04:51'),
(22, 8, 1, 1, 45000.00, 0.00, NULL, 45000.00, 22500.00, 'Partial', '2026-04-24 19:04:51', '2026-04-24 19:04:51'),
(23, 8, 2, 1, 3000.00, 0.00, NULL, 3000.00, 1500.00, 'Partial', '2026-04-24 19:04:51', '2026-04-24 19:04:51'),
(24, 8, 3, 1, 8000.00, 0.00, NULL, 8000.00, 4000.00, 'Partial', '2026-04-24 19:04:51', '2026-04-24 19:04:51'),
(25, 9, 1, 1, 45000.00, 0.00, NULL, 45000.00, 0.00, 'Unpaid', '2026-04-24 19:04:51', '2026-04-24 19:04:51'),
(26, 9, 2, 1, 3000.00, 0.00, NULL, 3000.00, 0.00, 'Unpaid', '2026-04-24 19:04:51', '2026-04-24 19:04:51'),
(27, 9, 3, 1, 8000.00, 0.00, NULL, 8000.00, 0.00, 'Unpaid', '2026-04-24 19:04:51', '2026-04-24 19:04:51'),
(28, 10, 1, 1, 45000.00, 0.00, NULL, 45000.00, 45000.00, 'Paid', '2026-04-24 19:04:51', '2026-04-24 19:04:51'),
(29, 10, 2, 1, 3000.00, 0.00, NULL, 3000.00, 3000.00, 'Paid', '2026-04-24 19:04:51', '2026-04-24 19:04:51'),
(30, 10, 3, 1, 8000.00, 0.00, NULL, 8000.00, 8000.00, 'Paid', '2026-04-24 19:04:51', '2026-04-24 19:04:51'),
(31, 11, 10, 1, 45000.00, 0.00, NULL, 45000.00, 45000.00, 'Paid', '2026-04-24 19:04:51', '2026-04-24 19:04:51'),
(32, 11, 11, 1, 3000.00, 0.00, NULL, 3000.00, 3000.00, 'Paid', '2026-04-24 19:04:51', '2026-04-24 19:04:51'),
(33, 11, 12, 1, 8000.00, 0.00, NULL, 8000.00, 8000.00, 'Paid', '2026-04-24 19:04:51', '2026-04-24 19:04:51'),
(34, 12, 10, 1, 45000.00, 0.00, NULL, 45000.00, 45000.00, 'Paid', '2026-04-24 19:04:51', '2026-04-24 19:04:51'),
(35, 12, 11, 1, 3000.00, 0.00, NULL, 3000.00, 3000.00, 'Paid', '2026-04-24 19:04:51', '2026-04-24 19:04:51'),
(36, 12, 12, 1, 8000.00, 0.00, NULL, 8000.00, 8000.00, 'Paid', '2026-04-24 19:04:51', '2026-04-24 19:04:51'),
(37, 13, 10, 1, 45000.00, 0.00, NULL, 45000.00, 22500.00, 'Partial', '2026-04-24 19:04:51', '2026-04-24 19:04:51'),
(38, 13, 11, 1, 3000.00, 0.00, NULL, 3000.00, 1500.00, 'Partial', '2026-04-24 19:04:51', '2026-04-24 19:04:51'),
(39, 13, 12, 1, 8000.00, 0.00, NULL, 8000.00, 4000.00, 'Partial', '2026-04-24 19:04:51', '2026-04-24 19:04:51'),
(40, 14, 10, 1, 45000.00, 0.00, NULL, 45000.00, 0.00, 'Unpaid', '2026-04-24 19:04:51', '2026-04-24 19:04:51'),
(41, 14, 11, 1, 3000.00, 0.00, NULL, 3000.00, 0.00, 'Unpaid', '2026-04-24 19:04:51', '2026-04-24 19:04:51'),
(42, 14, 12, 1, 8000.00, 0.00, NULL, 8000.00, 0.00, 'Unpaid', '2026-04-24 19:04:51', '2026-04-24 19:04:51'),
(43, 15, 10, 1, 45000.00, 0.00, NULL, 45000.00, 45000.00, 'Paid', '2026-04-24 19:04:51', '2026-04-24 19:04:51'),
(44, 15, 11, 1, 3000.00, 0.00, NULL, 3000.00, 3000.00, 'Paid', '2026-04-24 19:04:51', '2026-04-24 19:04:51'),
(45, 15, 12, 1, 8000.00, 0.00, NULL, 8000.00, 8000.00, 'Paid', '2026-04-24 19:04:51', '2026-04-24 19:04:51'),
(46, 16, 10, 1, 45000.00, 0.00, NULL, 45000.00, 45000.00, 'Paid', '2026-04-24 19:04:51', '2026-04-24 19:04:51'),
(47, 16, 11, 1, 3000.00, 0.00, NULL, 3000.00, 3000.00, 'Paid', '2026-04-24 19:04:51', '2026-04-24 19:04:51'),
(48, 16, 12, 1, 8000.00, 0.00, NULL, 8000.00, 8000.00, 'Paid', '2026-04-24 19:04:51', '2026-04-24 19:04:51'),
(49, 17, 10, 1, 45000.00, 0.00, NULL, 45000.00, 45000.00, 'Paid', '2026-04-24 19:04:51', '2026-04-24 19:04:51'),
(50, 17, 11, 1, 3000.00, 0.00, NULL, 3000.00, 3000.00, 'Paid', '2026-04-24 19:04:51', '2026-04-24 19:04:51'),
(51, 17, 12, 1, 8000.00, 0.00, NULL, 8000.00, 8000.00, 'Paid', '2026-04-24 19:04:51', '2026-04-24 19:04:51'),
(52, 18, 10, 1, 45000.00, 0.00, NULL, 45000.00, 22500.00, 'Partial', '2026-04-24 19:04:51', '2026-04-24 19:04:51'),
(53, 18, 11, 1, 3000.00, 0.00, NULL, 3000.00, 1500.00, 'Partial', '2026-04-24 19:04:51', '2026-04-24 19:04:51'),
(54, 18, 12, 1, 8000.00, 0.00, NULL, 8000.00, 4000.00, 'Partial', '2026-04-24 19:04:51', '2026-04-24 19:04:51'),
(55, 19, 10, 1, 45000.00, 0.00, NULL, 45000.00, 0.00, 'Unpaid', '2026-04-24 19:04:51', '2026-04-24 19:04:51'),
(56, 19, 11, 1, 3000.00, 0.00, NULL, 3000.00, 0.00, 'Unpaid', '2026-04-24 19:04:51', '2026-04-24 19:04:51'),
(57, 19, 12, 1, 8000.00, 0.00, NULL, 8000.00, 0.00, 'Unpaid', '2026-04-24 19:04:51', '2026-04-24 19:04:51'),
(58, 20, 10, 1, 45000.00, 0.00, NULL, 45000.00, 45000.00, 'Paid', '2026-04-24 19:04:51', '2026-04-24 19:04:51'),
(59, 20, 11, 1, 3000.00, 0.00, NULL, 3000.00, 3000.00, 'Paid', '2026-04-24 19:04:51', '2026-04-24 19:04:51'),
(60, 20, 12, 1, 8000.00, 0.00, NULL, 8000.00, 8000.00, 'Paid', '2026-04-24 19:04:51', '2026-04-24 19:04:51'),
(61, 21, 19, 1, 48000.00, 0.00, NULL, 48000.00, 48000.00, 'Paid', '2026-04-24 19:04:51', '2026-04-24 19:04:51'),
(62, 21, 20, 1, 3000.00, 0.00, NULL, 3000.00, 3000.00, 'Paid', '2026-04-24 19:04:51', '2026-04-24 19:04:51'),
(63, 21, 21, 1, 8000.00, 0.00, NULL, 8000.00, 8000.00, 'Paid', '2026-04-24 19:04:51', '2026-04-24 19:04:51'),
(64, 22, 19, 1, 48000.00, 0.00, NULL, 48000.00, 48000.00, 'Paid', '2026-04-24 19:04:51', '2026-04-24 19:04:51'),
(65, 22, 20, 1, 3000.00, 0.00, NULL, 3000.00, 3000.00, 'Paid', '2026-04-24 19:04:51', '2026-04-24 19:04:51'),
(66, 22, 21, 1, 8000.00, 0.00, NULL, 8000.00, 8000.00, 'Paid', '2026-04-24 19:04:51', '2026-04-24 19:04:51'),
(67, 23, 19, 1, 48000.00, 0.00, NULL, 48000.00, 24000.00, 'Partial', '2026-04-24 19:04:51', '2026-04-24 19:04:51'),
(68, 23, 20, 1, 3000.00, 0.00, NULL, 3000.00, 1500.00, 'Partial', '2026-04-24 19:04:51', '2026-04-24 19:04:51'),
(69, 23, 21, 1, 8000.00, 0.00, NULL, 8000.00, 4000.00, 'Partial', '2026-04-24 19:04:51', '2026-04-24 19:04:51'),
(70, 24, 19, 1, 48000.00, 0.00, NULL, 48000.00, 0.00, 'Unpaid', '2026-04-24 19:04:51', '2026-04-24 19:04:51'),
(71, 24, 20, 1, 3000.00, 0.00, NULL, 3000.00, 0.00, 'Unpaid', '2026-04-24 19:04:51', '2026-04-24 19:04:51'),
(72, 24, 21, 1, 8000.00, 0.00, NULL, 8000.00, 0.00, 'Unpaid', '2026-04-24 19:04:51', '2026-04-24 19:04:51'),
(73, 25, 19, 1, 48000.00, 0.00, NULL, 48000.00, 48000.00, 'Paid', '2026-04-24 19:04:51', '2026-04-24 19:04:51'),
(74, 25, 20, 1, 3000.00, 0.00, NULL, 3000.00, 3000.00, 'Paid', '2026-04-24 19:04:51', '2026-04-24 19:04:51'),
(75, 25, 21, 1, 8000.00, 0.00, NULL, 8000.00, 8000.00, 'Paid', '2026-04-24 19:04:51', '2026-04-24 19:04:51'),
(76, 26, 19, 1, 48000.00, 0.00, NULL, 48000.00, 48000.00, 'Paid', '2026-04-24 19:04:51', '2026-04-24 19:04:51'),
(77, 26, 20, 1, 3000.00, 0.00, NULL, 3000.00, 3000.00, 'Paid', '2026-04-24 19:04:51', '2026-04-24 19:04:51'),
(78, 26, 21, 1, 8000.00, 0.00, NULL, 8000.00, 8000.00, 'Paid', '2026-04-24 19:04:51', '2026-04-24 19:04:51'),
(79, 27, 19, 1, 48000.00, 0.00, NULL, 48000.00, 48000.00, 'Paid', '2026-04-24 19:04:51', '2026-04-24 19:04:51'),
(80, 27, 20, 1, 3000.00, 0.00, NULL, 3000.00, 3000.00, 'Paid', '2026-04-24 19:04:51', '2026-04-24 19:04:51'),
(81, 27, 21, 1, 8000.00, 0.00, NULL, 8000.00, 8000.00, 'Paid', '2026-04-24 19:04:51', '2026-04-24 19:04:51'),
(82, 28, 19, 1, 48000.00, 0.00, NULL, 48000.00, 24000.00, 'Partial', '2026-04-24 19:04:51', '2026-04-24 19:04:51'),
(83, 28, 20, 1, 3000.00, 0.00, NULL, 3000.00, 1500.00, 'Partial', '2026-04-24 19:04:51', '2026-04-24 19:04:51'),
(84, 28, 21, 1, 8000.00, 0.00, NULL, 8000.00, 4000.00, 'Partial', '2026-04-24 19:04:51', '2026-04-24 19:04:51'),
(85, 29, 19, 1, 48000.00, 0.00, NULL, 48000.00, 0.00, 'Unpaid', '2026-04-24 19:04:51', '2026-04-24 19:04:51'),
(86, 29, 20, 1, 3000.00, 0.00, NULL, 3000.00, 0.00, 'Unpaid', '2026-04-24 19:04:51', '2026-04-24 19:04:51'),
(87, 29, 21, 1, 8000.00, 0.00, NULL, 8000.00, 0.00, 'Unpaid', '2026-04-24 19:04:51', '2026-04-24 19:04:51'),
(88, 30, 19, 1, 48000.00, 0.00, NULL, 48000.00, 48000.00, 'Paid', '2026-04-24 19:04:51', '2026-04-24 19:04:51'),
(89, 30, 20, 1, 3000.00, 0.00, NULL, 3000.00, 3000.00, 'Paid', '2026-04-24 19:04:51', '2026-04-24 19:04:51'),
(90, 30, 21, 1, 8000.00, 0.00, NULL, 8000.00, 8000.00, 'Paid', '2026-04-24 19:04:51', '2026-04-24 19:04:51'),
(91, 31, 28, 1, 55000.00, 0.00, NULL, 55000.00, 55000.00, 'Paid', '2026-04-24 19:04:51', '2026-04-24 19:04:51'),
(92, 31, 29, 1, 3000.00, 0.00, NULL, 3000.00, 3000.00, 'Paid', '2026-04-24 19:04:51', '2026-04-24 19:04:51'),
(93, 31, 30, 1, 8000.00, 0.00, NULL, 8000.00, 8000.00, 'Paid', '2026-04-24 19:04:51', '2026-04-24 19:04:51'),
(94, 32, 28, 1, 55000.00, 0.00, NULL, 55000.00, 55000.00, 'Paid', '2026-04-24 19:04:51', '2026-04-24 19:04:51'),
(95, 32, 29, 1, 3000.00, 0.00, NULL, 3000.00, 3000.00, 'Paid', '2026-04-24 19:04:51', '2026-04-24 19:04:51'),
(96, 32, 30, 1, 8000.00, 0.00, NULL, 8000.00, 8000.00, 'Paid', '2026-04-24 19:04:51', '2026-04-24 19:04:51'),
(97, 33, 28, 1, 55000.00, 0.00, NULL, 55000.00, 27500.00, 'Partial', '2026-04-24 19:04:51', '2026-04-24 19:04:51'),
(98, 33, 29, 1, 3000.00, 0.00, NULL, 3000.00, 1500.00, 'Partial', '2026-04-24 19:04:51', '2026-04-24 19:04:51'),
(99, 33, 30, 1, 8000.00, 0.00, NULL, 8000.00, 4000.00, 'Partial', '2026-04-24 19:04:51', '2026-04-24 19:04:51'),
(100, 34, 28, 1, 55000.00, 0.00, NULL, 55000.00, 0.00, 'Unpaid', '2026-04-24 19:04:51', '2026-04-24 19:04:51'),
(101, 34, 29, 1, 3000.00, 0.00, NULL, 3000.00, 0.00, 'Unpaid', '2026-04-24 19:04:51', '2026-04-24 19:04:51'),
(102, 34, 30, 1, 8000.00, 0.00, NULL, 8000.00, 0.00, 'Unpaid', '2026-04-24 19:04:51', '2026-04-24 19:04:51'),
(103, 35, 28, 1, 55000.00, 0.00, NULL, 55000.00, 55000.00, 'Paid', '2026-04-24 19:04:51', '2026-04-24 19:04:51'),
(104, 35, 29, 1, 3000.00, 0.00, NULL, 3000.00, 3000.00, 'Paid', '2026-04-24 19:04:51', '2026-04-24 19:04:51'),
(105, 35, 30, 1, 8000.00, 0.00, NULL, 8000.00, 8000.00, 'Paid', '2026-04-24 19:04:51', '2026-04-24 19:04:51'),
(106, 36, 28, 1, 55000.00, 0.00, NULL, 55000.00, 55000.00, 'Paid', '2026-04-24 19:04:51', '2026-04-24 19:04:51'),
(107, 36, 29, 1, 3000.00, 0.00, NULL, 3000.00, 3000.00, 'Paid', '2026-04-24 19:04:51', '2026-04-24 19:04:51'),
(108, 36, 30, 1, 8000.00, 0.00, NULL, 8000.00, 8000.00, 'Paid', '2026-04-24 19:04:51', '2026-04-24 19:04:51'),
(109, 37, 28, 1, 55000.00, 0.00, NULL, 55000.00, 55000.00, 'Paid', '2026-04-24 19:04:51', '2026-04-24 19:04:51'),
(110, 37, 29, 1, 3000.00, 0.00, NULL, 3000.00, 3000.00, 'Paid', '2026-04-24 19:04:51', '2026-04-24 19:04:51'),
(111, 37, 30, 1, 8000.00, 0.00, NULL, 8000.00, 8000.00, 'Paid', '2026-04-24 19:04:51', '2026-04-24 19:04:51'),
(112, 38, 28, 1, 55000.00, 0.00, NULL, 55000.00, 27500.00, 'Partial', '2026-04-24 19:04:51', '2026-04-24 19:04:51'),
(113, 38, 29, 1, 3000.00, 0.00, NULL, 3000.00, 1500.00, 'Partial', '2026-04-24 19:04:51', '2026-04-24 19:04:51'),
(114, 38, 30, 1, 8000.00, 0.00, NULL, 8000.00, 4000.00, 'Partial', '2026-04-24 19:04:51', '2026-04-24 19:04:51'),
(115, 39, 28, 1, 55000.00, 0.00, NULL, 55000.00, 0.00, 'Unpaid', '2026-04-24 19:04:51', '2026-04-24 19:04:51'),
(116, 39, 29, 1, 3000.00, 0.00, NULL, 3000.00, 0.00, 'Unpaid', '2026-04-24 19:04:51', '2026-04-24 19:04:51'),
(117, 39, 30, 1, 8000.00, 0.00, NULL, 8000.00, 0.00, 'Unpaid', '2026-04-24 19:04:51', '2026-04-24 19:04:51'),
(118, 40, 28, 1, 55000.00, 0.00, NULL, 55000.00, 55000.00, 'Paid', '2026-04-24 19:04:51', '2026-04-24 19:04:51'),
(119, 40, 29, 1, 3000.00, 0.00, NULL, 3000.00, 3000.00, 'Paid', '2026-04-24 19:04:51', '2026-04-24 19:04:51'),
(120, 40, 30, 1, 8000.00, 0.00, NULL, 8000.00, 8000.00, 'Paid', '2026-04-24 19:04:51', '2026-04-24 19:04:51'),
(121, 41, 37, 1, 55000.00, 0.00, NULL, 55000.00, 55000.00, 'Paid', '2026-04-24 19:04:51', '2026-04-24 19:04:51'),
(122, 41, 38, 1, 3000.00, 0.00, NULL, 3000.00, 3000.00, 'Paid', '2026-04-24 19:04:51', '2026-04-24 19:04:51'),
(123, 41, 39, 1, 8000.00, 0.00, NULL, 8000.00, 8000.00, 'Paid', '2026-04-24 19:04:51', '2026-04-24 19:04:51'),
(124, 42, 37, 1, 55000.00, 0.00, NULL, 55000.00, 55000.00, 'Paid', '2026-04-24 19:04:51', '2026-04-24 19:04:51'),
(125, 42, 38, 1, 3000.00, 0.00, NULL, 3000.00, 3000.00, 'Paid', '2026-04-24 19:04:51', '2026-04-24 19:04:51'),
(126, 42, 39, 1, 8000.00, 0.00, NULL, 8000.00, 8000.00, 'Paid', '2026-04-24 19:04:51', '2026-04-24 19:04:51'),
(127, 43, 37, 1, 55000.00, 0.00, NULL, 55000.00, 27500.00, 'Partial', '2026-04-24 19:04:51', '2026-04-24 19:04:51'),
(128, 43, 38, 1, 3000.00, 0.00, NULL, 3000.00, 1500.00, 'Partial', '2026-04-24 19:04:51', '2026-04-24 19:04:51'),
(129, 43, 39, 1, 8000.00, 0.00, NULL, 8000.00, 4000.00, 'Partial', '2026-04-24 19:04:51', '2026-04-24 19:04:51'),
(130, 44, 37, 1, 55000.00, 0.00, NULL, 55000.00, 0.00, 'Unpaid', '2026-04-24 19:04:51', '2026-04-24 19:04:51'),
(131, 44, 38, 1, 3000.00, 0.00, NULL, 3000.00, 0.00, 'Unpaid', '2026-04-24 19:04:51', '2026-04-24 19:04:51'),
(132, 44, 39, 1, 8000.00, 0.00, NULL, 8000.00, 0.00, 'Unpaid', '2026-04-24 19:04:51', '2026-04-24 19:04:51'),
(133, 45, 37, 1, 55000.00, 0.00, NULL, 55000.00, 55000.00, 'Paid', '2026-04-24 19:04:51', '2026-04-24 19:04:51'),
(134, 45, 38, 1, 3000.00, 0.00, NULL, 3000.00, 3000.00, 'Paid', '2026-04-24 19:04:51', '2026-04-24 19:04:51'),
(135, 45, 39, 1, 8000.00, 0.00, NULL, 8000.00, 8000.00, 'Paid', '2026-04-24 19:04:51', '2026-04-24 19:04:51'),
(136, 46, 37, 1, 55000.00, 0.00, NULL, 55000.00, 55000.00, 'Paid', '2026-04-24 19:04:51', '2026-04-24 19:04:51'),
(137, 46, 38, 1, 3000.00, 0.00, NULL, 3000.00, 3000.00, 'Paid', '2026-04-24 19:04:51', '2026-04-24 19:04:51'),
(138, 46, 39, 1, 8000.00, 0.00, NULL, 8000.00, 8000.00, 'Paid', '2026-04-24 19:04:51', '2026-04-24 19:04:51'),
(139, 47, 37, 1, 55000.00, 0.00, NULL, 55000.00, 55000.00, 'Paid', '2026-04-24 19:04:51', '2026-04-24 19:04:51'),
(140, 47, 38, 1, 3000.00, 0.00, NULL, 3000.00, 3000.00, 'Paid', '2026-04-24 19:04:51', '2026-04-24 19:04:51'),
(141, 47, 39, 1, 8000.00, 0.00, NULL, 8000.00, 8000.00, 'Paid', '2026-04-24 19:04:51', '2026-04-24 19:04:51'),
(142, 48, 37, 1, 55000.00, 0.00, NULL, 55000.00, 27500.00, 'Partial', '2026-04-24 19:04:51', '2026-04-24 19:04:51'),
(143, 48, 38, 1, 3000.00, 0.00, NULL, 3000.00, 1500.00, 'Partial', '2026-04-24 19:04:51', '2026-04-24 19:04:51'),
(144, 48, 39, 1, 8000.00, 0.00, NULL, 8000.00, 4000.00, 'Partial', '2026-04-24 19:04:51', '2026-04-24 19:04:51'),
(145, 49, 37, 1, 55000.00, 0.00, NULL, 55000.00, 0.00, 'Unpaid', '2026-04-24 19:04:51', '2026-04-24 19:04:51'),
(146, 49, 38, 1, 3000.00, 0.00, NULL, 3000.00, 0.00, 'Unpaid', '2026-04-24 19:04:51', '2026-04-24 19:04:51'),
(147, 49, 39, 1, 8000.00, 0.00, NULL, 8000.00, 0.00, 'Unpaid', '2026-04-24 19:04:51', '2026-04-24 19:04:51'),
(148, 50, 37, 1, 55000.00, 0.00, NULL, 55000.00, 55000.00, 'Paid', '2026-04-24 19:04:51', '2026-04-24 19:04:51'),
(149, 50, 38, 1, 3000.00, 0.00, NULL, 3000.00, 3000.00, 'Paid', '2026-04-24 19:04:51', '2026-04-24 19:04:51'),
(150, 50, 39, 1, 8000.00, 0.00, NULL, 8000.00, 8000.00, 'Paid', '2026-04-24 19:04:51', '2026-04-24 19:04:51'),
(151, 51, 46, 1, 60000.00, 0.00, NULL, 60000.00, 60000.00, 'Paid', '2026-04-24 19:04:51', '2026-04-24 19:04:51'),
(152, 51, 47, 1, 3000.00, 0.00, NULL, 3000.00, 3000.00, 'Paid', '2026-04-24 19:04:51', '2026-04-24 19:04:51'),
(153, 51, 48, 1, 8000.00, 0.00, NULL, 8000.00, 8000.00, 'Paid', '2026-04-24 19:04:51', '2026-04-24 19:04:51'),
(154, 52, 46, 1, 60000.00, 0.00, NULL, 60000.00, 60000.00, 'Paid', '2026-04-24 19:04:51', '2026-04-24 19:04:51'),
(155, 52, 47, 1, 3000.00, 0.00, NULL, 3000.00, 3000.00, 'Paid', '2026-04-24 19:04:51', '2026-04-24 19:04:51'),
(156, 52, 48, 1, 8000.00, 0.00, NULL, 8000.00, 8000.00, 'Paid', '2026-04-24 19:04:51', '2026-04-24 19:04:51'),
(157, 53, 46, 1, 60000.00, 0.00, NULL, 60000.00, 30000.00, 'Partial', '2026-04-24 19:04:51', '2026-04-24 19:04:51'),
(158, 53, 47, 1, 3000.00, 0.00, NULL, 3000.00, 1500.00, 'Partial', '2026-04-24 19:04:51', '2026-04-24 19:04:51'),
(159, 53, 48, 1, 8000.00, 0.00, NULL, 8000.00, 4000.00, 'Partial', '2026-04-24 19:04:51', '2026-04-24 19:04:51'),
(160, 54, 46, 1, 60000.00, 0.00, NULL, 60000.00, 0.00, 'Unpaid', '2026-04-24 19:04:51', '2026-04-24 19:04:51'),
(161, 54, 47, 1, 3000.00, 0.00, NULL, 3000.00, 0.00, 'Unpaid', '2026-04-24 19:04:51', '2026-04-24 19:04:51'),
(162, 54, 48, 1, 8000.00, 0.00, NULL, 8000.00, 0.00, 'Unpaid', '2026-04-24 19:04:51', '2026-04-24 19:04:51'),
(163, 55, 46, 1, 60000.00, 0.00, NULL, 60000.00, 60000.00, 'Paid', '2026-04-24 19:04:51', '2026-04-24 19:04:51'),
(164, 55, 47, 1, 3000.00, 0.00, NULL, 3000.00, 3000.00, 'Paid', '2026-04-24 19:04:51', '2026-04-24 19:04:51'),
(165, 55, 48, 1, 8000.00, 0.00, NULL, 8000.00, 8000.00, 'Paid', '2026-04-24 19:04:51', '2026-04-24 19:04:51'),
(166, 56, 46, 1, 60000.00, 0.00, NULL, 60000.00, 60000.00, 'Paid', '2026-04-24 19:04:51', '2026-04-24 19:04:51'),
(167, 56, 47, 1, 3000.00, 0.00, NULL, 3000.00, 3000.00, 'Paid', '2026-04-24 19:04:51', '2026-04-24 19:04:51'),
(168, 56, 48, 1, 8000.00, 0.00, NULL, 8000.00, 8000.00, 'Paid', '2026-04-24 19:04:51', '2026-04-24 19:04:51'),
(169, 57, 46, 1, 60000.00, 0.00, NULL, 60000.00, 60000.00, 'Paid', '2026-04-24 19:04:51', '2026-04-24 19:04:51'),
(170, 57, 47, 1, 3000.00, 0.00, NULL, 3000.00, 3000.00, 'Paid', '2026-04-24 19:04:51', '2026-04-24 19:04:51'),
(171, 57, 48, 1, 8000.00, 0.00, NULL, 8000.00, 8000.00, 'Paid', '2026-04-24 19:04:51', '2026-04-24 19:04:51'),
(172, 58, 46, 1, 60000.00, 0.00, NULL, 60000.00, 30000.00, 'Partial', '2026-04-24 19:04:51', '2026-04-24 19:04:51'),
(173, 58, 47, 1, 3000.00, 0.00, NULL, 3000.00, 1500.00, 'Partial', '2026-04-24 19:04:51', '2026-04-24 19:04:51'),
(174, 58, 48, 1, 8000.00, 0.00, NULL, 8000.00, 4000.00, 'Partial', '2026-04-24 19:04:51', '2026-04-24 19:04:51'),
(175, 59, 46, 1, 60000.00, 0.00, NULL, 60000.00, 0.00, 'Unpaid', '2026-04-24 19:04:51', '2026-04-24 19:04:51'),
(176, 59, 47, 1, 3000.00, 0.00, NULL, 3000.00, 0.00, 'Unpaid', '2026-04-24 19:04:51', '2026-04-24 19:04:51'),
(177, 59, 48, 1, 8000.00, 0.00, NULL, 8000.00, 0.00, 'Unpaid', '2026-04-24 19:04:51', '2026-04-24 19:04:51'),
(178, 60, 46, 1, 60000.00, 0.00, NULL, 60000.00, 60000.00, 'Paid', '2026-04-24 19:04:51', '2026-04-24 19:04:51'),
(179, 60, 47, 1, 3000.00, 0.00, NULL, 3000.00, 3000.00, 'Paid', '2026-04-24 19:04:51', '2026-04-24 19:04:51'),
(180, 60, 48, 1, 8000.00, 0.00, NULL, 8000.00, 8000.00, 'Paid', '2026-04-24 19:04:51', '2026-04-24 19:04:51'),
(181, 46, 43, 3, 55000.00, 0.00, NULL, 55000.00, 0.00, 'Unpaid', '2026-04-25 19:29:28', '2026-04-25 19:29:28'),
(182, 46, 44, 3, 3000.00, 0.00, NULL, 3000.00, 0.00, 'Unpaid', '2026-04-25 19:29:28', '2026-04-25 19:29:28'),
(183, 46, 45, 3, 8000.00, 0.00, NULL, 8000.00, 0.00, 'Unpaid', '2026-04-25 19:29:28', '2026-04-25 19:29:28'),
(184, 47, 43, 3, 55000.00, 0.00, NULL, 55000.00, 0.00, 'Unpaid', '2026-04-25 19:29:28', '2026-04-25 19:29:28'),
(185, 47, 44, 3, 3000.00, 0.00, NULL, 3000.00, 0.00, 'Unpaid', '2026-04-25 19:29:28', '2026-04-25 19:29:28'),
(186, 47, 45, 3, 8000.00, 0.00, NULL, 8000.00, 0.00, 'Unpaid', '2026-04-25 19:29:28', '2026-04-25 19:29:28'),
(187, 48, 43, 3, 55000.00, 0.00, NULL, 55000.00, 0.00, 'Unpaid', '2026-04-25 19:29:28', '2026-04-25 19:29:28'),
(188, 48, 44, 3, 3000.00, 0.00, NULL, 3000.00, 0.00, 'Unpaid', '2026-04-25 19:29:28', '2026-04-25 19:29:28'),
(189, 48, 45, 3, 8000.00, 0.00, NULL, 8000.00, 0.00, 'Unpaid', '2026-04-25 19:29:28', '2026-04-25 19:29:28'),
(190, 49, 43, 3, 55000.00, 0.00, NULL, 55000.00, 0.00, 'Unpaid', '2026-04-25 19:29:28', '2026-04-25 19:29:28'),
(191, 49, 44, 3, 3000.00, 0.00, NULL, 3000.00, 0.00, 'Unpaid', '2026-04-25 19:29:28', '2026-04-25 19:29:28'),
(192, 49, 45, 3, 8000.00, 0.00, NULL, 8000.00, 0.00, 'Unpaid', '2026-04-25 19:29:28', '2026-04-25 19:29:28'),
(193, 50, 43, 3, 55000.00, 0.00, NULL, 55000.00, 0.00, 'Unpaid', '2026-04-25 19:29:28', '2026-04-25 19:29:28'),
(194, 50, 44, 3, 3000.00, 0.00, NULL, 3000.00, 0.00, 'Unpaid', '2026-04-25 19:29:28', '2026-04-25 19:29:28'),
(195, 50, 45, 3, 8000.00, 0.00, NULL, 8000.00, 0.00, 'Unpaid', '2026-04-25 19:29:28', '2026-04-25 19:29:28'),
(196, 1, 7, 3, 45000.00, 0.00, NULL, 45000.00, 0.00, 'Unpaid', '2026-06-21 19:17:35', '2026-06-21 19:17:35'),
(197, 1, 8, 3, 3000.00, 0.00, NULL, 3000.00, 0.00, 'Unpaid', '2026-06-21 19:17:35', '2026-06-21 19:17:35'),
(198, 1, 9, 3, 8000.00, 0.00, NULL, 8000.00, 0.00, 'Unpaid', '2026-06-21 19:17:35', '2026-06-21 19:17:35'),
(199, 2, 7, 3, 45000.00, 0.00, NULL, 45000.00, 0.00, 'Unpaid', '2026-06-21 19:17:35', '2026-06-21 19:17:35'),
(200, 2, 8, 3, 3000.00, 0.00, NULL, 3000.00, 0.00, 'Unpaid', '2026-06-21 19:17:35', '2026-06-21 19:17:35'),
(201, 2, 9, 3, 8000.00, 0.00, NULL, 8000.00, 0.00, 'Unpaid', '2026-06-21 19:17:35', '2026-06-21 19:17:35'),
(202, 3, 7, 3, 45000.00, 0.00, NULL, 45000.00, 0.00, 'Unpaid', '2026-06-21 19:17:35', '2026-06-21 19:17:35'),
(203, 3, 8, 3, 3000.00, 0.00, NULL, 3000.00, 0.00, 'Unpaid', '2026-06-21 19:17:35', '2026-06-21 19:17:35'),
(204, 3, 9, 3, 8000.00, 0.00, NULL, 8000.00, 0.00, 'Unpaid', '2026-06-21 19:17:35', '2026-06-21 19:17:35'),
(205, 4, 7, 3, 45000.00, 0.00, NULL, 45000.00, 0.00, 'Unpaid', '2026-06-21 19:17:35', '2026-06-21 19:17:35'),
(206, 4, 8, 3, 3000.00, 0.00, NULL, 3000.00, 0.00, 'Unpaid', '2026-06-21 19:17:35', '2026-06-21 19:17:35'),
(207, 4, 9, 3, 8000.00, 0.00, NULL, 8000.00, 0.00, 'Unpaid', '2026-06-21 19:17:35', '2026-06-21 19:17:35'),
(208, 5, 7, 3, 45000.00, 0.00, NULL, 45000.00, 0.00, 'Unpaid', '2026-06-21 19:17:35', '2026-06-21 19:17:35'),
(209, 5, 8, 3, 3000.00, 0.00, NULL, 3000.00, 0.00, 'Unpaid', '2026-06-21 19:17:35', '2026-06-21 19:17:35'),
(210, 5, 9, 3, 8000.00, 0.00, NULL, 8000.00, 0.00, 'Unpaid', '2026-06-21 19:17:35', '2026-06-21 19:17:35'),
(211, 6, 7, 3, 45000.00, 0.00, NULL, 45000.00, 0.00, 'Unpaid', '2026-06-21 19:17:35', '2026-06-21 19:17:35'),
(212, 6, 8, 3, 3000.00, 0.00, NULL, 3000.00, 0.00, 'Unpaid', '2026-06-21 19:17:35', '2026-06-21 19:17:35'),
(213, 6, 9, 3, 8000.00, 0.00, NULL, 8000.00, 0.00, 'Unpaid', '2026-06-21 19:17:35', '2026-06-21 19:17:35'),
(214, 7, 7, 3, 45000.00, 0.00, NULL, 45000.00, 0.00, 'Unpaid', '2026-06-21 19:17:35', '2026-06-21 19:17:35'),
(215, 7, 8, 3, 3000.00, 0.00, NULL, 3000.00, 0.00, 'Unpaid', '2026-06-21 19:17:35', '2026-06-21 19:17:35'),
(216, 7, 9, 3, 8000.00, 0.00, NULL, 8000.00, 0.00, 'Unpaid', '2026-06-21 19:17:35', '2026-06-21 19:17:35'),
(217, 8, 7, 3, 45000.00, 0.00, NULL, 45000.00, 0.00, 'Unpaid', '2026-06-21 19:17:35', '2026-06-21 19:17:35'),
(218, 8, 8, 3, 3000.00, 0.00, NULL, 3000.00, 0.00, 'Unpaid', '2026-06-21 19:17:35', '2026-06-21 19:17:35'),
(219, 8, 9, 3, 8000.00, 0.00, NULL, 8000.00, 0.00, 'Unpaid', '2026-06-21 19:17:35', '2026-06-21 19:17:35'),
(220, 9, 7, 3, 45000.00, 0.00, NULL, 45000.00, 0.00, 'Unpaid', '2026-06-21 19:17:35', '2026-06-21 19:17:35'),
(221, 9, 8, 3, 3000.00, 0.00, NULL, 3000.00, 0.00, 'Unpaid', '2026-06-21 19:17:35', '2026-06-21 19:17:35'),
(222, 9, 9, 3, 8000.00, 0.00, NULL, 8000.00, 0.00, 'Unpaid', '2026-06-21 19:17:35', '2026-06-21 19:17:35'),
(223, 10, 7, 3, 45000.00, 0.00, NULL, 45000.00, 0.00, 'Unpaid', '2026-06-21 19:17:35', '2026-06-21 19:17:35'),
(224, 10, 8, 3, 3000.00, 0.00, NULL, 3000.00, 0.00, 'Unpaid', '2026-06-21 19:17:35', '2026-06-21 19:17:35'),
(225, 10, 9, 3, 8000.00, 0.00, NULL, 8000.00, 0.00, 'Unpaid', '2026-06-21 19:17:35', '2026-06-21 19:17:35'),
(226, 11, 16, 3, 45000.00, 0.00, NULL, 45000.00, 0.00, 'Unpaid', '2026-06-21 19:17:35', '2026-06-21 19:17:35'),
(227, 11, 17, 3, 3000.00, 0.00, NULL, 3000.00, 0.00, 'Unpaid', '2026-06-21 19:17:35', '2026-06-21 19:17:35'),
(228, 11, 18, 3, 8000.00, 0.00, NULL, 8000.00, 0.00, 'Unpaid', '2026-06-21 19:17:35', '2026-06-21 19:17:35'),
(229, 12, 16, 3, 45000.00, 0.00, NULL, 45000.00, 0.00, 'Unpaid', '2026-06-21 19:17:35', '2026-06-21 19:17:35'),
(230, 12, 17, 3, 3000.00, 0.00, NULL, 3000.00, 0.00, 'Unpaid', '2026-06-21 19:17:35', '2026-06-21 19:17:35'),
(231, 12, 18, 3, 8000.00, 0.00, NULL, 8000.00, 0.00, 'Unpaid', '2026-06-21 19:17:35', '2026-06-21 19:17:35'),
(232, 13, 16, 3, 45000.00, 0.00, NULL, 45000.00, 0.00, 'Unpaid', '2026-06-21 19:17:35', '2026-06-21 19:17:35'),
(233, 13, 17, 3, 3000.00, 0.00, NULL, 3000.00, 0.00, 'Unpaid', '2026-06-21 19:17:35', '2026-06-21 19:17:35'),
(234, 13, 18, 3, 8000.00, 0.00, NULL, 8000.00, 0.00, 'Unpaid', '2026-06-21 19:17:35', '2026-06-21 19:17:35'),
(235, 14, 16, 3, 45000.00, 0.00, NULL, 45000.00, 0.00, 'Unpaid', '2026-06-21 19:17:35', '2026-06-21 19:17:35'),
(236, 14, 17, 3, 3000.00, 0.00, NULL, 3000.00, 0.00, 'Unpaid', '2026-06-21 19:17:35', '2026-06-21 19:17:35'),
(237, 14, 18, 3, 8000.00, 0.00, NULL, 8000.00, 0.00, 'Unpaid', '2026-06-21 19:17:35', '2026-06-21 19:17:35'),
(238, 15, 16, 3, 45000.00, 0.00, NULL, 45000.00, 0.00, 'Unpaid', '2026-06-21 19:17:35', '2026-06-21 19:17:35'),
(239, 15, 17, 3, 3000.00, 0.00, NULL, 3000.00, 0.00, 'Unpaid', '2026-06-21 19:17:35', '2026-06-21 19:17:35'),
(240, 15, 18, 3, 8000.00, 0.00, NULL, 8000.00, 0.00, 'Unpaid', '2026-06-21 19:17:35', '2026-06-21 19:17:35'),
(241, 16, 16, 3, 45000.00, 0.00, NULL, 45000.00, 0.00, 'Unpaid', '2026-06-21 19:17:35', '2026-06-21 19:17:35'),
(242, 16, 17, 3, 3000.00, 0.00, NULL, 3000.00, 0.00, 'Unpaid', '2026-06-21 19:17:35', '2026-06-21 19:17:35'),
(243, 16, 18, 3, 8000.00, 0.00, NULL, 8000.00, 0.00, 'Unpaid', '2026-06-21 19:17:35', '2026-06-21 19:17:35'),
(244, 17, 16, 3, 45000.00, 0.00, NULL, 45000.00, 0.00, 'Unpaid', '2026-06-21 19:17:35', '2026-06-21 19:17:35'),
(245, 17, 17, 3, 3000.00, 0.00, NULL, 3000.00, 0.00, 'Unpaid', '2026-06-21 19:17:35', '2026-06-21 19:17:35'),
(246, 17, 18, 3, 8000.00, 0.00, NULL, 8000.00, 0.00, 'Unpaid', '2026-06-21 19:17:35', '2026-06-21 19:17:35'),
(247, 18, 16, 3, 45000.00, 0.00, NULL, 45000.00, 0.00, 'Unpaid', '2026-06-21 19:17:35', '2026-06-21 19:17:35'),
(248, 18, 17, 3, 3000.00, 0.00, NULL, 3000.00, 0.00, 'Unpaid', '2026-06-21 19:17:35', '2026-06-21 19:17:35'),
(249, 18, 18, 3, 8000.00, 0.00, NULL, 8000.00, 0.00, 'Unpaid', '2026-06-21 19:17:35', '2026-06-21 19:17:35'),
(250, 19, 16, 3, 45000.00, 0.00, NULL, 45000.00, 0.00, 'Unpaid', '2026-06-21 19:17:35', '2026-06-21 19:17:35'),
(251, 19, 17, 3, 3000.00, 0.00, NULL, 3000.00, 0.00, 'Unpaid', '2026-06-21 19:17:35', '2026-06-21 19:17:35'),
(252, 19, 18, 3, 8000.00, 0.00, NULL, 8000.00, 0.00, 'Unpaid', '2026-06-21 19:17:35', '2026-06-21 19:17:35'),
(253, 20, 16, 3, 45000.00, 0.00, NULL, 45000.00, 0.00, 'Unpaid', '2026-06-21 19:17:35', '2026-06-21 19:17:35'),
(254, 20, 17, 3, 3000.00, 0.00, NULL, 3000.00, 0.00, 'Unpaid', '2026-06-21 19:17:35', '2026-06-21 19:17:35'),
(255, 20, 18, 3, 8000.00, 0.00, NULL, 8000.00, 0.00, 'Unpaid', '2026-06-21 19:17:35', '2026-06-21 19:17:35'),
(256, 21, 25, 3, 48000.00, 0.00, NULL, 48000.00, 0.00, 'Unpaid', '2026-06-21 19:17:35', '2026-06-21 19:17:35'),
(257, 21, 26, 3, 3000.00, 0.00, NULL, 3000.00, 0.00, 'Unpaid', '2026-06-21 19:17:35', '2026-06-21 19:17:35'),
(258, 21, 27, 3, 8000.00, 0.00, NULL, 8000.00, 0.00, 'Unpaid', '2026-06-21 19:17:35', '2026-06-21 19:17:35'),
(259, 22, 25, 3, 48000.00, 0.00, NULL, 48000.00, 0.00, 'Unpaid', '2026-06-21 19:17:35', '2026-06-21 19:17:35'),
(260, 22, 26, 3, 3000.00, 0.00, NULL, 3000.00, 0.00, 'Unpaid', '2026-06-21 19:17:35', '2026-06-21 19:17:35'),
(261, 22, 27, 3, 8000.00, 0.00, NULL, 8000.00, 0.00, 'Unpaid', '2026-06-21 19:17:35', '2026-06-21 19:17:35'),
(262, 23, 25, 3, 48000.00, 0.00, NULL, 48000.00, 0.00, 'Unpaid', '2026-06-21 19:17:35', '2026-06-21 19:17:35'),
(263, 23, 26, 3, 3000.00, 0.00, NULL, 3000.00, 0.00, 'Unpaid', '2026-06-21 19:17:35', '2026-06-21 19:17:35'),
(264, 23, 27, 3, 8000.00, 0.00, NULL, 8000.00, 0.00, 'Unpaid', '2026-06-21 19:17:35', '2026-06-21 19:17:35'),
(265, 24, 25, 3, 48000.00, 0.00, NULL, 48000.00, 0.00, 'Unpaid', '2026-06-21 19:17:35', '2026-06-21 19:17:35'),
(266, 24, 26, 3, 3000.00, 0.00, NULL, 3000.00, 0.00, 'Unpaid', '2026-06-21 19:17:35', '2026-06-21 19:17:35'),
(267, 24, 27, 3, 8000.00, 0.00, NULL, 8000.00, 0.00, 'Unpaid', '2026-06-21 19:17:35', '2026-06-21 19:17:35'),
(268, 25, 25, 3, 48000.00, 0.00, NULL, 48000.00, 0.00, 'Unpaid', '2026-06-21 19:17:35', '2026-06-21 19:17:35'),
(269, 25, 26, 3, 3000.00, 0.00, NULL, 3000.00, 0.00, 'Unpaid', '2026-06-21 19:17:35', '2026-06-21 19:17:35'),
(270, 25, 27, 3, 8000.00, 0.00, NULL, 8000.00, 0.00, 'Unpaid', '2026-06-21 19:17:35', '2026-06-21 19:17:35'),
(271, 26, 25, 3, 48000.00, 0.00, NULL, 48000.00, 0.00, 'Unpaid', '2026-06-21 19:17:35', '2026-06-21 19:17:35'),
(272, 26, 26, 3, 3000.00, 0.00, NULL, 3000.00, 0.00, 'Unpaid', '2026-06-21 19:17:35', '2026-06-21 19:17:35'),
(273, 26, 27, 3, 8000.00, 0.00, NULL, 8000.00, 0.00, 'Unpaid', '2026-06-21 19:17:35', '2026-06-21 19:17:35'),
(274, 27, 25, 3, 48000.00, 0.00, NULL, 48000.00, 0.00, 'Unpaid', '2026-06-21 19:17:35', '2026-06-21 19:17:35'),
(275, 27, 26, 3, 3000.00, 0.00, NULL, 3000.00, 0.00, 'Unpaid', '2026-06-21 19:17:35', '2026-06-21 19:17:35'),
(276, 27, 27, 3, 8000.00, 0.00, NULL, 8000.00, 0.00, 'Unpaid', '2026-06-21 19:17:35', '2026-06-21 19:17:35'),
(277, 28, 25, 3, 48000.00, 0.00, NULL, 48000.00, 0.00, 'Unpaid', '2026-06-21 19:17:35', '2026-06-21 19:17:35'),
(278, 28, 26, 3, 3000.00, 0.00, NULL, 3000.00, 0.00, 'Unpaid', '2026-06-21 19:17:35', '2026-06-21 19:17:35'),
(279, 28, 27, 3, 8000.00, 0.00, NULL, 8000.00, 0.00, 'Unpaid', '2026-06-21 19:17:35', '2026-06-21 19:17:35'),
(280, 29, 25, 3, 48000.00, 0.00, NULL, 48000.00, 0.00, 'Unpaid', '2026-06-21 19:17:35', '2026-06-21 19:17:35'),
(281, 29, 26, 3, 3000.00, 0.00, NULL, 3000.00, 0.00, 'Unpaid', '2026-06-21 19:17:35', '2026-06-21 19:17:35'),
(282, 29, 27, 3, 8000.00, 0.00, NULL, 8000.00, 0.00, 'Unpaid', '2026-06-21 19:17:35', '2026-06-21 19:17:35'),
(283, 30, 25, 3, 48000.00, 0.00, NULL, 48000.00, 0.00, 'Unpaid', '2026-06-21 19:17:36', '2026-06-21 19:17:36'),
(284, 30, 26, 3, 3000.00, 0.00, NULL, 3000.00, 0.00, 'Unpaid', '2026-06-21 19:17:36', '2026-06-21 19:17:36'),
(285, 30, 27, 3, 8000.00, 0.00, NULL, 8000.00, 0.00, 'Unpaid', '2026-06-21 19:17:36', '2026-06-21 19:17:36'),
(286, 31, 34, 3, 55000.00, 0.00, NULL, 55000.00, 0.00, 'Unpaid', '2026-06-21 19:17:36', '2026-06-21 19:17:36'),
(287, 31, 35, 3, 3000.00, 0.00, NULL, 3000.00, 0.00, 'Unpaid', '2026-06-21 19:17:36', '2026-06-21 19:17:36'),
(288, 31, 36, 3, 8000.00, 0.00, NULL, 8000.00, 0.00, 'Unpaid', '2026-06-21 19:17:36', '2026-06-21 19:17:36'),
(289, 32, 34, 3, 55000.00, 0.00, NULL, 55000.00, 0.00, 'Unpaid', '2026-06-21 19:17:36', '2026-06-21 19:17:36'),
(290, 32, 35, 3, 3000.00, 0.00, NULL, 3000.00, 0.00, 'Unpaid', '2026-06-21 19:17:36', '2026-06-21 19:17:36'),
(291, 32, 36, 3, 8000.00, 0.00, NULL, 8000.00, 0.00, 'Unpaid', '2026-06-21 19:17:36', '2026-06-21 19:17:36'),
(292, 33, 34, 3, 55000.00, 0.00, NULL, 55000.00, 0.00, 'Unpaid', '2026-06-21 19:17:36', '2026-06-21 19:17:36'),
(293, 33, 35, 3, 3000.00, 0.00, NULL, 3000.00, 0.00, 'Unpaid', '2026-06-21 19:17:36', '2026-06-21 19:17:36'),
(294, 33, 36, 3, 8000.00, 0.00, NULL, 8000.00, 0.00, 'Unpaid', '2026-06-21 19:17:36', '2026-06-21 19:17:36'),
(295, 34, 34, 3, 55000.00, 0.00, NULL, 55000.00, 0.00, 'Unpaid', '2026-06-21 19:17:36', '2026-06-21 19:17:36'),
(296, 34, 35, 3, 3000.00, 0.00, NULL, 3000.00, 0.00, 'Unpaid', '2026-06-21 19:17:36', '2026-06-21 19:17:36'),
(297, 34, 36, 3, 8000.00, 0.00, NULL, 8000.00, 0.00, 'Unpaid', '2026-06-21 19:17:36', '2026-06-21 19:17:36'),
(298, 35, 34, 3, 55000.00, 0.00, NULL, 55000.00, 0.00, 'Unpaid', '2026-06-21 19:17:36', '2026-06-21 19:17:36'),
(299, 35, 35, 3, 3000.00, 0.00, NULL, 3000.00, 0.00, 'Unpaid', '2026-06-21 19:17:36', '2026-06-21 19:17:36'),
(300, 35, 36, 3, 8000.00, 0.00, NULL, 8000.00, 0.00, 'Unpaid', '2026-06-21 19:17:36', '2026-06-21 19:17:36'),
(301, 36, 34, 3, 55000.00, 0.00, NULL, 55000.00, 0.00, 'Unpaid', '2026-06-21 19:17:36', '2026-06-21 19:17:36'),
(302, 36, 35, 3, 3000.00, 0.00, NULL, 3000.00, 0.00, 'Unpaid', '2026-06-21 19:17:36', '2026-06-21 19:17:36'),
(303, 36, 36, 3, 8000.00, 0.00, NULL, 8000.00, 0.00, 'Unpaid', '2026-06-21 19:17:36', '2026-06-21 19:17:36'),
(304, 37, 34, 3, 55000.00, 0.00, NULL, 55000.00, 0.00, 'Unpaid', '2026-06-21 19:17:36', '2026-06-21 19:17:36'),
(305, 37, 35, 3, 3000.00, 0.00, NULL, 3000.00, 0.00, 'Unpaid', '2026-06-21 19:17:36', '2026-06-21 19:17:36'),
(306, 37, 36, 3, 8000.00, 0.00, NULL, 8000.00, 0.00, 'Unpaid', '2026-06-21 19:17:36', '2026-06-21 19:17:36'),
(307, 38, 34, 3, 55000.00, 0.00, NULL, 55000.00, 0.00, 'Unpaid', '2026-06-21 19:17:36', '2026-06-21 19:17:36'),
(308, 38, 35, 3, 3000.00, 0.00, NULL, 3000.00, 0.00, 'Unpaid', '2026-06-21 19:17:36', '2026-06-21 19:17:36'),
(309, 38, 36, 3, 8000.00, 0.00, NULL, 8000.00, 0.00, 'Unpaid', '2026-06-21 19:17:36', '2026-06-21 19:17:36'),
(310, 39, 34, 3, 55000.00, 0.00, NULL, 55000.00, 0.00, 'Unpaid', '2026-06-21 19:17:36', '2026-06-21 19:17:36'),
(311, 39, 35, 3, 3000.00, 0.00, NULL, 3000.00, 0.00, 'Unpaid', '2026-06-21 19:17:36', '2026-06-21 19:17:36'),
(312, 39, 36, 3, 8000.00, 0.00, NULL, 8000.00, 0.00, 'Unpaid', '2026-06-21 19:17:36', '2026-06-21 19:17:36'),
(313, 40, 34, 3, 55000.00, 0.00, NULL, 55000.00, 0.00, 'Unpaid', '2026-06-21 19:17:36', '2026-06-21 19:17:36'),
(314, 40, 35, 3, 3000.00, 0.00, NULL, 3000.00, 0.00, 'Unpaid', '2026-06-21 19:17:36', '2026-06-21 19:17:36'),
(315, 40, 36, 3, 8000.00, 0.00, NULL, 8000.00, 0.00, 'Unpaid', '2026-06-21 19:17:36', '2026-06-21 19:17:36'),
(316, 41, 43, 3, 55000.00, 0.00, NULL, 55000.00, 0.00, 'Unpaid', '2026-06-21 19:17:36', '2026-06-21 19:17:36'),
(317, 41, 44, 3, 3000.00, 0.00, NULL, 3000.00, 0.00, 'Unpaid', '2026-06-21 19:17:36', '2026-06-21 19:17:36'),
(318, 41, 45, 3, 8000.00, 0.00, NULL, 8000.00, 0.00, 'Unpaid', '2026-06-21 19:17:36', '2026-06-21 19:17:36'),
(319, 42, 43, 3, 55000.00, 0.00, NULL, 55000.00, 0.00, 'Unpaid', '2026-06-21 19:17:36', '2026-06-21 19:17:36'),
(320, 42, 44, 3, 3000.00, 0.00, NULL, 3000.00, 0.00, 'Unpaid', '2026-06-21 19:17:36', '2026-06-21 19:17:36'),
(321, 42, 45, 3, 8000.00, 0.00, NULL, 8000.00, 0.00, 'Unpaid', '2026-06-21 19:17:36', '2026-06-21 19:17:36'),
(322, 43, 43, 3, 55000.00, 0.00, NULL, 55000.00, 0.00, 'Unpaid', '2026-06-21 19:17:36', '2026-06-21 19:17:36'),
(323, 43, 44, 3, 3000.00, 0.00, NULL, 3000.00, 0.00, 'Unpaid', '2026-06-21 19:17:36', '2026-06-21 19:17:36'),
(324, 43, 45, 3, 8000.00, 0.00, NULL, 8000.00, 0.00, 'Unpaid', '2026-06-21 19:17:36', '2026-06-21 19:17:36'),
(325, 44, 43, 3, 55000.00, 0.00, NULL, 55000.00, 0.00, 'Unpaid', '2026-06-21 19:17:36', '2026-06-21 19:17:36'),
(326, 44, 44, 3, 3000.00, 0.00, NULL, 3000.00, 0.00, 'Unpaid', '2026-06-21 19:17:36', '2026-06-21 19:17:36'),
(327, 44, 45, 3, 8000.00, 0.00, NULL, 8000.00, 0.00, 'Unpaid', '2026-06-21 19:17:36', '2026-06-21 19:17:36'),
(328, 45, 43, 3, 55000.00, 0.00, NULL, 55000.00, 0.00, 'Unpaid', '2026-06-21 19:17:36', '2026-06-21 19:17:36'),
(329, 45, 44, 3, 3000.00, 0.00, NULL, 3000.00, 0.00, 'Unpaid', '2026-06-21 19:17:36', '2026-06-21 19:17:36'),
(330, 45, 45, 3, 8000.00, 0.00, NULL, 8000.00, 0.00, 'Unpaid', '2026-06-21 19:17:36', '2026-06-21 19:17:36'),
(331, 51, 52, 3, 60000.00, 0.00, NULL, 60000.00, 0.00, 'Unpaid', '2026-06-21 19:17:36', '2026-06-21 19:17:36'),
(332, 51, 53, 3, 3000.00, 0.00, NULL, 3000.00, 0.00, 'Unpaid', '2026-06-21 19:17:36', '2026-06-21 19:17:36'),
(333, 51, 54, 3, 8000.00, 0.00, NULL, 8000.00, 0.00, 'Unpaid', '2026-06-21 19:17:36', '2026-06-21 19:17:36'),
(334, 52, 52, 3, 60000.00, 0.00, NULL, 60000.00, 0.00, 'Unpaid', '2026-06-21 19:17:36', '2026-06-21 19:17:36'),
(335, 52, 53, 3, 3000.00, 0.00, NULL, 3000.00, 0.00, 'Unpaid', '2026-06-21 19:17:36', '2026-06-21 19:17:36'),
(336, 52, 54, 3, 8000.00, 0.00, NULL, 8000.00, 0.00, 'Unpaid', '2026-06-21 19:17:36', '2026-06-21 19:17:36'),
(337, 53, 52, 3, 60000.00, 0.00, NULL, 60000.00, 0.00, 'Unpaid', '2026-06-21 19:17:36', '2026-06-21 19:17:36'),
(338, 53, 53, 3, 3000.00, 0.00, NULL, 3000.00, 0.00, 'Unpaid', '2026-06-21 19:17:36', '2026-06-21 19:17:36'),
(339, 53, 54, 3, 8000.00, 0.00, NULL, 8000.00, 0.00, 'Unpaid', '2026-06-21 19:17:36', '2026-06-21 19:17:36'),
(340, 54, 52, 3, 60000.00, 0.00, NULL, 60000.00, 0.00, 'Unpaid', '2026-06-21 19:17:36', '2026-06-21 19:17:36'),
(341, 54, 53, 3, 3000.00, 0.00, NULL, 3000.00, 0.00, 'Unpaid', '2026-06-21 19:17:36', '2026-06-21 19:17:36'),
(342, 54, 54, 3, 8000.00, 0.00, NULL, 8000.00, 0.00, 'Unpaid', '2026-06-21 19:17:36', '2026-06-21 19:17:36'),
(343, 55, 52, 3, 60000.00, 0.00, NULL, 60000.00, 0.00, 'Unpaid', '2026-06-21 19:17:36', '2026-06-21 19:17:36'),
(344, 55, 53, 3, 3000.00, 0.00, NULL, 3000.00, 0.00, 'Unpaid', '2026-06-21 19:17:36', '2026-06-21 19:17:36'),
(345, 55, 54, 3, 8000.00, 0.00, NULL, 8000.00, 0.00, 'Unpaid', '2026-06-21 19:17:36', '2026-06-21 19:17:36'),
(346, 56, 52, 3, 60000.00, 0.00, NULL, 60000.00, 0.00, 'Unpaid', '2026-06-21 19:17:36', '2026-06-21 19:17:36'),
(347, 56, 53, 3, 3000.00, 0.00, NULL, 3000.00, 0.00, 'Unpaid', '2026-06-21 19:17:36', '2026-06-21 19:17:36'),
(348, 56, 54, 3, 8000.00, 0.00, NULL, 8000.00, 0.00, 'Unpaid', '2026-06-21 19:17:36', '2026-06-21 19:17:36'),
(349, 57, 52, 3, 60000.00, 0.00, NULL, 60000.00, 0.00, 'Unpaid', '2026-06-21 19:17:36', '2026-06-21 19:17:36'),
(350, 57, 53, 3, 3000.00, 0.00, NULL, 3000.00, 0.00, 'Unpaid', '2026-06-21 19:17:36', '2026-06-21 19:17:36'),
(351, 57, 54, 3, 8000.00, 0.00, NULL, 8000.00, 0.00, 'Unpaid', '2026-06-21 19:17:36', '2026-06-21 19:17:36'),
(352, 58, 52, 3, 60000.00, 0.00, NULL, 60000.00, 0.00, 'Unpaid', '2026-06-21 19:17:36', '2026-06-21 19:17:36'),
(353, 58, 53, 3, 3000.00, 0.00, NULL, 3000.00, 0.00, 'Unpaid', '2026-06-21 19:17:36', '2026-06-21 19:17:36'),
(354, 58, 54, 3, 8000.00, 0.00, NULL, 8000.00, 0.00, 'Unpaid', '2026-06-21 19:17:36', '2026-06-21 19:17:36'),
(355, 59, 52, 3, 60000.00, 0.00, NULL, 60000.00, 0.00, 'Unpaid', '2026-06-21 19:17:36', '2026-06-21 19:17:36'),
(356, 59, 53, 3, 3000.00, 0.00, NULL, 3000.00, 0.00, 'Unpaid', '2026-06-21 19:17:36', '2026-06-21 19:17:36'),
(357, 59, 54, 3, 8000.00, 0.00, NULL, 8000.00, 0.00, 'Unpaid', '2026-06-21 19:17:36', '2026-06-21 19:17:36'),
(358, 60, 52, 3, 60000.00, 0.00, NULL, 60000.00, 0.00, 'Unpaid', '2026-06-21 19:17:36', '2026-06-21 19:17:36'),
(359, 60, 53, 3, 3000.00, 0.00, NULL, 3000.00, 0.00, 'Unpaid', '2026-06-21 19:17:36', '2026-06-21 19:17:36'),
(360, 60, 54, 3, 8000.00, 0.00, NULL, 8000.00, 0.00, 'Unpaid', '2026-06-21 19:17:36', '2026-06-21 19:17:36'),
(361, 1, 4, 2, 45000.00, 0.00, NULL, 45000.00, 0.00, 'Unpaid', '2026-06-21 19:18:22', '2026-06-21 19:18:22'),
(362, 1, 5, 2, 3000.00, 0.00, NULL, 3000.00, 0.00, 'Unpaid', '2026-06-21 19:18:22', '2026-06-21 19:18:22'),
(363, 1, 6, 2, 8000.00, 0.00, NULL, 8000.00, 0.00, 'Unpaid', '2026-06-21 19:18:22', '2026-06-21 19:18:22'),
(364, 2, 4, 2, 45000.00, 0.00, NULL, 45000.00, 0.00, 'Unpaid', '2026-06-21 19:18:22', '2026-06-21 19:18:22'),
(365, 2, 5, 2, 3000.00, 0.00, NULL, 3000.00, 0.00, 'Unpaid', '2026-06-21 19:18:22', '2026-06-21 19:18:22'),
(366, 2, 6, 2, 8000.00, 0.00, NULL, 8000.00, 0.00, 'Unpaid', '2026-06-21 19:18:22', '2026-06-21 19:18:22'),
(367, 3, 4, 2, 45000.00, 0.00, NULL, 45000.00, 0.00, 'Unpaid', '2026-06-21 19:18:22', '2026-06-21 19:18:22'),
(368, 3, 5, 2, 3000.00, 0.00, NULL, 3000.00, 0.00, 'Unpaid', '2026-06-21 19:18:22', '2026-06-21 19:18:22'),
(369, 3, 6, 2, 8000.00, 0.00, NULL, 8000.00, 0.00, 'Unpaid', '2026-06-21 19:18:22', '2026-06-21 19:18:22'),
(370, 4, 4, 2, 45000.00, 0.00, NULL, 45000.00, 0.00, 'Unpaid', '2026-06-21 19:18:22', '2026-06-21 19:18:22'),
(371, 4, 5, 2, 3000.00, 0.00, NULL, 3000.00, 0.00, 'Unpaid', '2026-06-21 19:18:22', '2026-06-21 19:18:22'),
(372, 4, 6, 2, 8000.00, 0.00, NULL, 8000.00, 0.00, 'Unpaid', '2026-06-21 19:18:22', '2026-06-21 19:18:22'),
(373, 5, 4, 2, 45000.00, 0.00, NULL, 45000.00, 0.00, 'Unpaid', '2026-06-21 19:18:22', '2026-06-21 19:18:22'),
(374, 5, 5, 2, 3000.00, 0.00, NULL, 3000.00, 0.00, 'Unpaid', '2026-06-21 19:18:22', '2026-06-21 19:18:22'),
(375, 5, 6, 2, 8000.00, 0.00, NULL, 8000.00, 0.00, 'Unpaid', '2026-06-21 19:18:22', '2026-06-21 19:18:22'),
(376, 6, 4, 2, 45000.00, 0.00, NULL, 45000.00, 0.00, 'Unpaid', '2026-06-21 19:18:22', '2026-06-21 19:18:22'),
(377, 6, 5, 2, 3000.00, 0.00, NULL, 3000.00, 0.00, 'Unpaid', '2026-06-21 19:18:22', '2026-06-21 19:18:22'),
(378, 6, 6, 2, 8000.00, 0.00, NULL, 8000.00, 0.00, 'Unpaid', '2026-06-21 19:18:22', '2026-06-21 19:18:22'),
(379, 7, 4, 2, 45000.00, 0.00, NULL, 45000.00, 0.00, 'Unpaid', '2026-06-21 19:18:22', '2026-06-21 19:18:22'),
(380, 7, 5, 2, 3000.00, 0.00, NULL, 3000.00, 0.00, 'Unpaid', '2026-06-21 19:18:22', '2026-06-21 19:18:22'),
(381, 7, 6, 2, 8000.00, 0.00, NULL, 8000.00, 0.00, 'Unpaid', '2026-06-21 19:18:22', '2026-06-21 19:18:22'),
(382, 8, 4, 2, 45000.00, 0.00, NULL, 45000.00, 0.00, 'Unpaid', '2026-06-21 19:18:22', '2026-06-21 19:18:22'),
(383, 8, 5, 2, 3000.00, 0.00, NULL, 3000.00, 0.00, 'Unpaid', '2026-06-21 19:18:22', '2026-06-21 19:18:22'),
(384, 8, 6, 2, 8000.00, 0.00, NULL, 8000.00, 0.00, 'Unpaid', '2026-06-21 19:18:22', '2026-06-21 19:18:22'),
(385, 9, 4, 2, 45000.00, 0.00, NULL, 45000.00, 0.00, 'Unpaid', '2026-06-21 19:18:22', '2026-06-21 19:18:22'),
(386, 9, 5, 2, 3000.00, 0.00, NULL, 3000.00, 0.00, 'Unpaid', '2026-06-21 19:18:22', '2026-06-21 19:18:22'),
(387, 9, 6, 2, 8000.00, 0.00, NULL, 8000.00, 0.00, 'Unpaid', '2026-06-21 19:18:22', '2026-06-21 19:18:22'),
(388, 10, 4, 2, 45000.00, 0.00, NULL, 45000.00, 0.00, 'Unpaid', '2026-06-21 19:18:22', '2026-06-21 19:18:22'),
(389, 10, 5, 2, 3000.00, 0.00, NULL, 3000.00, 0.00, 'Unpaid', '2026-06-21 19:18:22', '2026-06-21 19:18:22'),
(390, 10, 6, 2, 8000.00, 0.00, NULL, 8000.00, 0.00, 'Unpaid', '2026-06-21 19:18:22', '2026-06-21 19:18:22'),
(391, 11, 13, 2, 45000.00, 0.00, NULL, 45000.00, 0.00, 'Unpaid', '2026-06-21 19:18:22', '2026-06-21 19:18:22'),
(392, 11, 14, 2, 3000.00, 0.00, NULL, 3000.00, 0.00, 'Unpaid', '2026-06-21 19:18:22', '2026-06-21 19:18:22'),
(393, 11, 15, 2, 8000.00, 0.00, NULL, 8000.00, 0.00, 'Unpaid', '2026-06-21 19:18:22', '2026-06-21 19:18:22'),
(394, 12, 13, 2, 45000.00, 0.00, NULL, 45000.00, 0.00, 'Unpaid', '2026-06-21 19:18:22', '2026-06-21 19:18:22'),
(395, 12, 14, 2, 3000.00, 0.00, NULL, 3000.00, 0.00, 'Unpaid', '2026-06-21 19:18:22', '2026-06-21 19:18:22'),
(396, 12, 15, 2, 8000.00, 0.00, NULL, 8000.00, 0.00, 'Unpaid', '2026-06-21 19:18:22', '2026-06-21 19:18:22'),
(397, 13, 13, 2, 45000.00, 0.00, NULL, 45000.00, 0.00, 'Unpaid', '2026-06-21 19:18:22', '2026-06-21 19:18:22'),
(398, 13, 14, 2, 3000.00, 0.00, NULL, 3000.00, 0.00, 'Unpaid', '2026-06-21 19:18:22', '2026-06-21 19:18:22'),
(399, 13, 15, 2, 8000.00, 0.00, NULL, 8000.00, 0.00, 'Unpaid', '2026-06-21 19:18:22', '2026-06-21 19:18:22'),
(400, 14, 13, 2, 45000.00, 0.00, NULL, 45000.00, 0.00, 'Unpaid', '2026-06-21 19:18:22', '2026-06-21 19:18:22'),
(401, 14, 14, 2, 3000.00, 0.00, NULL, 3000.00, 0.00, 'Unpaid', '2026-06-21 19:18:22', '2026-06-21 19:18:22'),
(402, 14, 15, 2, 8000.00, 0.00, NULL, 8000.00, 0.00, 'Unpaid', '2026-06-21 19:18:22', '2026-06-21 19:18:22'),
(403, 15, 13, 2, 45000.00, 0.00, NULL, 45000.00, 0.00, 'Unpaid', '2026-06-21 19:18:22', '2026-06-21 19:18:22'),
(404, 15, 14, 2, 3000.00, 0.00, NULL, 3000.00, 0.00, 'Unpaid', '2026-06-21 19:18:22', '2026-06-21 19:18:22'),
(405, 15, 15, 2, 8000.00, 0.00, NULL, 8000.00, 0.00, 'Unpaid', '2026-06-21 19:18:22', '2026-06-21 19:18:22'),
(406, 16, 13, 2, 45000.00, 0.00, NULL, 45000.00, 0.00, 'Unpaid', '2026-06-21 19:18:22', '2026-06-21 19:18:22'),
(407, 16, 14, 2, 3000.00, 0.00, NULL, 3000.00, 0.00, 'Unpaid', '2026-06-21 19:18:22', '2026-06-21 19:18:22'),
(408, 16, 15, 2, 8000.00, 0.00, NULL, 8000.00, 0.00, 'Unpaid', '2026-06-21 19:18:22', '2026-06-21 19:18:22'),
(409, 17, 13, 2, 45000.00, 0.00, NULL, 45000.00, 0.00, 'Unpaid', '2026-06-21 19:18:22', '2026-06-21 19:18:22'),
(410, 17, 14, 2, 3000.00, 0.00, NULL, 3000.00, 0.00, 'Unpaid', '2026-06-21 19:18:22', '2026-06-21 19:18:22'),
(411, 17, 15, 2, 8000.00, 0.00, NULL, 8000.00, 0.00, 'Unpaid', '2026-06-21 19:18:22', '2026-06-21 19:18:22'),
(412, 18, 13, 2, 45000.00, 0.00, NULL, 45000.00, 0.00, 'Unpaid', '2026-06-21 19:18:22', '2026-06-21 19:18:22'),
(413, 18, 14, 2, 3000.00, 0.00, NULL, 3000.00, 0.00, 'Unpaid', '2026-06-21 19:18:22', '2026-06-21 19:18:22'),
(414, 18, 15, 2, 8000.00, 0.00, NULL, 8000.00, 0.00, 'Unpaid', '2026-06-21 19:18:22', '2026-06-21 19:18:22'),
(415, 19, 13, 2, 45000.00, 0.00, NULL, 45000.00, 0.00, 'Unpaid', '2026-06-21 19:18:22', '2026-06-21 19:18:22'),
(416, 19, 14, 2, 3000.00, 0.00, NULL, 3000.00, 0.00, 'Unpaid', '2026-06-21 19:18:22', '2026-06-21 19:18:22'),
(417, 19, 15, 2, 8000.00, 0.00, NULL, 8000.00, 0.00, 'Unpaid', '2026-06-21 19:18:22', '2026-06-21 19:18:22'),
(418, 20, 13, 2, 45000.00, 0.00, NULL, 45000.00, 0.00, 'Unpaid', '2026-06-21 19:18:22', '2026-06-21 19:18:22'),
(419, 20, 14, 2, 3000.00, 0.00, NULL, 3000.00, 0.00, 'Unpaid', '2026-06-21 19:18:22', '2026-06-21 19:18:22'),
(420, 20, 15, 2, 8000.00, 0.00, NULL, 8000.00, 0.00, 'Unpaid', '2026-06-21 19:18:22', '2026-06-21 19:18:22'),
(421, 21, 22, 2, 48000.00, 0.00, NULL, 48000.00, 0.00, 'Unpaid', '2026-06-21 19:18:22', '2026-06-21 19:18:22'),
(422, 21, 23, 2, 3000.00, 0.00, NULL, 3000.00, 0.00, 'Unpaid', '2026-06-21 19:18:22', '2026-06-21 19:18:22'),
(423, 21, 24, 2, 8000.00, 0.00, NULL, 8000.00, 0.00, 'Unpaid', '2026-06-21 19:18:22', '2026-06-21 19:18:22'),
(424, 22, 22, 2, 48000.00, 0.00, NULL, 48000.00, 0.00, 'Unpaid', '2026-06-21 19:18:22', '2026-06-21 19:18:22'),
(425, 22, 23, 2, 3000.00, 0.00, NULL, 3000.00, 0.00, 'Unpaid', '2026-06-21 19:18:22', '2026-06-21 19:18:22'),
(426, 22, 24, 2, 8000.00, 0.00, NULL, 8000.00, 0.00, 'Unpaid', '2026-06-21 19:18:22', '2026-06-21 19:18:22'),
(427, 23, 22, 2, 48000.00, 0.00, NULL, 48000.00, 0.00, 'Unpaid', '2026-06-21 19:18:22', '2026-06-21 19:18:22'),
(428, 23, 23, 2, 3000.00, 0.00, NULL, 3000.00, 0.00, 'Unpaid', '2026-06-21 19:18:22', '2026-06-21 19:18:22'),
(429, 23, 24, 2, 8000.00, 0.00, NULL, 8000.00, 0.00, 'Unpaid', '2026-06-21 19:18:22', '2026-06-21 19:18:22'),
(430, 24, 22, 2, 48000.00, 0.00, NULL, 48000.00, 0.00, 'Unpaid', '2026-06-21 19:18:22', '2026-06-21 19:18:22'),
(431, 24, 23, 2, 3000.00, 0.00, NULL, 3000.00, 0.00, 'Unpaid', '2026-06-21 19:18:22', '2026-06-21 19:18:22'),
(432, 24, 24, 2, 8000.00, 0.00, NULL, 8000.00, 0.00, 'Unpaid', '2026-06-21 19:18:22', '2026-06-21 19:18:22'),
(433, 25, 22, 2, 48000.00, 0.00, NULL, 48000.00, 0.00, 'Unpaid', '2026-06-21 19:18:22', '2026-06-21 19:18:22'),
(434, 25, 23, 2, 3000.00, 0.00, NULL, 3000.00, 0.00, 'Unpaid', '2026-06-21 19:18:22', '2026-06-21 19:18:22'),
(435, 25, 24, 2, 8000.00, 0.00, NULL, 8000.00, 0.00, 'Unpaid', '2026-06-21 19:18:23', '2026-06-21 19:18:23'),
(436, 26, 22, 2, 48000.00, 0.00, NULL, 48000.00, 0.00, 'Unpaid', '2026-06-21 19:18:23', '2026-06-21 19:18:23'),
(437, 26, 23, 2, 3000.00, 0.00, NULL, 3000.00, 0.00, 'Unpaid', '2026-06-21 19:18:23', '2026-06-21 19:18:23'),
(438, 26, 24, 2, 8000.00, 0.00, NULL, 8000.00, 0.00, 'Unpaid', '2026-06-21 19:18:23', '2026-06-21 19:18:23'),
(439, 27, 22, 2, 48000.00, 0.00, NULL, 48000.00, 0.00, 'Unpaid', '2026-06-21 19:18:23', '2026-06-21 19:18:23'),
(440, 27, 23, 2, 3000.00, 0.00, NULL, 3000.00, 0.00, 'Unpaid', '2026-06-21 19:18:23', '2026-06-21 19:18:23'),
(441, 27, 24, 2, 8000.00, 0.00, NULL, 8000.00, 0.00, 'Unpaid', '2026-06-21 19:18:23', '2026-06-21 19:18:23'),
(442, 28, 22, 2, 48000.00, 0.00, NULL, 48000.00, 0.00, 'Unpaid', '2026-06-21 19:18:23', '2026-06-21 19:18:23'),
(443, 28, 23, 2, 3000.00, 0.00, NULL, 3000.00, 0.00, 'Unpaid', '2026-06-21 19:18:23', '2026-06-21 19:18:23'),
(444, 28, 24, 2, 8000.00, 0.00, NULL, 8000.00, 0.00, 'Unpaid', '2026-06-21 19:18:23', '2026-06-21 19:18:23'),
(445, 29, 22, 2, 48000.00, 0.00, NULL, 48000.00, 0.00, 'Unpaid', '2026-06-21 19:18:23', '2026-06-21 19:18:23'),
(446, 29, 23, 2, 3000.00, 0.00, NULL, 3000.00, 0.00, 'Unpaid', '2026-06-21 19:18:23', '2026-06-21 19:18:23'),
(447, 29, 24, 2, 8000.00, 0.00, NULL, 8000.00, 0.00, 'Unpaid', '2026-06-21 19:18:23', '2026-06-21 19:18:23'),
(448, 30, 22, 2, 48000.00, 0.00, NULL, 48000.00, 0.00, 'Unpaid', '2026-06-21 19:18:23', '2026-06-21 19:18:23'),
(449, 30, 23, 2, 3000.00, 0.00, NULL, 3000.00, 0.00, 'Unpaid', '2026-06-21 19:18:23', '2026-06-21 19:18:23'),
(450, 30, 24, 2, 8000.00, 0.00, NULL, 8000.00, 0.00, 'Unpaid', '2026-06-21 19:18:23', '2026-06-21 19:18:23'),
(451, 31, 31, 2, 55000.00, 0.00, NULL, 55000.00, 0.00, 'Unpaid', '2026-06-21 19:18:23', '2026-06-21 19:18:23'),
(452, 31, 32, 2, 3000.00, 0.00, NULL, 3000.00, 0.00, 'Unpaid', '2026-06-21 19:18:23', '2026-06-21 19:18:23'),
(453, 31, 33, 2, 8000.00, 0.00, NULL, 8000.00, 0.00, 'Unpaid', '2026-06-21 19:18:23', '2026-06-21 19:18:23'),
(454, 32, 31, 2, 55000.00, 0.00, NULL, 55000.00, 0.00, 'Unpaid', '2026-06-21 19:18:23', '2026-06-21 19:18:23'),
(455, 32, 32, 2, 3000.00, 0.00, NULL, 3000.00, 0.00, 'Unpaid', '2026-06-21 19:18:23', '2026-06-21 19:18:23'),
(456, 32, 33, 2, 8000.00, 0.00, NULL, 8000.00, 0.00, 'Unpaid', '2026-06-21 19:18:23', '2026-06-21 19:18:23'),
(457, 33, 31, 2, 55000.00, 0.00, NULL, 55000.00, 0.00, 'Unpaid', '2026-06-21 19:18:23', '2026-06-21 19:18:23');
INSERT INTO `student_fee_ledger` (`id`, `student_id`, `fee_structure_id`, `term_id`, `original_amount`, `discount_amount`, `discount_reason`, `net_amount`, `amount_paid`, `status`, `created_at`, `updated_at`) VALUES
(458, 33, 32, 2, 3000.00, 0.00, NULL, 3000.00, 0.00, 'Unpaid', '2026-06-21 19:18:23', '2026-06-21 19:18:23'),
(459, 33, 33, 2, 8000.00, 0.00, NULL, 8000.00, 0.00, 'Unpaid', '2026-06-21 19:18:23', '2026-06-21 19:18:23'),
(460, 34, 31, 2, 55000.00, 0.00, NULL, 55000.00, 0.00, 'Unpaid', '2026-06-21 19:18:23', '2026-06-21 19:18:23'),
(461, 34, 32, 2, 3000.00, 0.00, NULL, 3000.00, 0.00, 'Unpaid', '2026-06-21 19:18:23', '2026-06-21 19:18:23'),
(462, 34, 33, 2, 8000.00, 0.00, NULL, 8000.00, 0.00, 'Unpaid', '2026-06-21 19:18:23', '2026-06-21 19:18:23'),
(463, 35, 31, 2, 55000.00, 0.00, NULL, 55000.00, 0.00, 'Unpaid', '2026-06-21 19:18:23', '2026-06-21 19:18:23'),
(464, 35, 32, 2, 3000.00, 0.00, NULL, 3000.00, 0.00, 'Unpaid', '2026-06-21 19:18:23', '2026-06-21 19:18:23'),
(465, 35, 33, 2, 8000.00, 0.00, NULL, 8000.00, 0.00, 'Unpaid', '2026-06-21 19:18:23', '2026-06-21 19:18:23'),
(466, 36, 31, 2, 55000.00, 0.00, NULL, 55000.00, 0.00, 'Unpaid', '2026-06-21 19:18:23', '2026-06-21 19:18:23'),
(467, 36, 32, 2, 3000.00, 0.00, NULL, 3000.00, 0.00, 'Unpaid', '2026-06-21 19:18:23', '2026-06-21 19:18:23'),
(468, 36, 33, 2, 8000.00, 0.00, NULL, 8000.00, 0.00, 'Unpaid', '2026-06-21 19:18:23', '2026-06-21 19:18:23'),
(469, 37, 31, 2, 55000.00, 0.00, NULL, 55000.00, 0.00, 'Unpaid', '2026-06-21 19:18:23', '2026-06-21 19:18:23'),
(470, 37, 32, 2, 3000.00, 0.00, NULL, 3000.00, 0.00, 'Unpaid', '2026-06-21 19:18:23', '2026-06-21 19:18:23'),
(471, 37, 33, 2, 8000.00, 0.00, NULL, 8000.00, 0.00, 'Unpaid', '2026-06-21 19:18:23', '2026-06-21 19:18:23'),
(472, 38, 31, 2, 55000.00, 0.00, NULL, 55000.00, 0.00, 'Unpaid', '2026-06-21 19:18:23', '2026-06-21 19:18:23'),
(473, 38, 32, 2, 3000.00, 0.00, NULL, 3000.00, 0.00, 'Unpaid', '2026-06-21 19:18:23', '2026-06-21 19:18:23'),
(474, 38, 33, 2, 8000.00, 0.00, NULL, 8000.00, 0.00, 'Unpaid', '2026-06-21 19:18:23', '2026-06-21 19:18:23'),
(475, 39, 31, 2, 55000.00, 0.00, NULL, 55000.00, 0.00, 'Unpaid', '2026-06-21 19:18:23', '2026-06-21 19:18:23'),
(476, 39, 32, 2, 3000.00, 0.00, NULL, 3000.00, 0.00, 'Unpaid', '2026-06-21 19:18:23', '2026-06-21 19:18:23'),
(477, 39, 33, 2, 8000.00, 0.00, NULL, 8000.00, 0.00, 'Unpaid', '2026-06-21 19:18:23', '2026-06-21 19:18:23'),
(478, 40, 31, 2, 55000.00, 0.00, NULL, 55000.00, 0.00, 'Unpaid', '2026-06-21 19:18:23', '2026-06-21 19:18:23'),
(479, 40, 32, 2, 3000.00, 0.00, NULL, 3000.00, 0.00, 'Unpaid', '2026-06-21 19:18:23', '2026-06-21 19:18:23'),
(480, 40, 33, 2, 8000.00, 0.00, NULL, 8000.00, 0.00, 'Unpaid', '2026-06-21 19:18:23', '2026-06-21 19:18:23'),
(481, 41, 40, 2, 55000.00, 0.00, NULL, 55000.00, 0.00, 'Unpaid', '2026-06-21 19:18:23', '2026-06-21 19:18:23'),
(482, 41, 41, 2, 3000.00, 0.00, NULL, 3000.00, 0.00, 'Unpaid', '2026-06-21 19:18:23', '2026-06-21 19:18:23'),
(483, 41, 42, 2, 8000.00, 0.00, NULL, 8000.00, 0.00, 'Unpaid', '2026-06-21 19:18:23', '2026-06-21 19:18:23'),
(484, 42, 40, 2, 55000.00, 0.00, NULL, 55000.00, 0.00, 'Unpaid', '2026-06-21 19:18:23', '2026-06-21 19:18:23'),
(485, 42, 41, 2, 3000.00, 0.00, NULL, 3000.00, 0.00, 'Unpaid', '2026-06-21 19:18:23', '2026-06-21 19:18:23'),
(486, 42, 42, 2, 8000.00, 0.00, NULL, 8000.00, 0.00, 'Unpaid', '2026-06-21 19:18:23', '2026-06-21 19:18:23'),
(487, 43, 40, 2, 55000.00, 0.00, NULL, 55000.00, 0.00, 'Unpaid', '2026-06-21 19:18:23', '2026-06-21 19:18:23'),
(488, 43, 41, 2, 3000.00, 0.00, NULL, 3000.00, 0.00, 'Unpaid', '2026-06-21 19:18:23', '2026-06-21 19:18:23'),
(489, 43, 42, 2, 8000.00, 0.00, NULL, 8000.00, 0.00, 'Unpaid', '2026-06-21 19:18:23', '2026-06-21 19:18:23'),
(490, 44, 40, 2, 55000.00, 0.00, NULL, 55000.00, 0.00, 'Unpaid', '2026-06-21 19:18:23', '2026-06-21 19:18:23'),
(491, 44, 41, 2, 3000.00, 0.00, NULL, 3000.00, 0.00, 'Unpaid', '2026-06-21 19:18:23', '2026-06-21 19:18:23'),
(492, 44, 42, 2, 8000.00, 0.00, NULL, 8000.00, 0.00, 'Unpaid', '2026-06-21 19:18:23', '2026-06-21 19:18:23'),
(493, 45, 40, 2, 55000.00, 0.00, NULL, 55000.00, 0.00, 'Unpaid', '2026-06-21 19:18:23', '2026-06-21 19:18:23'),
(494, 45, 41, 2, 3000.00, 0.00, NULL, 3000.00, 0.00, 'Unpaid', '2026-06-21 19:18:23', '2026-06-21 19:18:23'),
(495, 45, 42, 2, 8000.00, 0.00, NULL, 8000.00, 0.00, 'Unpaid', '2026-06-21 19:18:23', '2026-06-21 19:18:23'),
(496, 46, 40, 2, 55000.00, 0.00, NULL, 55000.00, 0.00, 'Unpaid', '2026-06-21 19:18:23', '2026-06-21 19:18:23'),
(497, 46, 41, 2, 3000.00, 0.00, NULL, 3000.00, 0.00, 'Unpaid', '2026-06-21 19:18:23', '2026-06-21 19:18:23'),
(498, 46, 42, 2, 8000.00, 0.00, NULL, 8000.00, 0.00, 'Unpaid', '2026-06-21 19:18:23', '2026-06-21 19:18:23'),
(499, 47, 40, 2, 55000.00, 0.00, NULL, 55000.00, 0.00, 'Unpaid', '2026-06-21 19:18:23', '2026-06-21 19:18:23'),
(500, 47, 41, 2, 3000.00, 0.00, NULL, 3000.00, 0.00, 'Unpaid', '2026-06-21 19:18:23', '2026-06-21 19:18:23'),
(501, 47, 42, 2, 8000.00, 0.00, NULL, 8000.00, 0.00, 'Unpaid', '2026-06-21 19:18:23', '2026-06-21 19:18:23'),
(502, 48, 40, 2, 55000.00, 0.00, NULL, 55000.00, 0.00, 'Unpaid', '2026-06-21 19:18:23', '2026-06-21 19:18:23'),
(503, 48, 41, 2, 3000.00, 0.00, NULL, 3000.00, 0.00, 'Unpaid', '2026-06-21 19:18:23', '2026-06-21 19:18:23'),
(504, 48, 42, 2, 8000.00, 0.00, NULL, 8000.00, 0.00, 'Unpaid', '2026-06-21 19:18:23', '2026-06-21 19:18:23'),
(505, 49, 40, 2, 55000.00, 0.00, NULL, 55000.00, 0.00, 'Unpaid', '2026-06-21 19:18:23', '2026-06-21 19:18:23'),
(506, 49, 41, 2, 3000.00, 0.00, NULL, 3000.00, 0.00, 'Unpaid', '2026-06-21 19:18:23', '2026-06-21 19:18:23'),
(507, 49, 42, 2, 8000.00, 0.00, NULL, 8000.00, 0.00, 'Unpaid', '2026-06-21 19:18:23', '2026-06-21 19:18:23'),
(508, 50, 40, 2, 55000.00, 0.00, NULL, 55000.00, 0.00, 'Unpaid', '2026-06-21 19:18:23', '2026-06-21 19:18:23'),
(509, 50, 41, 2, 3000.00, 0.00, NULL, 3000.00, 0.00, 'Unpaid', '2026-06-21 19:18:23', '2026-06-21 19:18:23'),
(510, 50, 42, 2, 8000.00, 0.00, NULL, 8000.00, 0.00, 'Unpaid', '2026-06-21 19:18:23', '2026-06-21 19:18:23'),
(511, 51, 49, 2, 60000.00, 0.00, NULL, 60000.00, 0.00, 'Unpaid', '2026-06-21 19:18:23', '2026-06-21 19:18:23'),
(512, 51, 50, 2, 3000.00, 0.00, NULL, 3000.00, 0.00, 'Unpaid', '2026-06-21 19:18:23', '2026-06-21 19:18:23'),
(513, 51, 51, 2, 8000.00, 0.00, NULL, 8000.00, 0.00, 'Unpaid', '2026-06-21 19:18:23', '2026-06-21 19:18:23'),
(514, 52, 49, 2, 60000.00, 0.00, NULL, 60000.00, 0.00, 'Unpaid', '2026-06-21 19:18:23', '2026-06-21 19:18:23'),
(515, 52, 50, 2, 3000.00, 0.00, NULL, 3000.00, 0.00, 'Unpaid', '2026-06-21 19:18:23', '2026-06-21 19:18:23'),
(516, 52, 51, 2, 8000.00, 0.00, NULL, 8000.00, 0.00, 'Unpaid', '2026-06-21 19:18:23', '2026-06-21 19:18:23'),
(517, 53, 49, 2, 60000.00, 0.00, NULL, 60000.00, 0.00, 'Unpaid', '2026-06-21 19:18:23', '2026-06-21 19:18:23'),
(518, 53, 50, 2, 3000.00, 0.00, NULL, 3000.00, 0.00, 'Unpaid', '2026-06-21 19:18:23', '2026-06-21 19:18:23'),
(519, 53, 51, 2, 8000.00, 0.00, NULL, 8000.00, 0.00, 'Unpaid', '2026-06-21 19:18:23', '2026-06-21 19:18:23'),
(520, 54, 49, 2, 60000.00, 0.00, NULL, 60000.00, 0.00, 'Unpaid', '2026-06-21 19:18:23', '2026-06-21 19:18:23'),
(521, 54, 50, 2, 3000.00, 0.00, NULL, 3000.00, 0.00, 'Unpaid', '2026-06-21 19:18:23', '2026-06-21 19:18:23'),
(522, 54, 51, 2, 8000.00, 0.00, NULL, 8000.00, 0.00, 'Unpaid', '2026-06-21 19:18:23', '2026-06-21 19:18:23'),
(523, 55, 49, 2, 60000.00, 0.00, NULL, 60000.00, 0.00, 'Unpaid', '2026-06-21 19:18:23', '2026-06-21 19:18:23'),
(524, 55, 50, 2, 3000.00, 0.00, NULL, 3000.00, 0.00, 'Unpaid', '2026-06-21 19:18:23', '2026-06-21 19:18:23'),
(525, 55, 51, 2, 8000.00, 0.00, NULL, 8000.00, 0.00, 'Unpaid', '2026-06-21 19:18:23', '2026-06-21 19:18:23'),
(526, 56, 49, 2, 60000.00, 0.00, NULL, 60000.00, 0.00, 'Unpaid', '2026-06-21 19:18:23', '2026-06-21 19:18:23'),
(527, 56, 50, 2, 3000.00, 0.00, NULL, 3000.00, 0.00, 'Unpaid', '2026-06-21 19:18:23', '2026-06-21 19:18:23'),
(528, 56, 51, 2, 8000.00, 0.00, NULL, 8000.00, 0.00, 'Unpaid', '2026-06-21 19:18:23', '2026-06-21 19:18:23'),
(529, 57, 49, 2, 60000.00, 0.00, NULL, 60000.00, 0.00, 'Unpaid', '2026-06-21 19:18:23', '2026-06-21 19:18:23'),
(530, 57, 50, 2, 3000.00, 0.00, NULL, 3000.00, 0.00, 'Unpaid', '2026-06-21 19:18:23', '2026-06-21 19:18:23'),
(531, 57, 51, 2, 8000.00, 0.00, NULL, 8000.00, 0.00, 'Unpaid', '2026-06-21 19:18:23', '2026-06-21 19:18:23'),
(532, 58, 49, 2, 60000.00, 0.00, NULL, 60000.00, 0.00, 'Unpaid', '2026-06-21 19:18:23', '2026-06-21 19:18:23'),
(533, 58, 50, 2, 3000.00, 0.00, NULL, 3000.00, 0.00, 'Unpaid', '2026-06-21 19:18:23', '2026-06-21 19:18:23'),
(534, 58, 51, 2, 8000.00, 0.00, NULL, 8000.00, 0.00, 'Unpaid', '2026-06-21 19:18:23', '2026-06-21 19:18:23'),
(535, 59, 49, 2, 60000.00, 0.00, NULL, 60000.00, 0.00, 'Unpaid', '2026-06-21 19:18:23', '2026-06-21 19:18:23'),
(536, 59, 50, 2, 3000.00, 0.00, NULL, 3000.00, 0.00, 'Unpaid', '2026-06-21 19:18:23', '2026-06-21 19:18:23'),
(537, 59, 51, 2, 8000.00, 0.00, NULL, 8000.00, 0.00, 'Unpaid', '2026-06-21 19:18:23', '2026-06-21 19:18:23'),
(538, 60, 49, 2, 60000.00, 0.00, NULL, 60000.00, 0.00, 'Unpaid', '2026-06-21 19:18:23', '2026-06-21 19:18:23'),
(539, 60, 50, 2, 3000.00, 0.00, NULL, 3000.00, 0.00, 'Unpaid', '2026-06-21 19:18:23', '2026-06-21 19:18:23'),
(540, 60, 51, 2, 8000.00, 0.00, NULL, 8000.00, 0.00, 'Unpaid', '2026-06-21 19:18:23', '2026-06-21 19:18:23');

-- --------------------------------------------------------

--
-- Table structure for table `subjects`
--

CREATE TABLE `subjects` (
  `id` bigint(20) UNSIGNED NOT NULL,
  `name` varchar(100) NOT NULL,
  `code` varchar(10) DEFAULT NULL,
  `category` enum('General','Science','Arts','Commercial','Technical','Vocational') NOT NULL DEFAULT 'General',
  `is_waec_subject` tinyint(1) NOT NULL DEFAULT 0,
  `is_neco_subject` tinyint(1) NOT NULL DEFAULT 0,
  `is_core` tinyint(1) NOT NULL DEFAULT 0,
  `is_active` tinyint(1) NOT NULL DEFAULT 1,
  `created_at` timestamp NULL DEFAULT NULL,
  `updated_at` timestamp NULL DEFAULT NULL
) ENGINE=InnoDB DEFAULT CHARSET=utf8mb4 COLLATE=utf8mb4_unicode_ci;

--
-- Dumping data for table `subjects`
--

INSERT INTO `subjects` (`id`, `name`, `code`, `category`, `is_waec_subject`, `is_neco_subject`, `is_core`, `is_active`, `created_at`, `updated_at`) VALUES
(1, 'English Language', 'ENG', 'General', 1, 1, 1, 1, '2026-04-24 19:03:06', '2026-04-24 19:03:06'),
(2, 'Mathematics', 'MTH', 'General', 1, 1, 1, 1, '2026-04-24 19:03:06', '2026-04-24 19:03:06'),
(3, 'Civic Education', 'CVE', 'General', 1, 1, 1, 1, '2026-04-24 19:03:06', '2026-04-24 19:03:06'),
(4, 'Christian Religious Studies', 'CRS', 'General', 1, 1, 0, 1, '2026-04-24 19:03:06', '2026-04-24 19:03:06'),
(5, 'Islamic Religious Studies', 'IRS', 'General', 1, 1, 0, 1, '2026-04-24 19:03:06', '2026-04-24 19:03:06'),
(6, 'Physical & Health Education', 'PHE', 'General', 1, 1, 0, 1, '2026-04-24 19:03:06', '2026-04-24 19:03:06'),
(7, 'Social Studies', 'SST', 'General', 0, 0, 0, 1, '2026-04-24 19:03:06', '2026-04-24 19:03:06'),
(8, 'Literature in English', 'LIT', 'Arts', 1, 1, 0, 1, '2026-04-24 19:03:06', '2026-04-24 19:03:06'),
(9, 'Biology', 'BIO', 'Science', 1, 1, 0, 1, '2026-04-24 19:03:06', '2026-04-24 19:03:06'),
(10, 'Chemistry', 'CHE', 'Science', 1, 1, 0, 1, '2026-04-24 19:03:06', '2026-04-24 19:03:06'),
(11, 'Physics', 'PHY', 'Science', 1, 1, 0, 1, '2026-04-24 19:03:06', '2026-04-24 19:03:06'),
(12, 'Further Mathematics', 'FMT', 'Science', 1, 1, 0, 1, '2026-04-24 19:03:06', '2026-04-24 19:03:06'),
(13, 'Agricultural Science', 'AGR', 'Science', 1, 1, 0, 1, '2026-04-24 19:03:06', '2026-04-24 19:03:06'),
(14, 'Basic Science', 'BSC', 'Science', 0, 0, 0, 1, '2026-04-24 19:03:06', '2026-04-24 19:03:06'),
(15, 'Government', 'GOV', 'Arts', 1, 1, 0, 1, '2026-04-24 19:03:06', '2026-04-24 19:03:06'),
(16, 'History', 'HIS', 'Arts', 1, 1, 0, 1, '2026-04-24 19:03:06', '2026-04-24 19:03:06'),
(17, 'Fine Arts', 'FNA', 'Arts', 1, 1, 0, 1, '2026-04-24 19:03:06', '2026-04-24 19:03:06'),
(18, 'Music', 'MUS', 'Arts', 1, 1, 0, 1, '2026-04-24 19:03:06', '2026-04-24 19:03:06'),
(19, 'French Language', 'FRN', 'Arts', 1, 1, 0, 1, '2026-04-24 19:03:06', '2026-04-24 19:03:06'),
(20, 'Yoruba Language', 'YOR', 'Arts', 1, 1, 0, 1, '2026-04-24 19:03:06', '2026-04-24 19:03:06'),
(21, 'Igbo Language', 'IGB', 'Arts', 1, 1, 0, 1, '2026-04-24 19:03:06', '2026-04-24 19:03:06'),
(22, 'Hausa Language', 'HAU', 'Arts', 1, 1, 0, 1, '2026-04-24 19:03:06', '2026-04-24 19:03:06'),
(23, 'Economics', 'ECO', 'Commercial', 1, 1, 0, 1, '2026-04-24 19:03:06', '2026-04-24 19:03:06'),
(24, 'Commerce', 'COM', 'Commercial', 1, 1, 0, 1, '2026-04-24 19:03:06', '2026-04-24 19:03:06'),
(25, 'Financial Accounting', 'ACC', 'Commercial', 1, 1, 0, 1, '2026-04-24 19:03:06', '2026-04-24 19:03:06'),
(26, 'Office Practice', 'OFP', 'Commercial', 1, 1, 0, 1, '2026-04-24 19:03:06', '2026-04-24 19:03:06'),
(27, 'Marketing', 'MKT', 'Commercial', 1, 1, 0, 1, '2026-04-24 19:03:06', '2026-04-24 19:03:06'),
(28, 'Computer Studies', 'CST', 'Technical', 1, 1, 0, 1, '2026-04-24 19:03:06', '2026-04-24 19:03:06'),
(29, 'Technical Drawing', 'TDR', 'Technical', 1, 1, 0, 1, '2026-04-24 19:03:06', '2026-04-24 19:03:06'),
(30, 'Basic Technology', 'BTY', 'Technical', 0, 0, 0, 1, '2026-04-24 19:03:06', '2026-04-24 19:03:06'),
(31, 'Food & Nutrition', 'FDN', 'Vocational', 1, 1, 0, 1, '2026-04-24 19:03:06', '2026-04-24 19:03:06'),
(32, 'Home Economics', 'HEC', 'Vocational', 1, 1, 0, 1, '2026-04-24 19:03:06', '2026-04-24 19:03:06'),
(33, 'Health Science', 'HLS', 'Science', 1, 1, 0, 1, '2026-04-24 19:03:06', '2026-04-24 19:03:06');

-- --------------------------------------------------------

--
-- Table structure for table `teachers`
--

CREATE TABLE `teachers` (
  `id` bigint(20) UNSIGNED NOT NULL,
  `user_id` bigint(20) UNSIGNED NOT NULL,
  `staff_id` varchar(30) NOT NULL,
  `date_of_birth` date DEFAULT NULL,
  `gender` enum('Male','Female') DEFAULT NULL,
  `qualification` varchar(150) DEFAULT NULL,
  `specialization` varchar(100) DEFAULT NULL,
  `employment_date` date DEFAULT NULL,
  `employment_type` enum('Full-time','Part-time','Contract','NYSC') NOT NULL DEFAULT 'Full-time',
  `address` text DEFAULT NULL,
  `next_of_kin_name` varchar(150) DEFAULT NULL,
  `next_of_kin_phone` varchar(20) DEFAULT NULL,
  `next_of_kin_relationship` varchar(50) DEFAULT NULL,
  `is_active` tinyint(1) NOT NULL DEFAULT 1,
  `created_at` timestamp NULL DEFAULT NULL,
  `updated_at` timestamp NULL DEFAULT NULL
) ENGINE=InnoDB DEFAULT CHARSET=utf8mb4 COLLATE=utf8mb4_unicode_ci;

--
-- Dumping data for table `teachers`
--

INSERT INTO `teachers` (`id`, `user_id`, `staff_id`, `date_of_birth`, `gender`, `qualification`, `specialization`, `employment_date`, `employment_type`, `address`, `next_of_kin_name`, `next_of_kin_phone`, `next_of_kin_relationship`, `is_active`, `created_at`, `updated_at`) VALUES
(1, 4, 'STF/001', NULL, 'Male', 'B.Sc. Education', 'Mathematics', '2020-09-01', 'Full-time', NULL, NULL, NULL, NULL, 1, '2026-04-24 19:04:24', '2026-04-24 19:04:24'),
(2, 5, 'STF/002', NULL, 'Female', 'B.Sc. Education', 'English Language', '2020-09-01', 'Full-time', NULL, NULL, NULL, NULL, 1, '2026-04-24 19:04:25', '2026-04-24 19:04:25'),
(3, 6, 'STF/003', NULL, 'Male', 'B.Sc. Education', 'Biology & Chemistry', '2020-09-01', 'Full-time', NULL, NULL, NULL, NULL, 1, '2026-04-24 19:04:25', '2026-04-24 19:04:25'),
(4, 7, 'STF/004', NULL, 'Female', 'B.Sc. Education', 'Physics', '2020-09-01', 'Full-time', NULL, NULL, NULL, NULL, 1, '2026-04-24 19:04:25', '2026-04-24 19:04:25'),
(5, 8, 'STF/005', NULL, 'Male', 'B.Sc. Education', 'Economics', '2020-09-01', 'Full-time', NULL, NULL, NULL, NULL, 1, '2026-04-24 19:04:25', '2026-04-24 19:04:25'),
(6, 9, 'STF/006', NULL, 'Female', 'B.Sc. Education', 'Accounting', '2020-09-01', 'Full-time', NULL, NULL, NULL, NULL, 1, '2026-04-24 19:04:26', '2026-04-24 19:04:26'),
(7, 10, 'STF/007', NULL, 'Male', 'B.Sc. Education', 'Literature & Government', '2020-09-01', 'Full-time', NULL, NULL, NULL, NULL, 1, '2026-04-24 19:04:26', '2026-04-24 19:04:26'),
(8, 11, 'STF/008', NULL, 'Female', 'B.Sc. Education', 'Computer Studies', '2020-09-01', 'Full-time', NULL, NULL, NULL, NULL, 1, '2026-04-24 19:04:26', '2026-04-24 19:04:26');

-- --------------------------------------------------------

--
-- Table structure for table `teacher_arm_subjects`
--

CREATE TABLE `teacher_arm_subjects` (
  `id` bigint(20) UNSIGNED NOT NULL,
  `teacher_id` bigint(20) UNSIGNED NOT NULL,
  `arm_subject_id` bigint(20) UNSIGNED NOT NULL,
  `created_at` timestamp NULL DEFAULT NULL,
  `updated_at` timestamp NULL DEFAULT NULL
) ENGINE=InnoDB DEFAULT CHARSET=utf8mb4 COLLATE=utf8mb4_unicode_ci;

--
-- Dumping data for table `teacher_arm_subjects`
--

INSERT INTO `teacher_arm_subjects` (`id`, `teacher_id`, `arm_subject_id`, `created_at`, `updated_at`) VALUES
(1, 2, 1, '2026-04-24 19:04:26', '2026-04-24 19:04:26'),
(2, 1, 2, '2026-04-24 19:04:26', '2026-04-24 19:04:26'),
(3, 7, 3, '2026-04-24 19:04:26', '2026-04-24 19:04:26'),
(4, 3, 4, '2026-04-24 19:04:26', '2026-04-24 19:04:26'),
(5, 4, 6, '2026-04-24 19:04:26', '2026-04-24 19:04:26'),
(6, 5, 8, '2026-04-24 19:04:26', '2026-04-24 19:04:26'),
(7, 6, 9, '2026-04-24 19:04:26', '2026-04-24 19:04:26'),
(8, 8, 10, '2026-04-24 19:04:26', '2026-04-24 19:04:26'),
(9, 2, 11, '2026-04-24 19:04:26', '2026-04-24 19:04:26'),
(10, 1, 12, '2026-04-24 19:04:26', '2026-04-24 19:04:26'),
(11, 7, 13, '2026-04-24 19:04:26', '2026-04-24 19:04:26'),
(12, 3, 14, '2026-04-24 19:04:26', '2026-04-24 19:04:26'),
(13, 4, 16, '2026-04-24 19:04:26', '2026-04-24 19:04:26'),
(14, 5, 18, '2026-04-24 19:04:26', '2026-04-24 19:04:26'),
(15, 6, 19, '2026-04-24 19:04:26', '2026-04-24 19:04:26'),
(16, 8, 20, '2026-04-24 19:04:26', '2026-04-24 19:04:26'),
(17, 2, 21, '2026-04-24 19:04:26', '2026-04-24 19:04:26'),
(18, 1, 22, '2026-04-24 19:04:26', '2026-04-24 19:04:26'),
(19, 7, 23, '2026-04-24 19:04:26', '2026-04-24 19:04:26'),
(20, 3, 24, '2026-04-24 19:04:26', '2026-04-24 19:04:26'),
(21, 4, 26, '2026-04-24 19:04:26', '2026-04-24 19:04:26'),
(22, 5, 28, '2026-04-24 19:04:26', '2026-04-24 19:04:26'),
(23, 6, 29, '2026-04-24 19:04:26', '2026-04-24 19:04:26'),
(24, 8, 30, '2026-04-24 19:04:26', '2026-04-24 19:04:26'),
(25, 2, 31, '2026-04-24 19:04:26', '2026-04-24 19:04:26'),
(26, 1, 32, '2026-04-24 19:04:26', '2026-04-24 19:04:26'),
(27, 7, 33, '2026-04-24 19:04:26', '2026-04-24 19:04:26'),
(28, 3, 34, '2026-04-24 19:04:26', '2026-04-24 19:04:26'),
(29, 4, 36, '2026-04-24 19:04:26', '2026-04-24 19:04:26'),
(30, 5, 38, '2026-04-24 19:04:26', '2026-04-24 19:04:26'),
(31, 6, 39, '2026-04-24 19:04:26', '2026-04-24 19:04:26'),
(32, 8, 40, '2026-04-24 19:04:26', '2026-04-24 19:04:26'),
(33, 2, 41, '2026-04-24 19:04:26', '2026-04-24 19:04:26'),
(34, 1, 42, '2026-04-24 19:04:26', '2026-04-24 19:04:26'),
(35, 7, 43, '2026-04-24 19:04:26', '2026-04-24 19:04:26'),
(36, 3, 44, '2026-04-24 19:04:26', '2026-04-24 19:04:26'),
(37, 4, 46, '2026-04-24 19:04:26', '2026-04-24 19:04:26'),
(38, 5, 48, '2026-04-24 19:04:26', '2026-04-24 19:04:26'),
(39, 6, 49, '2026-04-24 19:04:26', '2026-04-24 19:04:26'),
(40, 8, 50, '2026-04-24 19:04:26', '2026-04-24 19:04:26'),
(41, 2, 51, '2026-04-24 19:04:26', '2026-04-24 19:04:26'),
(42, 1, 52, '2026-04-24 19:04:26', '2026-04-24 19:04:26'),
(43, 7, 53, '2026-04-24 19:04:26', '2026-04-24 19:04:26'),
(44, 3, 54, '2026-04-24 19:04:26', '2026-04-24 19:04:26'),
(45, 4, 56, '2026-04-24 19:04:26', '2026-04-24 19:04:26'),
(46, 5, 58, '2026-04-24 19:04:26', '2026-04-24 19:04:26'),
(47, 6, 59, '2026-04-24 19:04:26', '2026-04-24 19:04:26'),
(48, 8, 60, '2026-04-24 19:04:26', '2026-04-24 19:04:26'),
(49, 2, 61, '2026-04-24 19:04:26', '2026-04-24 19:04:26'),
(50, 1, 62, '2026-04-24 19:04:26', '2026-04-24 19:04:26'),
(51, 7, 63, '2026-04-24 19:04:26', '2026-04-24 19:04:26'),
(52, 3, 64, '2026-04-24 19:04:26', '2026-04-24 19:04:26'),
(53, 4, 66, '2026-04-24 19:04:26', '2026-04-24 19:04:26'),
(54, 5, 68, '2026-04-24 19:04:26', '2026-04-24 19:04:26'),
(55, 6, 69, '2026-04-24 19:04:26', '2026-04-24 19:04:26'),
(56, 8, 70, '2026-04-24 19:04:26', '2026-04-24 19:04:26'),
(57, 2, 71, '2026-04-24 19:04:26', '2026-04-24 19:04:26'),
(58, 1, 72, '2026-04-24 19:04:26', '2026-04-24 19:04:26'),
(59, 7, 73, '2026-04-24 19:04:26', '2026-04-24 19:04:26'),
(60, 3, 74, '2026-04-24 19:04:26', '2026-04-24 19:04:26'),
(61, 4, 76, '2026-04-24 19:04:26', '2026-04-24 19:04:26'),
(62, 5, 78, '2026-04-24 19:04:26', '2026-04-24 19:04:26'),
(63, 6, 79, '2026-04-24 19:04:26', '2026-04-24 19:04:26'),
(64, 8, 80, '2026-04-24 19:04:26', '2026-04-24 19:04:26'),
(65, 2, 81, '2026-04-24 19:04:26', '2026-04-24 19:04:26'),
(66, 1, 82, '2026-04-24 19:04:26', '2026-04-24 19:04:26'),
(67, 7, 83, '2026-04-24 19:04:26', '2026-04-24 19:04:26'),
(68, 3, 84, '2026-04-24 19:04:26', '2026-04-24 19:04:26'),
(69, 4, 86, '2026-04-24 19:04:26', '2026-04-24 19:04:26'),
(70, 5, 88, '2026-04-24 19:04:26', '2026-04-24 19:04:26'),
(71, 6, 89, '2026-04-24 19:04:26', '2026-04-24 19:04:26'),
(72, 8, 90, '2026-04-24 19:04:26', '2026-04-24 19:04:26'),
(73, 2, 91, '2026-04-24 19:04:26', '2026-04-24 19:04:26'),
(74, 1, 92, '2026-04-24 19:04:26', '2026-04-24 19:04:26'),
(75, 7, 93, '2026-04-24 19:04:26', '2026-04-24 19:04:26'),
(76, 3, 94, '2026-04-24 19:04:26', '2026-04-24 19:04:26'),
(77, 4, 96, '2026-04-24 19:04:26', '2026-04-24 19:04:26'),
(78, 5, 98, '2026-04-24 19:04:26', '2026-04-24 19:04:26'),
(79, 6, 99, '2026-04-24 19:04:26', '2026-04-24 19:04:26'),
(80, 8, 100, '2026-04-24 19:04:26', '2026-04-24 19:04:26'),
(81, 2, 101, '2026-04-24 19:04:26', '2026-04-24 19:04:26'),
(82, 1, 102, '2026-04-24 19:04:26', '2026-04-24 19:04:26'),
(83, 7, 103, '2026-04-24 19:04:26', '2026-04-24 19:04:26'),
(84, 3, 104, '2026-04-24 19:04:26', '2026-04-24 19:04:26'),
(85, 4, 106, '2026-04-24 19:04:26', '2026-04-24 19:04:26'),
(86, 5, 108, '2026-04-24 19:04:26', '2026-04-24 19:04:26'),
(87, 6, 109, '2026-04-24 19:04:26', '2026-04-24 19:04:26'),
(88, 8, 110, '2026-04-24 19:04:26', '2026-04-24 19:04:26'),
(89, 2, 111, '2026-04-24 19:04:26', '2026-04-24 19:04:26'),
(90, 1, 112, '2026-04-24 19:04:26', '2026-04-24 19:04:26'),
(91, 7, 113, '2026-04-24 19:04:26', '2026-04-24 19:04:26'),
(92, 3, 114, '2026-04-24 19:04:26', '2026-04-24 19:04:26'),
(93, 4, 116, '2026-04-24 19:04:26', '2026-04-24 19:04:26'),
(94, 5, 118, '2026-04-24 19:04:26', '2026-04-24 19:04:26'),
(95, 6, 119, '2026-04-24 19:04:26', '2026-04-24 19:04:26'),
(96, 8, 120, '2026-04-24 19:04:26', '2026-04-24 19:04:26');

-- --------------------------------------------------------

--
-- Table structure for table `terms`
--

CREATE TABLE `terms` (
  `id` bigint(20) UNSIGNED NOT NULL,
  `session_id` bigint(20) UNSIGNED NOT NULL,
  `name` enum('First Term','Second Term','Third Term') NOT NULL,
  `start_date` date NOT NULL,
  `end_date` date NOT NULL,
  `mid_term_break_start` date DEFAULT NULL,
  `mid_term_break_end` date DEFAULT NULL,
  `next_resumption_date` date DEFAULT NULL,
  `total_school_days` smallint(5) UNSIGNED NOT NULL DEFAULT 0,
  `is_current` tinyint(1) NOT NULL DEFAULT 0,
  `results_published` tinyint(1) NOT NULL DEFAULT 0,
  `created_at` timestamp NULL DEFAULT NULL,
  `updated_at` timestamp NULL DEFAULT NULL
) ENGINE=InnoDB DEFAULT CHARSET=utf8mb4 COLLATE=utf8mb4_unicode_ci;

--
-- Dumping data for table `terms`
--

INSERT INTO `terms` (`id`, `session_id`, `name`, `start_date`, `end_date`, `mid_term_break_start`, `mid_term_break_end`, `next_resumption_date`, `total_school_days`, `is_current`, `results_published`, `created_at`, `updated_at`) VALUES
(1, 1, 'First Term', '2024-09-09', '2024-12-13', '2024-10-28', '2024-11-01', '2025-01-06', 67, 0, 1, '2026-04-24 19:04:23', '2026-04-25 07:12:33'),
(2, 1, 'Second Term', '2025-01-06', '2025-03-28', '2025-02-17', '2025-02-21', '2025-04-07', 59, 0, 0, '2026-04-24 19:04:23', '2026-04-24 19:04:23'),
(3, 1, 'Third Term', '2025-04-07', '2025-07-11', '2025-05-26', '2025-05-30', '2025-09-08', 62, 1, 0, '2026-04-24 19:04:23', '2026-04-25 07:12:33');

-- --------------------------------------------------------

--
-- Table structure for table `term_summaries`
--

CREATE TABLE `term_summaries` (
  `id` bigint(20) UNSIGNED NOT NULL,
  `student_id` bigint(20) UNSIGNED NOT NULL,
  `class_arm_id` bigint(20) UNSIGNED NOT NULL,
  `term_id` bigint(20) UNSIGNED NOT NULL,
  `total_obtainable` decimal(7,2) DEFAULT NULL,
  `total_obtained` decimal(7,2) DEFAULT NULL,
  `percentage` decimal(5,2) DEFAULT NULL,
  `arm_position` smallint(5) UNSIGNED DEFAULT NULL,
  `class_position` smallint(5) UNSIGNED DEFAULT NULL,
  `no_of_subjects` tinyint(3) UNSIGNED NOT NULL DEFAULT 0,
  `no_passed` tinyint(3) UNSIGNED NOT NULL DEFAULT 0,
  `no_failed` tinyint(3) UNSIGNED NOT NULL DEFAULT 0,
  `days_present` smallint(5) UNSIGNED NOT NULL DEFAULT 0,
  `days_absent` smallint(5) UNSIGNED NOT NULL DEFAULT 0,
  `total_school_days` smallint(5) UNSIGNED NOT NULL DEFAULT 0,
  `form_teacher_remark` text DEFAULT NULL,
  `principal_remark` text DEFAULT NULL,
  `is_published` tinyint(1) NOT NULL DEFAULT 0,
  `published_at` timestamp NULL DEFAULT NULL,
  `created_at` timestamp NULL DEFAULT NULL,
  `updated_at` timestamp NULL DEFAULT NULL
) ENGINE=InnoDB DEFAULT CHARSET=utf8mb4 COLLATE=utf8mb4_unicode_ci;

--
-- Dumping data for table `term_summaries`
--

INSERT INTO `term_summaries` (`id`, `student_id`, `class_arm_id`, `term_id`, `total_obtainable`, `total_obtained`, `percentage`, `arm_position`, `class_position`, `no_of_subjects`, `no_passed`, `no_failed`, `days_present`, `days_absent`, `total_school_days`, `form_teacher_remark`, `principal_remark`, `is_published`, `published_at`, `created_at`, `updated_at`) VALUES
(1, 4, 1, 1, 1000.00, 706.70, 70.70, 1, 1, 10, 10, 0, 58, 9, 67, 'A dedicated student with good academic standing. Continue to work hard.', 'Good performance. Continue to strive for excellence.', 1, '2026-04-24 19:05:00', '2026-04-24 19:05:00', '2026-04-24 19:05:00'),
(2, 2, 1, 1, 1000.00, 688.70, 68.90, 2, 2, 10, 10, 0, 63, 4, 67, 'A dedicated student with good academic standing. Continue to work hard.', 'Good performance. Continue to strive for excellence.', 1, '2026-04-24 19:05:00', '2026-04-24 19:05:00', '2026-04-24 19:05:00'),
(3, 3, 1, 1, 1000.00, 687.60, 68.80, 3, 3, 10, 10, 0, 63, 4, 67, 'A dedicated student with good academic standing. Continue to work hard.', 'Good performance. Continue to strive for excellence.', 1, '2026-04-24 19:05:00', '2026-04-24 19:05:00', '2026-04-24 19:05:00'),
(4, 5, 1, 1, 1000.00, 672.30, 67.20, 4, 4, 10, 10, 0, 61, 6, 67, 'A dedicated student with good academic standing. Continue to work hard.', 'Good performance. Continue to strive for excellence.', 1, '2026-04-24 19:05:00', '2026-04-24 19:05:00', '2026-04-24 19:05:00'),
(5, 1, 1, 1, 1000.00, 616.40, 61.60, 5, 5, 10, 10, 0, 58, 9, 67, 'A dedicated student with good academic standing. Continue to work hard.', 'Fair performance. There is room for improvement next term.', 1, '2026-04-24 19:05:00', '2026-04-24 19:05:00', '2026-04-24 19:05:00'),
(6, 9, 2, 1, 1000.00, 704.10, 70.40, 1, 1, 10, 10, 0, 61, 6, 67, 'A dedicated student with good academic standing. Continue to work hard.', 'Good performance. Continue to strive for excellence.', 1, '2026-04-24 19:05:00', '2026-04-24 19:05:00', '2026-04-24 19:05:00'),
(7, 8, 2, 1, 1000.00, 681.20, 68.10, 2, 2, 10, 10, 0, 64, 3, 67, 'A dedicated student with good academic standing. Continue to work hard.', 'Good performance. Continue to strive for excellence.', 1, '2026-04-24 19:05:00', '2026-04-24 19:05:00', '2026-04-24 19:05:00'),
(8, 10, 2, 1, 1000.00, 673.10, 67.30, 3, 3, 10, 10, 0, 57, 10, 67, 'A dedicated student with good academic standing. Continue to work hard.', 'Good performance. Continue to strive for excellence.', 1, '2026-04-24 19:05:00', '2026-04-24 19:05:00', '2026-04-24 19:05:00'),
(9, 6, 2, 1, 1000.00, 661.40, 66.10, 4, 4, 10, 10, 0, 64, 3, 67, 'A dedicated student with good academic standing. Continue to work hard.', 'Good performance. Continue to strive for excellence.', 1, '2026-04-24 19:05:00', '2026-04-24 19:05:00', '2026-04-24 19:05:00'),
(10, 7, 2, 1, 1000.00, 634.20, 63.40, 5, 5, 10, 10, 0, 59, 8, 67, 'A dedicated student with good academic standing. Continue to work hard.', 'Fair performance. There is room for improvement next term.', 1, '2026-04-24 19:05:00', '2026-04-24 19:05:00', '2026-04-24 19:05:00'),
(11, 14, 3, 1, 1000.00, 712.80, 71.30, 1, 1, 10, 10, 0, 56, 11, 67, 'A dedicated student with good academic standing. Continue to work hard.', 'Good performance. Continue to strive for excellence.', 1, '2026-04-24 19:05:00', '2026-04-24 19:05:00', '2026-04-24 19:05:00'),
(12, 15, 3, 1, 1000.00, 686.40, 68.60, 2, 2, 10, 10, 0, 65, 2, 67, 'A dedicated student with good academic standing. Continue to work hard.', 'Good performance. Continue to strive for excellence.', 1, '2026-04-24 19:05:00', '2026-04-24 19:05:00', '2026-04-24 19:05:00'),
(13, 12, 3, 1, 1000.00, 683.50, 68.40, 3, 3, 10, 10, 0, 60, 7, 67, 'A dedicated student with good academic standing. Continue to work hard.', 'Good performance. Continue to strive for excellence.', 1, '2026-04-24 19:05:00', '2026-04-24 19:05:00', '2026-04-24 19:05:00'),
(14, 13, 3, 1, 1000.00, 659.80, 66.00, 4, 4, 10, 10, 0, 65, 2, 67, 'A dedicated student with good academic standing. Continue to work hard.', 'Good performance. Continue to strive for excellence.', 1, '2026-04-24 19:05:00', '2026-04-24 19:05:00', '2026-04-24 19:05:00'),
(15, 11, 3, 1, 1000.00, 637.20, 63.70, 5, 5, 10, 10, 0, 63, 4, 67, 'A dedicated student with good academic standing. Continue to work hard.', 'Fair performance. There is room for improvement next term.', 1, '2026-04-24 19:05:00', '2026-04-24 19:05:00', '2026-04-24 19:05:00'),
(16, 18, 4, 1, 1000.00, 714.50, 71.50, 1, 1, 10, 10, 0, 64, 3, 67, 'A dedicated student with good academic standing. Continue to work hard.', 'Good performance. Continue to strive for excellence.', 1, '2026-04-24 19:05:00', '2026-04-24 19:05:00', '2026-04-24 19:05:00'),
(17, 20, 4, 1, 1000.00, 709.20, 70.90, 2, 2, 10, 10, 0, 66, 1, 67, 'A dedicated student with good academic standing. Continue to work hard.', 'Good performance. Continue to strive for excellence.', 1, '2026-04-24 19:05:00', '2026-04-24 19:05:00', '2026-04-24 19:05:00'),
(18, 17, 4, 1, 1000.00, 667.80, 66.80, 3, 3, 10, 10, 0, 63, 4, 67, 'A dedicated student with good academic standing. Continue to work hard.', 'Good performance. Continue to strive for excellence.', 1, '2026-04-24 19:05:00', '2026-04-24 19:05:00', '2026-04-24 19:05:00'),
(19, 16, 4, 1, 1000.00, 662.00, 66.20, 4, 4, 10, 10, 0, 58, 9, 67, 'A dedicated student with good academic standing. Continue to work hard.', 'Good performance. Continue to strive for excellence.', 1, '2026-04-24 19:05:00', '2026-04-24 19:05:00', '2026-04-24 19:05:00'),
(20, 19, 4, 1, 1000.00, 621.70, 62.20, 5, 5, 10, 10, 0, 58, 9, 67, 'A dedicated student with good academic standing. Continue to work hard.', 'Fair performance. There is room for improvement next term.', 1, '2026-04-24 19:05:00', '2026-04-24 19:05:00', '2026-04-24 19:05:00'),
(21, 22, 5, 1, 1000.00, 735.80, 73.60, 1, 1, 10, 10, 0, 66, 1, 67, 'A dedicated student with good academic standing. Continue to work hard.', 'Good performance. Continue to strive for excellence.', 1, '2026-04-24 19:05:00', '2026-04-24 19:05:00', '2026-04-24 19:05:00'),
(22, 21, 5, 1, 1000.00, 681.40, 68.10, 2, 2, 10, 10, 0, 64, 3, 67, 'A dedicated student with good academic standing. Continue to work hard.', 'Good performance. Continue to strive for excellence.', 1, '2026-04-24 19:05:00', '2026-04-24 19:05:00', '2026-04-24 19:05:00'),
(23, 23, 5, 1, 1000.00, 639.50, 64.00, 3, 3, 10, 10, 0, 65, 2, 67, 'A dedicated student with good academic standing. Continue to work hard.', 'Fair performance. There is room for improvement next term.', 1, '2026-04-24 19:05:00', '2026-04-24 19:05:00', '2026-04-24 19:05:00'),
(24, 25, 5, 1, 1000.00, 631.40, 63.10, 4, 4, 10, 10, 0, 57, 10, 67, 'A dedicated student with good academic standing. Continue to work hard.', 'Fair performance. There is room for improvement next term.', 1, '2026-04-24 19:05:00', '2026-04-24 19:05:00', '2026-04-24 19:05:00'),
(25, 24, 5, 1, 1000.00, 618.60, 61.90, 5, 5, 10, 10, 0, 61, 6, 67, 'A dedicated student with good academic standing. Continue to work hard.', 'Fair performance. There is room for improvement next term.', 1, '2026-04-24 19:05:00', '2026-04-24 19:05:00', '2026-04-24 19:05:00'),
(26, 29, 6, 1, 1000.00, 686.80, 68.70, 1, 1, 10, 10, 0, 55, 12, 67, 'A dedicated student with good academic standing. Continue to work hard.', 'Good performance. Continue to strive for excellence.', 1, '2026-04-24 19:05:00', '2026-04-24 19:05:00', '2026-04-24 19:05:00'),
(27, 30, 6, 1, 1000.00, 684.20, 68.40, 2, 2, 10, 10, 0, 63, 4, 67, 'A dedicated student with good academic standing. Continue to work hard.', 'Good performance. Continue to strive for excellence.', 1, '2026-04-24 19:05:00', '2026-04-24 19:05:00', '2026-04-24 19:05:00'),
(28, 26, 6, 1, 1000.00, 677.30, 67.70, 3, 3, 10, 10, 0, 59, 8, 67, 'A dedicated student with good academic standing. Continue to work hard.', 'Good performance. Continue to strive for excellence.', 1, '2026-04-24 19:05:00', '2026-04-24 19:05:00', '2026-04-24 19:05:00'),
(29, 28, 6, 1, 1000.00, 655.10, 65.50, 4, 4, 10, 10, 0, 61, 6, 67, 'A dedicated student with good academic standing. Continue to work hard.', 'Good performance. Continue to strive for excellence.', 1, '2026-04-24 19:05:00', '2026-04-24 19:05:00', '2026-04-24 19:05:00'),
(30, 27, 6, 1, 1000.00, 605.30, 60.50, 5, 5, 10, 10, 0, 63, 4, 67, 'A dedicated student with good academic standing. Continue to work hard.', 'Fair performance. There is room for improvement next term.', 1, '2026-04-24 19:05:00', '2026-04-24 19:05:00', '2026-04-24 19:05:00'),
(31, 31, 7, 1, 1000.00, 709.00, 70.90, 1, 1, 10, 10, 0, 60, 7, 67, 'A dedicated student with good academic standing. Continue to work hard.', 'Good performance. Continue to strive for excellence.', 1, '2026-04-24 19:05:00', '2026-04-24 19:05:00', '2026-04-24 19:05:00'),
(32, 35, 7, 1, 1000.00, 705.90, 70.60, 2, 2, 10, 10, 0, 63, 4, 67, 'A dedicated student with good academic standing. Continue to work hard.', 'Good performance. Continue to strive for excellence.', 1, '2026-04-24 19:05:00', '2026-04-24 19:05:00', '2026-04-24 19:05:00'),
(33, 34, 7, 1, 1000.00, 697.90, 69.80, 3, 3, 10, 10, 0, 63, 4, 67, 'A dedicated student with good academic standing. Continue to work hard.', 'Good performance. Continue to strive for excellence.', 1, '2026-04-24 19:05:00', '2026-04-24 19:05:00', '2026-04-24 19:05:00'),
(34, 32, 7, 1, 1000.00, 696.50, 69.70, 4, 4, 10, 10, 0, 63, 4, 67, 'A dedicated student with good academic standing. Continue to work hard.', 'Good performance. Continue to strive for excellence.', 1, '2026-04-24 19:05:00', '2026-04-24 19:05:00', '2026-04-24 19:05:00'),
(35, 33, 7, 1, 1000.00, 695.40, 69.50, 5, 5, 10, 10, 0, 57, 10, 67, 'A dedicated student with good academic standing. Continue to work hard.', 'Good performance. Continue to strive for excellence.', 1, '2026-04-24 19:05:00', '2026-04-24 19:05:00', '2026-04-24 19:05:00'),
(36, 38, 8, 1, 1000.00, 688.40, 68.80, 1, 1, 10, 10, 0, 64, 3, 67, 'A dedicated student with good academic standing. Continue to work hard.', 'Good performance. Continue to strive for excellence.', 1, '2026-04-24 19:05:00', '2026-04-24 19:05:00', '2026-04-24 19:05:00'),
(37, 40, 8, 1, 1000.00, 683.40, 68.30, 2, 2, 10, 10, 0, 59, 8, 67, 'A dedicated student with good academic standing. Continue to work hard.', 'Good performance. Continue to strive for excellence.', 1, '2026-04-24 19:05:00', '2026-04-24 19:05:00', '2026-04-24 19:05:00'),
(38, 37, 8, 1, 1000.00, 679.20, 67.90, 3, 3, 10, 10, 0, 59, 8, 67, 'A dedicated student with good academic standing. Continue to work hard.', 'Good performance. Continue to strive for excellence.', 1, '2026-04-24 19:05:00', '2026-04-24 19:05:00', '2026-04-24 19:05:00'),
(39, 36, 8, 1, 1000.00, 670.40, 67.00, 4, 4, 10, 10, 0, 61, 6, 67, 'A dedicated student with good academic standing. Continue to work hard.', 'Good performance. Continue to strive for excellence.', 1, '2026-04-24 19:05:00', '2026-04-24 19:05:00', '2026-04-24 19:05:00'),
(40, 39, 8, 1, 1000.00, 633.30, 63.30, 5, 5, 10, 10, 0, 55, 12, 67, 'A dedicated student with good academic standing. Continue to work hard.', 'Fair performance. There is room for improvement next term.', 1, '2026-04-24 19:05:00', '2026-04-24 19:05:00', '2026-04-24 19:05:00'),
(41, 44, 9, 1, 1000.00, 743.30, 74.30, 1, 1, 10, 10, 0, 58, 9, 67, 'A dedicated student with good academic standing. Continue to work hard.', 'Good performance. Continue to strive for excellence.', 1, '2026-04-24 19:05:00', '2026-04-24 19:05:00', '2026-04-24 19:05:00'),
(42, 45, 9, 1, 1000.00, 669.20, 66.90, 2, 2, 10, 10, 0, 56, 11, 67, 'A dedicated student with good academic standing. Continue to work hard.', 'Good performance. Continue to strive for excellence.', 1, '2026-04-24 19:05:00', '2026-04-24 19:05:00', '2026-04-24 19:05:00'),
(43, 42, 9, 1, 1000.00, 666.00, 66.60, 3, 3, 10, 10, 0, 60, 7, 67, 'A dedicated student with good academic standing. Continue to work hard.', 'Good performance. Continue to strive for excellence.', 1, '2026-04-24 19:05:00', '2026-04-24 19:05:00', '2026-04-24 19:05:00'),
(44, 43, 9, 1, 1000.00, 643.80, 64.40, 4, 4, 10, 10, 0, 64, 3, 67, 'A dedicated student with good academic standing. Continue to work hard.', 'Fair performance. There is room for improvement next term.', 1, '2026-04-24 19:05:00', '2026-04-24 19:05:00', '2026-04-24 19:05:00'),
(45, 41, 9, 1, 1000.00, 570.70, 57.10, 5, 5, 10, 10, 0, 60, 7, 67, 'Shows potential but needs to put in more effort, especially in weaker subjects.', 'Fair performance. There is room for improvement next term.', 1, '2026-04-24 19:05:00', '2026-04-24 19:05:00', '2026-04-24 19:05:00'),
(46, 49, 10, 1, 1000.00, 749.70, 75.00, 1, 1, 10, 10, 0, 63, 4, 67, 'An exceptional student who consistently demonstrates a love for learning. Keep it up!', 'Good performance. Continue to strive for excellence.', 1, '2026-04-24 19:05:00', '2026-04-24 19:05:00', '2026-04-24 19:05:00'),
(47, 46, 10, 1, 1000.00, 716.60, 71.70, 2, 2, 10, 10, 0, 61, 6, 67, 'A dedicated student with good academic standing. Continue to work hard.', 'Good performance. Continue to strive for excellence.', 1, '2026-04-24 19:05:00', '2026-04-24 19:05:00', '2026-04-24 19:05:00'),
(48, 48, 10, 1, 1000.00, 693.80, 69.40, 3, 3, 10, 10, 0, 67, 0, 67, 'A dedicated student with good academic standing. Continue to work hard.', 'Good performance. Continue to strive for excellence.', 1, '2026-04-24 19:05:00', '2026-04-24 19:05:00', '2026-04-24 19:05:00'),
(49, 47, 10, 1, 1000.00, 676.00, 67.60, 4, 4, 10, 10, 0, 55, 12, 67, 'A dedicated student with good academic standing. Continue to work hard.', 'Good performance. Continue to strive for excellence.', 1, '2026-04-24 19:05:00', '2026-04-24 19:05:00', '2026-04-24 19:05:00'),
(50, 50, 10, 1, 1000.00, 647.90, 64.80, 5, 5, 10, 10, 0, 65, 2, 67, 'A dedicated student with good academic standing. Continue to work hard.', 'Fair performance. There is room for improvement next term.', 1, '2026-04-24 19:05:00', '2026-04-24 19:05:00', '2026-04-24 19:05:00'),
(51, 52, 11, 1, 1000.00, 706.20, 70.60, 1, 1, 10, 10, 0, 66, 1, 67, 'A dedicated student with good academic standing. Continue to work hard.', 'Good performance. Continue to strive for excellence.', 1, '2026-04-24 19:05:00', '2026-04-24 19:05:00', '2026-04-24 19:05:00'),
(52, 54, 11, 1, 1000.00, 697.30, 69.70, 2, 2, 10, 10, 0, 61, 6, 67, 'A dedicated student with good academic standing. Continue to work hard.', 'Good performance. Continue to strive for excellence.', 1, '2026-04-24 19:05:00', '2026-04-24 19:05:00', '2026-04-24 19:05:00'),
(53, 53, 11, 1, 1000.00, 681.40, 68.10, 3, 3, 10, 10, 0, 55, 12, 67, 'A dedicated student with good academic standing. Continue to work hard.', 'Good performance. Continue to strive for excellence.', 1, '2026-04-24 19:05:00', '2026-04-24 19:05:00', '2026-04-24 19:05:00'),
(54, 51, 11, 1, 1000.00, 671.80, 67.20, 4, 4, 10, 10, 0, 58, 9, 67, 'A dedicated student with good academic standing. Continue to work hard.', 'Good performance. Continue to strive for excellence.', 1, '2026-04-24 19:05:00', '2026-04-24 19:05:00', '2026-04-24 19:05:00'),
(55, 55, 11, 1, 1000.00, 670.10, 67.00, 5, 5, 10, 10, 0, 65, 2, 67, 'A dedicated student with good academic standing. Continue to work hard.', 'Good performance. Continue to strive for excellence.', 1, '2026-04-24 19:05:00', '2026-04-24 19:05:00', '2026-04-24 19:05:00'),
(56, 58, 12, 1, 1000.00, 721.40, 72.10, 1, 1, 10, 10, 0, 60, 7, 67, 'A dedicated student with good academic standing. Continue to work hard.', 'Good performance. Continue to strive for excellence.', 1, '2026-04-24 19:05:00', '2026-04-24 19:05:00', '2026-04-24 19:05:00'),
(57, 60, 12, 1, 1000.00, 696.90, 69.70, 2, 2, 10, 10, 0, 67, 0, 67, 'A dedicated student with good academic standing. Continue to work hard.', 'Good performance. Continue to strive for excellence.', 1, '2026-04-24 19:05:00', '2026-04-24 19:05:00', '2026-04-24 19:05:00'),
(58, 59, 12, 1, 1000.00, 696.00, 69.60, 3, 3, 10, 10, 0, 59, 8, 67, 'A dedicated student with good academic standing. Continue to work hard.', 'Good performance. Continue to strive for excellence.', 1, '2026-04-24 19:05:00', '2026-04-24 19:05:00', '2026-04-24 19:05:00'),
(59, 56, 12, 1, 1000.00, 680.10, 68.00, 4, 4, 10, 10, 0, 56, 11, 67, 'A dedicated student with good academic standing. Continue to work hard.', 'Good performance. Continue to strive for excellence.', 1, '2026-04-24 19:05:00', '2026-04-24 19:05:00', '2026-04-24 19:05:00'),
(60, 57, 12, 1, 1000.00, 604.70, 60.50, 5, 5, 10, 10, 0, 62, 5, 67, 'A dedicated student with good academic standing. Continue to work hard.', 'Fair performance. There is room for improvement next term.', 1, '2026-04-24 19:05:00', '2026-04-24 19:05:00', '2026-04-24 19:05:00');

-- --------------------------------------------------------

--
-- Table structure for table `timetables`
--

CREATE TABLE `timetables` (
  `id` bigint(20) UNSIGNED NOT NULL,
  `class_arm_id` bigint(20) UNSIGNED NOT NULL,
  `session_id` bigint(20) UNSIGNED NOT NULL,
  `period_id` bigint(20) UNSIGNED NOT NULL,
  `day_of_week` enum('Monday','Tuesday','Wednesday','Thursday','Friday') NOT NULL,
  `subject_id` bigint(20) UNSIGNED DEFAULT NULL,
  `teacher_id` bigint(20) UNSIGNED DEFAULT NULL,
  `room` varchar(50) DEFAULT NULL,
  `created_at` timestamp NULL DEFAULT NULL,
  `updated_at` timestamp NULL DEFAULT NULL
) ENGINE=InnoDB DEFAULT CHARSET=utf8mb4 COLLATE=utf8mb4_unicode_ci;

-- --------------------------------------------------------

--
-- Table structure for table `timetable_periods`
--

CREATE TABLE `timetable_periods` (
  `id` bigint(20) UNSIGNED NOT NULL,
  `period_name` varchar(30) NOT NULL,
  `start_time` time NOT NULL,
  `end_time` time NOT NULL,
  `period_order` tinyint(3) UNSIGNED NOT NULL,
  `period_type` enum('Teaching','Break','Assembly','Games','Closing') NOT NULL DEFAULT 'Teaching',
  `created_at` timestamp NULL DEFAULT NULL,
  `updated_at` timestamp NULL DEFAULT NULL
) ENGINE=InnoDB DEFAULT CHARSET=utf8mb4 COLLATE=utf8mb4_unicode_ci;

--
-- Dumping data for table `timetable_periods`
--

INSERT INTO `timetable_periods` (`id`, `period_name`, `start_time`, `end_time`, `period_order`, `period_type`, `created_at`, `updated_at`) VALUES
(1, 'Assembly', '07:30:00', '07:45:00', 1, 'Assembly', '2026-04-24 19:03:07', '2026-04-24 19:03:07'),
(2, 'Period 1', '07:45:00', '08:30:00', 2, 'Teaching', '2026-04-24 19:03:07', '2026-04-24 19:03:07'),
(3, 'Period 2', '08:30:00', '09:15:00', 3, 'Teaching', '2026-04-24 19:03:07', '2026-04-24 19:03:07'),
(4, 'Period 3', '09:15:00', '10:00:00', 4, 'Teaching', '2026-04-24 19:03:07', '2026-04-24 19:03:07'),
(5, 'Short Break', '10:00:00', '10:15:00', 5, 'Break', '2026-04-24 19:03:07', '2026-04-24 19:03:07'),
(6, 'Period 4', '10:15:00', '11:00:00', 6, 'Teaching', '2026-04-24 19:03:07', '2026-04-24 19:03:07'),
(7, 'Period 5', '11:00:00', '11:45:00', 7, 'Teaching', '2026-04-24 19:03:07', '2026-04-24 19:03:07'),
(8, 'Long Break', '11:45:00', '12:15:00', 8, 'Break', '2026-04-24 19:03:07', '2026-04-24 19:03:07'),
(9, 'Period 6', '12:15:00', '13:00:00', 9, 'Teaching', '2026-04-24 19:03:07', '2026-04-24 19:03:07'),
(10, 'Period 7', '13:00:00', '13:45:00', 10, 'Teaching', '2026-04-24 19:03:07', '2026-04-24 19:03:07'),
(11, 'Period 8', '13:45:00', '14:30:00', 11, 'Teaching', '2026-04-24 19:03:07', '2026-04-24 19:03:07'),
(12, 'Games / Sports', '14:30:00', '15:15:00', 12, 'Games', '2026-04-24 19:03:07', '2026-04-24 19:03:07'),
(13, 'Closing', '15:15:00', '15:30:00', 13, 'Closing', '2026-04-24 19:03:07', '2026-04-24 19:03:07');

-- --------------------------------------------------------

--
-- Table structure for table `users`
--

CREATE TABLE `users` (
  `id` bigint(20) UNSIGNED NOT NULL,
  `first_name` varchar(100) NOT NULL,
  `last_name` varchar(100) NOT NULL,
  `middle_name` varchar(100) DEFAULT NULL,
  `email` varchar(150) DEFAULT NULL,
  `phone` varchar(20) DEFAULT NULL,
  `password` varchar(255) NOT NULL,
  `role` enum('admin','principal','bursar','teacher','parent','student') NOT NULL DEFAULT 'student',
  `photo` varchar(255) DEFAULT NULL,
  `is_active` tinyint(1) NOT NULL DEFAULT 1,
  `last_login_at` timestamp NULL DEFAULT NULL,
  `email_verified_at` timestamp NULL DEFAULT NULL,
  `remember_token` varchar(100) DEFAULT NULL,
  `created_at` timestamp NULL DEFAULT NULL,
  `updated_at` timestamp NULL DEFAULT NULL
) ENGINE=InnoDB DEFAULT CHARSET=utf8mb4 COLLATE=utf8mb4_unicode_ci;

--
-- Dumping data for table `users`
--

INSERT INTO `users` (`id`, `first_name`, `last_name`, `middle_name`, `email`, `phone`, `password`, `role`, `photo`, `is_active`, `last_login_at`, `email_verified_at`, `remember_token`, `created_at`, `updated_at`) VALUES
(1, 'System', 'Admin', NULL, 'admin@demo.school', NULL, '$2y$12$Zpj0KPLpqYq5RFrbejCSje/23O.7IOD8lsDqLGURbuU2MstkqmMha', 'admin', NULL, 1, '2026-06-21 14:26:27', NULL, NULL, '2026-04-24 19:04:24', '2026-06-21 14:26:27'),
(2, 'Adewale', 'Okonkwo', NULL, 'principal@demo.school', NULL, '$2y$12$XUC4j2TwmrD6lCqwLuHgPOin8EDnBQoaipeztw7xUImdc6qR3MIi6', 'principal', NULL, 1, NULL, NULL, NULL, '2026-04-24 19:04:24', '2026-04-24 19:04:24'),
(3, 'Ngozi', 'Eze', NULL, 'bursar@demo.school', NULL, '$2y$12$2fhQ04yv55jvcI3kR.XbPeK6WTyNV3xmHnpScFBqlSGYh1TkBqmEW', 'bursar', NULL, 1, NULL, NULL, NULL, '2026-04-24 19:04:24', '2026-04-24 19:04:24'),
(4, 'Chukwuemeka', 'Nwosu', NULL, 'teacher1@demo.school', NULL, '$2y$12$q6meEEUnV3J9RHZb4sfpy.Ae42Jo1tfFayRwPe3ER9BOXtCe5tNvm', 'teacher', NULL, 1, '2026-06-18 09:08:05', NULL, NULL, '2026-04-24 19:04:24', '2026-06-18 09:08:05'),
(5, 'Fatima', 'Suleiman', NULL, 'teacher2@demo.school', NULL, '$2y$12$.oQL16Yre4mfxtIbYIqk1Ow3q9YgmA1S1h3nV9/AG/h.kiTb7tNwC', 'teacher', NULL, 1, NULL, NULL, NULL, '2026-04-24 19:04:25', '2026-04-24 19:04:25'),
(6, 'Babatunde', 'Adeyemi', NULL, 'teacher3@demo.school', NULL, '$2y$12$fSRBEWc.HZ158BocTETwAeRkoyzSd/fMwwVQLoIMdETcn9rCYrsiy', 'teacher', NULL, 1, NULL, NULL, NULL, '2026-04-24 19:04:25', '2026-04-24 19:04:25'),
(7, 'Amaka', 'Obi', NULL, 'teacher4@demo.school', NULL, '$2y$12$aqo59VmWmlVuGrbi2pbj7.zLuzFXNDjztb0ua0No9/Q.rW.55MtRe', 'teacher', NULL, 1, NULL, NULL, NULL, '2026-04-24 19:04:25', '2026-04-24 19:04:25'),
(8, 'Idris', 'Musa', NULL, 'teacher5@demo.school', NULL, '$2y$12$AYh6QP0wgiLi5q8Vy1svUe.OjRr0vtJrE7f5J1xmUWUCjudIF9tCm', 'teacher', NULL, 1, NULL, NULL, NULL, '2026-04-24 19:04:25', '2026-04-24 19:04:25'),
(9, 'Chidinma', 'Agu', NULL, 'teacher6@demo.school', NULL, '$2y$12$A9rHDWAxKpCLaj/Kt74kkuyfh6.FCwpE.Ypv2AL2dK4.X/YE3mpwa', 'teacher', NULL, 1, NULL, NULL, NULL, '2026-04-24 19:04:26', '2026-04-24 19:04:26'),
(10, 'Seun', 'Adebayo', NULL, 'teacher7@demo.school', NULL, '$2y$12$5VpZZA6PbdSwktEj3Z7mWOVyJjXAnMfAq0SgA8v4nFeqz/L4cD0Ey', 'teacher', NULL, 1, NULL, NULL, NULL, '2026-04-24 19:04:26', '2026-04-24 19:04:26'),
(11, 'Yusuf', 'Ibrahim', NULL, 'teacher8@demo.school', NULL, '$2y$12$637IYOsQQk3f/CAj6pw6r..KljS.GyXiMtsQqkSS6kSo6lItLfNa2', 'teacher', NULL, 1, NULL, NULL, NULL, '2026-04-24 19:04:26', '2026-04-24 19:04:26'),
(12, 'Precious', 'Adewale', NULL, 'adm/2024/001@demo.school', '08016185121', '$2y$12$b0fBvNpKAdikvLAXjkYCIuQeNrYkHiEev9smN9PDBDuhqJ.M03tfi', 'student', NULL, 1, NULL, NULL, NULL, '2026-04-24 19:04:27', '2026-04-24 19:04:27'),
(13, 'Idris', 'Suleiman', NULL, 'adm/2024/002@demo.school', '08017604168', '$2y$12$SZydrQeuknm4WqQ2p47xjeb7kEwqaT.GFwQX2YQJJNdHEXAdCtmSK', 'student', NULL, 1, NULL, NULL, NULL, '2026-04-24 19:04:27', '2026-04-24 19:04:27'),
(14, 'Babatunde', 'Chukwu', NULL, 'adm/2024/003@demo.school', '08012663233', '$2y$12$BUZmU.ZIQnQNDhYVLcx1Re.yhfatIm6QxH07hFQN3iSj1eKF9EVka', 'student', NULL, 1, NULL, NULL, NULL, '2026-04-24 19:04:27', '2026-04-24 19:04:27'),
(15, 'Funmilayo', 'Afolabi', NULL, 'adm/2024/004@demo.school', '08011001059', '$2y$12$ipuIUFQJrpqv7/yNz1LJcOxi0loVLD0h5kZnzNgkZEmUvEacj70rC', 'student', NULL, 1, NULL, NULL, NULL, '2026-04-24 19:04:27', '2026-04-24 19:04:27'),
(16, 'Olumide', 'Okeke', NULL, 'adm/2024/005@demo.school', '08019633005', '$2y$12$xJYkH4IgkDswt2KcYIqVeu/wlOqjqC.v4IK0DVA/EkifWIr2u.kta', 'student', NULL, 1, NULL, NULL, NULL, '2026-04-24 19:04:28', '2026-04-24 19:04:28'),
(17, 'Ngozi', 'Okonkwo', NULL, 'adm/2024/006@demo.school', '08019563905', '$2y$12$PMi4LRhTobSsyrbzIGQ/7OvTB9Vr51EyJHHKdc8Opaf3vPCjAc2hm', 'student', NULL, 1, NULL, NULL, NULL, '2026-04-24 19:04:28', '2026-04-24 19:04:28'),
(18, 'Oluwatobi', 'Eze', NULL, 'adm/2024/007@demo.school', '08014811912', '$2y$12$yStJERWsCBpUsCG6.ZQxC.BgE7RlqD4dv7j47okcs6irG006jswba', 'student', NULL, 1, NULL, NULL, NULL, '2026-04-24 19:04:28', '2026-04-24 19:04:28'),
(19, 'Chidinma', 'Nwosu', NULL, 'adm/2024/008@demo.school', '08011482793', '$2y$12$9QRgdQMeujDzVkjTTPHckeX.TkpHN0wleyQNsBiB4oswJUS4SWn2e', 'student', NULL, 1, NULL, NULL, NULL, '2026-04-24 19:04:28', '2026-04-24 19:04:28'),
(20, 'Babatunde', 'Afolabi', NULL, 'adm/2024/009@demo.school', '08016142985', '$2y$12$yICesJKrGOINWJxtqX5Bo.L224TFOl0gGfRhPgiSOTdWfqOJggw/y', 'student', NULL, 1, NULL, NULL, NULL, '2026-04-24 19:04:29', '2026-04-24 19:04:29'),
(21, 'Aisha', 'Adewale', NULL, 'adm/2024/010@demo.school', '08011314039', '$2y$12$FIWKvaCn45iSQzQi9sluOOdi/kFDtndGcPKd79UM7Sk2KmPwb/74W', 'student', NULL, 1, NULL, NULL, NULL, '2026-04-24 19:04:29', '2026-04-24 19:04:29'),
(22, 'Precious', 'Obi', NULL, 'adm/2024/011@demo.school', '08018938776', '$2y$12$sl6/q6ydIcDrXRfFpPDlOOwU7TlrGLWYEIb8B0x2f0rVjfhYJ9A02', 'student', NULL, 1, NULL, NULL, NULL, '2026-04-24 19:04:29', '2026-04-24 19:04:29'),
(23, 'Musa', 'Eze', NULL, 'adm/2024/012@demo.school', '08013617045', '$2y$12$vzaQumeJ59R3748JjdSsiuw1MuYQZ9llK1Q/TiIucpf1b/pqh85w2', 'student', NULL, 1, NULL, NULL, NULL, '2026-04-24 19:04:29', '2026-04-24 19:04:29'),
(24, 'Emeka', 'Musa', NULL, 'adm/2024/013@demo.school', '08017843251', '$2y$12$bdojLiIJVJnPkvL62VnqOuCwrnLKMAQ10iYy60b4gBMhLtjgpXuuy', 'student', NULL, 1, NULL, NULL, NULL, '2026-04-24 19:04:30', '2026-04-24 19:04:30'),
(25, 'Yusuf', 'Obi', NULL, 'adm/2024/014@demo.school', '08014605747', '$2y$12$j5DaouAFxEPJEv37GstcRu.aFMphNbQiW1iOGEk9dz8FXzXrHvtGa', 'student', NULL, 1, NULL, NULL, NULL, '2026-04-24 19:04:30', '2026-04-24 19:04:30'),
(26, 'Musa', 'Adewale', NULL, 'adm/2024/015@demo.school', '08012389522', '$2y$12$ywjXhWlVClXyQF4hDbl9xugJU1YyOLh2/nbjnYUmBE5fy1rPV0hx.', 'student', NULL, 1, NULL, NULL, NULL, '2026-04-24 19:04:30', '2026-04-24 19:04:30'),
(27, 'Ngozi', 'Obi', NULL, 'adm/2024/016@demo.school', '08019761713', '$2y$12$f4F40PGt/FQt0pT5nbBV0ea040HYLzjhIdQJAJy1hWhGvGZOMPmGe', 'student', NULL, 1, NULL, NULL, NULL, '2026-04-24 19:04:30', '2026-04-24 19:04:30'),
(28, 'Musa', 'Adewale', NULL, 'adm/2024/017@demo.school', '08019094356', '$2y$12$du.mLalv1aRIr8mNfoYg3O3tR5Zwxl.QLLss4Iy6XatMWgjCw71/K', 'student', NULL, 1, NULL, NULL, NULL, '2026-04-24 19:04:31', '2026-04-24 19:04:31'),
(29, 'Chidi', 'Eze', NULL, 'adm/2024/018@demo.school', '08012236594', '$2y$12$zxNVo4uCNXdm1jBsfFRX6eHeFnkfjayVO2ModJaYvxjbZ/XGYL48y', 'student', NULL, 1, NULL, NULL, NULL, '2026-04-24 19:04:31', '2026-04-24 19:04:31'),
(30, 'Aisha', 'Chukwu', NULL, 'adm/2024/019@demo.school', '08013630945', '$2y$12$k1wv.cdaEp4VAbRzRXDrH.PqKnqrbjeJ0lOIAljcWbQnUq2tVqPhu', 'student', NULL, 1, NULL, NULL, NULL, '2026-04-24 19:04:31', '2026-04-24 19:04:31'),
(31, 'Funmilayo', 'Nwosu', NULL, 'adm/2024/020@demo.school', '08011897365', '$2y$12$hv2NNZobb3H4wheCCiYYUeL4HVPfi2hAmsOlRktP1T0mtzIQKPqXq', 'student', NULL, 1, NULL, NULL, NULL, '2026-04-24 19:04:31', '2026-04-24 19:04:31'),
(32, 'Amaka', 'Agu', NULL, 'adm/2024/021@demo.school', '08011173296', '$2y$12$ezXe4OoB2Xy/87W5NsH1J.m0FtHaGgJqe//EoY2nrt13qtf5NTb6O', 'student', NULL, 1, NULL, NULL, NULL, '2026-04-24 19:04:32', '2026-04-24 19:04:32'),
(33, 'Adaeze', 'Lawal', NULL, 'adm/2024/022@demo.school', '08011746670', '$2y$12$qoAKSXLPQY9f/PZtG4F5Q.1zteVs4G7aVLZrB85IneTg6YSWeKYii', 'student', NULL, 1, NULL, NULL, NULL, '2026-04-24 19:04:32', '2026-04-24 19:04:32'),
(34, 'Ifeoma', 'Lawal', NULL, 'adm/2024/023@demo.school', '08012082459', '$2y$12$L/8XtVHlDuDWv5MCzgVK3eWGsXgitNum2KasocajU6BhUxqZNy2vy', 'student', NULL, 1, NULL, NULL, NULL, '2026-04-24 19:04:32', '2026-04-24 19:04:32'),
(35, 'Hadiza', 'Afolabi', NULL, 'adm/2024/024@demo.school', '08016481129', '$2y$12$XOXksvp6rTsR3.jZiWlHFOXNLQWX1j.8NVKHatihaAECj1MF2AxLC', 'student', NULL, 1, NULL, NULL, NULL, '2026-04-24 19:04:32', '2026-04-24 19:04:32'),
(36, 'Chidi', 'Okonkwo', NULL, 'adm/2024/025@demo.school', '08017066312', '$2y$12$pmZ2FKkj6O7AldIKF2mQP.S.0I4tTaX2wYazTfy8YER49mPxtXM7.', 'student', NULL, 1, NULL, NULL, NULL, '2026-04-24 19:04:33', '2026-04-24 19:04:33'),
(37, 'Chukwuemeka', 'Olawale', NULL, 'adm/2024/026@demo.school', '08012025771', '$2y$12$4JH1moQgbYNg/U922SLKK.5KRU7xx6VJTfLaOyzuOciZrTPMPl2lm', 'student', NULL, 1, NULL, NULL, NULL, '2026-04-24 19:04:33', '2026-04-24 19:04:33'),
(38, 'Yusuf', 'Musa', NULL, 'adm/2024/027@demo.school', '08018099466', '$2y$12$iWc8DFpaIVhEbUYGt7UyFuH5W0Y470VYUffht42piVONFeueIBja.', 'student', NULL, 1, NULL, NULL, NULL, '2026-04-24 19:04:33', '2026-04-24 19:04:33'),
(39, 'Olumide', 'Obi', NULL, 'adm/2024/028@demo.school', '08012416197', '$2y$12$kJ9RjbA6qBlvAgQNqkbfVuhG8R.MeIwpyKfqH43xLqPUYMTltc6ay', 'student', NULL, 1, NULL, NULL, NULL, '2026-04-24 19:04:33', '2026-04-24 19:04:33'),
(40, 'Chidi', 'Okeke', NULL, 'adm/2024/029@demo.school', '08018765361', '$2y$12$JUkvYeRp2AEeJoflyd4Kb.SXmJjmJWyA.UdOP4MVgi0jwNZo61F9K', 'student', NULL, 1, NULL, NULL, NULL, '2026-04-24 19:04:34', '2026-04-24 19:04:34'),
(41, 'Musa', 'Adewale', NULL, 'adm/2024/030@demo.school', '08017997263', '$2y$12$w/Ogzki9tv73doun2PRLmOQ7ZdzWCloY1Rpv6QImMvfAZkJpndk02', 'student', NULL, 1, NULL, NULL, NULL, '2026-04-24 19:04:34', '2026-04-24 19:04:34'),
(42, 'Adaeze', 'Okonkwo', NULL, 'adm/2024/031@demo.school', '08018114915', '$2y$12$7X3F/DsQckt8qM8B5xGD9.pTSNnNv1.IVc.QqMu0rLLk5wK2L/h.6', 'student', NULL, 1, NULL, NULL, NULL, '2026-04-24 19:04:34', '2026-04-24 19:04:34'),
(43, 'Amaka', 'Okonkwo', NULL, 'adm/2024/032@demo.school', '08018588853', '$2y$12$0Mm7vrfbm6oFTE/9AHYI4ukVoDeQ7QYRk7zl6Z0TeIcRWUSgiQjMe', 'student', NULL, 1, NULL, NULL, NULL, '2026-04-24 19:04:34', '2026-04-24 19:04:34'),
(44, 'Tochukwu', 'Nwosu', NULL, 'adm/2024/033@demo.school', '08014837844', '$2y$12$O4aaHk1Enq8kXib6dvqXhO8bInX5IVy.t48f7t1/zNn07vxh6Yl0q', 'student', NULL, 1, NULL, NULL, NULL, '2026-04-24 19:04:35', '2026-04-24 19:04:35'),
(45, 'Aisha', 'Lawal', NULL, 'adm/2024/034@demo.school', '08012671722', '$2y$12$7koQkbrJ9zHdTH.dW/1qe.z.sGFoVIdviSi68zHoTMayAMXex9jS6', 'student', NULL, 1, NULL, NULL, NULL, '2026-04-24 19:04:35', '2026-04-24 19:04:35'),
(46, 'Chidinma', 'Afolabi', NULL, 'adm/2024/035@demo.school', '08015298868', '$2y$12$OPpSpDr2WHkqA9sjUruw9.lEHmpt3VLOI7pAJmqCgs9HM4tCf2Q42', 'student', NULL, 1, NULL, NULL, NULL, '2026-04-24 19:04:35', '2026-04-24 19:04:35'),
(47, 'Chidinma', 'Ibrahim', NULL, 'adm/2024/036@demo.school', '08013019802', '$2y$12$eqaLArbl8N/MUw8zYzCLU.xvNSjMcEvu4lYIak7315nuSMUvLvBvu', 'student', NULL, 1, NULL, NULL, NULL, '2026-04-24 19:04:35', '2026-04-24 19:04:35'),
(48, 'Olumide', 'Garba', NULL, 'adm/2024/037@demo.school', '08018436350', '$2y$12$/moHxi9JUroTcS8s7Dqz3OK.bRUJMHApB2Jhc7TqJ3ttLF1R/Ho6S', 'student', NULL, 1, NULL, NULL, NULL, '2026-04-24 19:04:36', '2026-04-24 19:04:36'),
(49, 'Amaka', 'Nwosu', NULL, 'adm/2024/038@demo.school', '08016458288', '$2y$12$8RKdL7e3tTtzlRRuh05r3e3qylbN4Hfv7Z9P4yZcvWXRxD8.ifzgK', 'student', NULL, 1, NULL, NULL, NULL, '2026-04-24 19:04:36', '2026-04-24 19:04:36'),
(50, 'Chidinma', 'Olawale', NULL, 'adm/2024/039@demo.school', '08016786306', '$2y$12$wKLG9V44tOzkOD0ySYf1OO5ufN2.xytE7vumfdhAtNKmy4e/R8HQq', 'student', NULL, 1, NULL, NULL, NULL, '2026-04-24 19:04:37', '2026-04-24 19:04:37'),
(51, 'Seun', 'Chukwu', NULL, 'adm/2024/040@demo.school', '08014649393', '$2y$12$FPTj.JBbmkU61hy65b2iKOrkdmgAOqATbxQsl8W8O/02hhSxG.Q4a', 'student', NULL, 1, NULL, NULL, NULL, '2026-04-24 19:04:37', '2026-04-24 19:04:37'),
(52, 'Oluwaseun', 'Bello', NULL, 'adm/2024/041@demo.school', '08013035808', '$2y$12$IaGsKZpyqzMyxVNJoYGqNugjPS2vYOdMdpy0Y3tG9yx9dFlm4FjuG', 'student', NULL, 1, NULL, NULL, NULL, '2026-04-24 19:04:37', '2026-04-24 19:04:37'),
(53, 'Funmilayo', 'Adewale', NULL, 'adm/2024/042@demo.school', '08012328503', '$2y$12$a6JapwaZ7nOUxrViV8JnI.UVlJ.jBCqX28MO6g/ZpBYpZitoJgmaa', 'student', NULL, 1, NULL, NULL, NULL, '2026-04-24 19:04:37', '2026-04-24 19:04:37'),
(54, 'Abdullahi', 'Adewale', NULL, 'adm/2024/043@demo.school', '08017795378', '$2y$12$yrqR1hXe/0uH8iFl/xnc3u3VekjaBSEhbHTdf8lgr37NYpnovrnj.', 'student', NULL, 1, NULL, NULL, NULL, '2026-04-24 19:04:38', '2026-04-24 19:04:38'),
(55, 'Amaka', 'Adewale', NULL, 'adm/2024/044@demo.school', '08018575551', '$2y$12$D4fdJPb1jLRPsi/LEPo53.btBxX7lIgMjjbx0ky9.cIs8xfxHZCWC', 'student', NULL, 1, NULL, NULL, NULL, '2026-04-24 19:04:38', '2026-04-24 19:04:38'),
(56, 'Idris', 'Suleiman', NULL, 'adm/2024/045@demo.school', '08018452237', '$2y$12$pGAbu89Xhnahmi3CVBfk1u6t2VUqEt0/.CiNpKAuowWfuhkcaqu0S', 'student', NULL, 1, NULL, NULL, NULL, '2026-04-24 19:04:38', '2026-04-24 19:04:38'),
(57, 'Babatunde', 'Adeyemi', NULL, 'adm/2024/046@demo.school', '08017939031', '$2y$12$3d0FP/77iuAEW54vfRtjHuzQhvoEorYmtDWUkL3nFH0EZxPP8lLUK', 'student', NULL, 1, NULL, NULL, NULL, '2026-04-24 19:04:39', '2026-04-24 19:04:39'),
(58, 'Funmilayo', 'Adeyemi', NULL, 'adm/2024/047@demo.school', '08013733578', '$2y$12$Q4Mo2kxGC9l/32VHjiD.Zet/61OZJWiv2RpXPdnOKo3PKVQR3HNW6', 'student', NULL, 1, NULL, NULL, NULL, '2026-04-24 19:04:39', '2026-04-24 19:04:39'),
(59, 'Idris', 'Olawale', NULL, 'adm/2024/048@demo.school', '08012153395', '$2y$12$KPJu7ilVW7k/jKDDnPNmAOVWIgKVsjRWqXHIRNvELk10.hFvWUiEy', 'student', NULL, 1, NULL, NULL, NULL, '2026-04-24 19:04:39', '2026-04-24 19:04:39'),
(60, 'Seun', 'Musa', NULL, 'adm/2024/049@demo.school', '08012371842', '$2y$12$AYfRr58s9oR1h/eT3lFoPewuQEZHQ1lClNtsmTLczd1F3QpW2gNRu', 'student', NULL, 1, NULL, NULL, NULL, '2026-04-24 19:04:39', '2026-04-24 19:04:39'),
(61, 'Chukwuemeka', 'Garba', NULL, 'adm/2024/050@demo.school', '08011960655', '$2y$12$fwRjD4578.EcdWzmZqEDVOtnwQ6TUf.W6Vr.aVDW/6bgCTyoKgokW', 'student', NULL, 1, NULL, NULL, NULL, '2026-04-24 19:04:40', '2026-04-24 19:04:40'),
(62, 'Tochukwu', 'Obi', NULL, 'adm/2024/051@demo.school', '08017479778', '$2y$12$.tE4F4xn8s1DjYyJRplvMOUir3CTSlvYXKzkWzonW04GqgbCLS6re', 'student', NULL, 1, NULL, NULL, NULL, '2026-04-24 19:04:40', '2026-04-24 19:04:40'),
(63, 'Oluwatobi', 'Olawale', NULL, 'adm/2024/052@demo.school', '08019366815', '$2y$12$lyLn2mGxepGFWOHTuZWqEulg5tqqpxnozB1tYYY/vk7eVPmIjySNO', 'student', NULL, 1, NULL, NULL, NULL, '2026-04-24 19:04:40', '2026-04-24 19:04:40'),
(64, 'Oluwatobi', 'Olawale', NULL, 'adm/2024/053@demo.school', '08013677170', '$2y$12$JcRPealUFRLbAi6plWHP.uPEdm7LowRB/4Jc5xNyjbZiNMjwmJtge', 'student', NULL, 1, NULL, NULL, NULL, '2026-04-24 19:04:40', '2026-04-24 19:04:40'),
(65, 'Idris', 'Adewale', NULL, 'adm/2024/054@demo.school', '08011602651', '$2y$12$KjRgp.UYTioxvJMniu3y8uvI8KZyNv6afx918xw.3fLTIc5wJzRwK', 'student', NULL, 1, NULL, NULL, NULL, '2026-04-24 19:04:41', '2026-04-24 19:04:41'),
(66, 'Chidinma', 'Yusuf', NULL, 'adm/2024/055@demo.school', '08012831043', '$2y$12$PmWDXmoQqMZREvKqTezU0.QYxariB4qhilv3SnuDMK7ueMBV7Cw36', 'student', NULL, 1, NULL, NULL, NULL, '2026-04-24 19:04:41', '2026-04-24 19:04:41'),
(67, 'Aisha', 'Eze', NULL, 'adm/2024/056@demo.school', '08013151883', '$2y$12$voDw/koBhrpLUpPRM3JLWugyL0EvEyXg8c81j4Bi.gbt.mwxk1OzO', 'student', NULL, 1, NULL, NULL, NULL, '2026-04-24 19:04:41', '2026-04-24 19:04:41'),
(68, 'Ifeoma', 'Suleiman', NULL, 'adm/2024/057@demo.school', '08019825996', '$2y$12$.8qtMhpnENuOyWcTS0JjXOLuDNgS7kerm08yysxFgbTgJXUrU9.uq', 'student', NULL, 1, NULL, NULL, NULL, '2026-04-24 19:04:41', '2026-04-24 19:04:41'),
(69, 'Abdullahi', 'Afolabi', NULL, 'adm/2024/058@demo.school', '08015142508', '$2y$12$MlepNN/AwdjvuPYktgiVVuli9XHqHHlUVDL1znARaWBO0FdGhsgHm', 'student', NULL, 1, NULL, NULL, NULL, '2026-04-24 19:04:42', '2026-04-24 19:04:42'),
(70, 'Chidinma', 'Okonkwo', NULL, 'adm/2024/059@demo.school', '08015138243', '$2y$12$s75ZeCk/SAMe9RtAybi0aetr0bCX4JztWCWd3oiMjdAgx2iQfSiEy', 'student', NULL, 1, NULL, NULL, NULL, '2026-04-24 19:04:42', '2026-04-24 19:04:42'),
(71, 'Hadiza', 'Agu', NULL, 'adm/2024/060@demo.school', '08016975935', '$2y$12$h4qb0/cza0lhfv.kHCxbtugM6lbAvV4kRi8Kibh1684Xx4H05Up3m', 'student', NULL, 1, NULL, NULL, NULL, '2026-04-24 19:04:42', '2026-04-24 19:04:42'),
(72, 'Parent', 'Number1', NULL, 'parent1@demo.school', '08022315874', '$2y$12$bskkrnyKNLqAmsgqmIiAzuPjWjJsMVKh7JbhXrV6EFDatE4wkLB1i', 'parent', NULL, 1, '2026-06-22 10:19:31', NULL, NULL, '2026-04-24 19:04:43', '2026-06-22 10:19:31'),
(73, 'Parent', 'Number2', NULL, 'parent2@demo.school', '08023936351', '$2y$12$RwtSZo3dq1CBgNg00bahWesxlZr0teh5PFzuu6BveDEdoBfnd58VC', 'parent', NULL, 1, NULL, NULL, NULL, '2026-04-24 19:04:43', '2026-04-24 19:04:43'),
(74, 'Parent', 'Number3', NULL, 'parent3@demo.school', '08024308420', '$2y$12$dmjWNgWaaRaW4ZrErJUdteYsROeB1dcIH1871CyPy5m64DsZldWci', 'parent', NULL, 1, NULL, NULL, NULL, '2026-04-24 19:04:43', '2026-04-24 19:04:43'),
(75, 'Parent', 'Number4', NULL, 'parent4@demo.school', '08026146813', '$2y$12$n825dSqDugiNF3GZkaNu3eQ8oabFh.stEchPVCba2yrQzuYRE1.Mi', 'parent', NULL, 1, NULL, NULL, NULL, '2026-04-24 19:04:43', '2026-04-24 19:04:43'),
(76, 'Parent', 'Number5', NULL, 'parent5@demo.school', '08027925958', '$2y$12$ZYXgbdsWKHFt36gaudNzSOkeNx6Lst4t90gt1TjzeV1cfDad/16VS', 'parent', NULL, 1, NULL, NULL, NULL, '2026-04-24 19:04:44', '2026-04-24 19:04:44'),
(77, 'Parent', 'Number6', NULL, 'parent6@demo.school', '08025361970', '$2y$12$2LKqn4U79L0VV9QTMtqpv.kIso3NWuun814asXOtHWy1A6QUQBrGy', 'parent', NULL, 1, NULL, NULL, NULL, '2026-04-24 19:04:44', '2026-04-24 19:04:44'),
(78, 'Parent', 'Number7', NULL, 'parent7@demo.school', '08027591288', '$2y$12$xKXJeikZ9M3xEHlYJKUd9uU0c6NvlctulJxM3UpmCen1FVOFoJ3r.', 'parent', NULL, 1, NULL, NULL, NULL, '2026-04-24 19:04:44', '2026-04-24 19:04:44'),
(79, 'Parent', 'Number8', NULL, 'parent8@demo.school', '08028295744', '$2y$12$nDWKNlkhF22f.GoNY70gxe8jqiXX9LO0YgHvRmOGJttk0.NHkcqCW', 'parent', NULL, 1, NULL, NULL, NULL, '2026-04-24 19:04:44', '2026-04-24 19:04:44'),
(80, 'Parent', 'Number9', NULL, 'parent9@demo.school', '08023643844', '$2y$12$mThlF7ylBcGyimibUrtR0.AJ9MZbz7jFDu3XVqSYWi8dDxbtW76oe', 'parent', NULL, 1, NULL, NULL, NULL, '2026-04-24 19:04:45', '2026-04-24 19:04:45'),
(81, 'Parent', 'Number10', NULL, 'parent10@demo.school', '08029294798', '$2y$12$GoaBEAcuvY3scV6NzEDooeZax88hKmGUq.YGVGh8KwRdNgSHnz/K.', 'parent', NULL, 1, NULL, NULL, NULL, '2026-04-24 19:04:45', '2026-04-24 19:04:45'),
(82, 'Parent', 'Number11', NULL, 'parent11@demo.school', '08029654766', '$2y$12$LprrxrBFjT0NAIcbRX6ozugH/2z1ERy2IP1C0C8YvVl3AHgo3764W', 'parent', NULL, 1, NULL, NULL, NULL, '2026-04-24 19:04:45', '2026-04-24 19:04:45'),
(83, 'Parent', 'Number12', NULL, 'parent12@demo.school', '08025004270', '$2y$12$7nRDDJ88KvI0R0GefENJsOuagUah/2h5WBx4lzvhdJTcONi66F2rS', 'parent', NULL, 1, NULL, NULL, NULL, '2026-04-24 19:04:46', '2026-04-24 19:04:46'),
(84, 'Parent', 'Number13', NULL, 'parent13@demo.school', '08023513281', '$2y$12$cl04ggfR4XdyUQkUNB9Cxewgu.UGTu9L1SBEcQqHukZE3qUV0L2vi', 'parent', NULL, 1, NULL, NULL, NULL, '2026-04-24 19:04:46', '2026-04-24 19:04:46'),
(85, 'Parent', 'Number14', NULL, 'parent14@demo.school', '08028042773', '$2y$12$sbFra94mj1Sz0P2.CLlR4ui/mmMD0tEzEmFtJ8nRIo9XBNk.T/gDi', 'parent', NULL, 1, NULL, NULL, NULL, '2026-04-24 19:04:46', '2026-04-24 19:04:46'),
(86, 'Parent', 'Number15', NULL, 'parent15@demo.school', '08026336743', '$2y$12$HcxgA1C82ReMpj/xKy9gTuGDXulOqHY8lAJtXALysF9zDpgcYji9K', 'parent', NULL, 1, NULL, NULL, NULL, '2026-04-24 19:04:46', '2026-04-24 19:04:46'),
(87, 'Parent', 'Number16', NULL, 'parent16@demo.school', '08022275945', '$2y$12$cO.zFopeOJlHIUAf6.uEAOCop8AYNTKgEdJOAGbeHQa90Cw4UnQtu', 'parent', NULL, 1, NULL, NULL, NULL, '2026-04-24 19:04:47', '2026-04-24 19:04:47'),
(88, 'Parent', 'Number17', NULL, 'parent17@demo.school', '08023670694', '$2y$12$/VsRSQP3brXR0mSHD9zzT.RNROoFb.Efct/f/3y/0kPkyLXFsnrb.', 'parent', NULL, 1, NULL, NULL, NULL, '2026-04-24 19:04:47', '2026-04-24 19:04:47'),
(89, 'Parent', 'Number18', NULL, 'parent18@demo.school', '08021692714', '$2y$12$1byYaK9TdRJt.iNpgi6Ea.UcCKWdXXCpsatO7WO.FP2XoKv.G/NMi', 'parent', NULL, 1, NULL, NULL, NULL, '2026-04-24 19:04:47', '2026-04-24 19:04:47'),
(90, 'Parent', 'Number19', NULL, 'parent19@demo.school', '08025097448', '$2y$12$r.0AK75st/XCjkcvCuPeQerju/6xejjKyk/TFyyGSMm39XjqjChdG', 'parent', NULL, 1, NULL, NULL, NULL, '2026-04-24 19:04:47', '2026-04-24 19:04:47'),
(91, 'Parent', 'Number20', NULL, 'parent20@demo.school', '08029005364', '$2y$12$cbJKDuDa0WaUsd9z.Cyj9uXLWxvLJd1mMdY4fEJ6Wgb3RBpdAoVhK', 'parent', NULL, 1, NULL, NULL, NULL, '2026-04-24 19:04:48', '2026-04-24 19:04:48'),
(92, 'Parent', 'Number21', NULL, 'parent21@demo.school', '08027795161', '$2y$12$hdC3383bBetsHLrSmwaE0uc0/fint.Smq3ZzZy4rqVBzQW78xbQSO', 'parent', NULL, 1, NULL, NULL, NULL, '2026-04-24 19:04:48', '2026-04-24 19:04:48'),
(93, 'Parent', 'Number22', NULL, 'parent22@demo.school', '08028338628', '$2y$12$d1rMZrUhI3uNYXlRhJEmp.zn0I8qngXy/JP1dCFfv1d5x3wjAnply', 'parent', NULL, 1, NULL, NULL, NULL, '2026-04-24 19:04:48', '2026-04-24 19:04:48'),
(94, 'Parent', 'Number23', NULL, 'parent23@demo.school', '08029830463', '$2y$12$YLVosLuyf6tp4XoPIjRsK.ywY2PqphkaDB2/EtTZLoyLpIczgtSqC', 'parent', NULL, 1, NULL, NULL, NULL, '2026-04-24 19:04:48', '2026-04-24 19:04:48'),
(95, 'Parent', 'Number24', NULL, 'parent24@demo.school', '08024448190', '$2y$12$vmACFod6rfPk/Zrb4jDAruynBvgJazypLZ4A9peKpcDSDZOiML3lS', 'parent', NULL, 1, NULL, NULL, NULL, '2026-04-24 19:04:49', '2026-04-24 19:04:49'),
(96, 'Parent', 'Number25', NULL, 'parent25@demo.school', '08022546663', '$2y$12$V3hWu/gm2qPVV.zVWiCZgO.6gr6CsJrPchEZTmuXOAXQlQ37LPUJW', 'parent', NULL, 1, NULL, NULL, NULL, '2026-04-24 19:04:49', '2026-04-24 19:04:49'),
(97, 'Parent', 'Number26', NULL, 'parent26@demo.school', '08026846757', '$2y$12$uA00SpdvXFheGBKIzbZL3Oikr7kLmtrDqNv39ub4.h2x/0PWdChwG', 'parent', NULL, 1, NULL, NULL, NULL, '2026-04-24 19:04:49', '2026-04-24 19:04:49'),
(98, 'Parent', 'Number27', NULL, 'parent27@demo.school', '08021763363', '$2y$12$z/87YPBc/eiLtA7VRdtwSO4NAN4rR3DKNak3XPycE5YuTJ7rnkSZy', 'parent', NULL, 1, NULL, NULL, NULL, '2026-04-24 19:04:50', '2026-04-24 19:04:50'),
(99, 'Parent', 'Number28', NULL, 'parent28@demo.school', '08021557643', '$2y$12$5s8rtyzMBY3M.kbzNzTz.Oze22b3yXK95b0LpGDmjGiGJ0t0NDQEG', 'parent', NULL, 1, NULL, NULL, NULL, '2026-04-24 19:04:50', '2026-04-24 19:04:50'),
(100, 'Parent', 'Number29', NULL, 'parent29@demo.school', '08026482973', '$2y$12$Q9VQxFyz2SdCXRb3N8eaFe3MAxOABCgbvlQjzVY0DwBJFISGzuSKS', 'parent', NULL, 1, NULL, NULL, NULL, '2026-04-24 19:04:50', '2026-04-24 19:04:50'),
(101, 'Parent', 'Number30', NULL, 'parent30@demo.school', '08025530998', '$2y$12$RSSwK0i7cIempIYRrKD.Be70Q8TyhuhSrQ8rPeuRIQVLHvedHE7ja', 'parent', NULL, 1, NULL, NULL, NULL, '2026-04-24 19:04:50', '2026-04-24 19:04:50'),
(102, 'Abiodun', 'Abiodun', NULL, 'abiodunagbanigo3@gmail.com', '09035691556', '$2y$12$c8.AjxhoRA0Dgmxo02sqze8oaf6tD5uWyYXQqI5OuttSTz0CGkKxG', 'parent', NULL, 1, NULL, NULL, NULL, '2026-04-25 07:33:01', '2026-04-25 07:43:16');

--
-- Indexes for dumped tables
--

--
-- Indexes for table `academic_sessions`
--
ALTER TABLE `academic_sessions`
  ADD PRIMARY KEY (`id`),
  ADD UNIQUE KEY `academic_sessions_name_unique` (`name`);

--
-- Indexes for table `activity_logs`
--
ALTER TABLE `activity_logs`
  ADD PRIMARY KEY (`id`),
  ADD KEY `activity_logs_user_id_foreign` (`user_id`),
  ADD KEY `activity_logs_model_type_model_id_index` (`model_type`,`model_id`),
  ADD KEY `activity_logs_action_index` (`action`);

--
-- Indexes for table `announcements`
--
ALTER TABLE `announcements`
  ADD PRIMARY KEY (`id`),
  ADD KEY `announcements_created_by_foreign` (`created_by`),
  ADD KEY `announcements_class_arm_id_foreign` (`class_arm_id`),
  ADD KEY `announcements_target_student_id_foreign` (`target_student_id`);

--
-- Indexes for table `announcement_reads`
--
ALTER TABLE `announcement_reads`
  ADD PRIMARY KEY (`id`),
  ADD UNIQUE KEY `announcement_reads_announcement_id_user_id_unique` (`announcement_id`,`user_id`),
  ADD KEY `announcement_reads_user_id_foreign` (`user_id`);

--
-- Indexes for table `arm_subjects`
--
ALTER TABLE `arm_subjects`
  ADD PRIMARY KEY (`id`),
  ADD UNIQUE KEY `arm_subjects_class_arm_id_subject_id_session_id_unique` (`class_arm_id`,`subject_id`,`session_id`),
  ADD KEY `arm_subjects_subject_id_foreign` (`subject_id`),
  ADD KEY `arm_subjects_session_id_foreign` (`session_id`);

--
-- Indexes for table `attendance_records`
--
ALTER TABLE `attendance_records`
  ADD PRIMARY KEY (`id`),
  ADD UNIQUE KEY `attendance_records_student_id_attendance_date_unique` (`student_id`,`attendance_date`),
  ADD KEY `attendance_records_marked_by_foreign` (`marked_by`),
  ADD KEY `attendance_records_class_arm_id_attendance_date_index` (`class_arm_id`,`attendance_date`),
  ADD KEY `attendance_records_term_id_student_id_index` (`term_id`,`student_id`);

--
-- Indexes for table `cache`
--
ALTER TABLE `cache`
  ADD PRIMARY KEY (`key`),
  ADD KEY `cache_expiration_index` (`expiration`);

--
-- Indexes for table `cache_locks`
--
ALTER TABLE `cache_locks`
  ADD PRIMARY KEY (`key`),
  ADD KEY `cache_locks_expiration_index` (`expiration`);

--
-- Indexes for table `ca_configurations`
--
ALTER TABLE `ca_configurations`
  ADD PRIMARY KEY (`id`);

--
-- Indexes for table `ca_scores`
--
ALTER TABLE `ca_scores`
  ADD PRIMARY KEY (`id`),
  ADD UNIQUE KEY `ca_scores_student_id_subject_id_term_id_ca_config_id_unique` (`student_id`,`subject_id`,`term_id`,`ca_config_id`),
  ADD KEY `ca_scores_subject_id_foreign` (`subject_id`),
  ADD KEY `ca_scores_class_arm_id_foreign` (`class_arm_id`),
  ADD KEY `ca_scores_term_id_foreign` (`term_id`),
  ADD KEY `ca_scores_ca_config_id_foreign` (`ca_config_id`),
  ADD KEY `ca_scores_recorded_by_foreign` (`recorded_by`);

--
-- Indexes for table `cbt_answers`
--
ALTER TABLE `cbt_answers`
  ADD PRIMARY KEY (`id`),
  ADD UNIQUE KEY `cbt_answers_attempt_id_question_id_unique` (`attempt_id`,`question_id`),
  ADD KEY `cbt_answers_question_id_foreign` (`question_id`);

--
-- Indexes for table `cbt_attempts`
--
ALTER TABLE `cbt_attempts`
  ADD PRIMARY KEY (`id`),
  ADD UNIQUE KEY `cbt_attempts_cbt_exam_id_student_id_attempt_number_unique` (`cbt_exam_id`,`student_id`,`attempt_number`),
  ADD KEY `cbt_attempts_student_id_foreign` (`student_id`);

--
-- Indexes for table `cbt_exams`
--
ALTER TABLE `cbt_exams`
  ADD PRIMARY KEY (`id`),
  ADD KEY `cbt_exams_term_id_foreign` (`term_id`),
  ADD KEY `cbt_exams_subject_id_foreign` (`subject_id`),
  ADD KEY `cbt_exams_class_arm_id_foreign` (`class_arm_id`),
  ADD KEY `cbt_exams_created_by_foreign` (`created_by`);

--
-- Indexes for table `cbt_exam_questions`
--
ALTER TABLE `cbt_exam_questions`
  ADD PRIMARY KEY (`id`),
  ADD UNIQUE KEY `cbt_exam_questions_cbt_exam_id_question_id_unique` (`cbt_exam_id`,`question_id`),
  ADD KEY `cbt_exam_questions_question_id_foreign` (`question_id`);

--
-- Indexes for table `class_arms`
--
ALTER TABLE `class_arms`
  ADD PRIMARY KEY (`id`),
  ADD UNIQUE KEY `class_arms_class_level_id_arm_unique` (`class_level_id`,`arm`);

--
-- Indexes for table `class_arm_teachers`
--
ALTER TABLE `class_arm_teachers`
  ADD PRIMARY KEY (`id`),
  ADD UNIQUE KEY `class_arm_teachers_class_arm_id_session_id_role_unique` (`class_arm_id`,`session_id`,`role`),
  ADD KEY `class_arm_teachers_teacher_id_foreign` (`teacher_id`),
  ADD KEY `class_arm_teachers_session_id_foreign` (`session_id`);

--
-- Indexes for table `class_levels`
--
ALTER TABLE `class_levels`
  ADD PRIMARY KEY (`id`),
  ADD UNIQUE KEY `class_levels_name_unique` (`name`);

--
-- Indexes for table `exam_scores`
--
ALTER TABLE `exam_scores`
  ADD PRIMARY KEY (`id`),
  ADD UNIQUE KEY `exam_scores_student_id_subject_id_term_id_unique` (`student_id`,`subject_id`,`term_id`),
  ADD KEY `exam_scores_subject_id_foreign` (`subject_id`),
  ADD KEY `exam_scores_class_arm_id_foreign` (`class_arm_id`),
  ADD KEY `exam_scores_term_id_foreign` (`term_id`),
  ADD KEY `exam_scores_recorded_by_foreign` (`recorded_by`);

--
-- Indexes for table `failed_jobs`
--
ALTER TABLE `failed_jobs`
  ADD PRIMARY KEY (`id`),
  ADD UNIQUE KEY `failed_jobs_uuid_unique` (`uuid`);

--
-- Indexes for table `fee_categories`
--
ALTER TABLE `fee_categories`
  ADD PRIMARY KEY (`id`),
  ADD UNIQUE KEY `fee_categories_name_unique` (`name`);

--
-- Indexes for table `fee_structures`
--
ALTER TABLE `fee_structures`
  ADD PRIMARY KEY (`id`),
  ADD UNIQUE KEY `fee_structures_fee_category_id_class_level_id_term_id_unique` (`fee_category_id`,`class_level_id`,`term_id`),
  ADD KEY `fee_structures_class_level_id_foreign` (`class_level_id`),
  ADD KEY `fee_structures_session_id_foreign` (`session_id`),
  ADD KEY `fee_structures_term_id_foreign` (`term_id`);

--
-- Indexes for table `grading_scales`
--
ALTER TABLE `grading_scales`
  ADD PRIMARY KEY (`id`),
  ADD UNIQUE KEY `grading_scales_grade_unique` (`grade`);

--
-- Indexes for table `jobs`
--
ALTER TABLE `jobs`
  ADD PRIMARY KEY (`id`),
  ADD KEY `jobs_queue_index` (`queue`);

--
-- Indexes for table `job_batches`
--
ALTER TABLE `job_batches`
  ADD PRIMARY KEY (`id`);

--
-- Indexes for table `messages`
--
ALTER TABLE `messages`
  ADD PRIMARY KEY (`id`),
  ADD KEY `messages_sender_id_foreign` (`sender_id`),
  ADD KEY `messages_recipient_id_foreign` (`recipient_id`),
  ADD KEY `messages_parent_message_id_foreign` (`parent_message_id`);

--
-- Indexes for table `migrations`
--
ALTER TABLE `migrations`
  ADD PRIMARY KEY (`id`);

--
-- Indexes for table `notifications`
--
ALTER TABLE `notifications`
  ADD PRIMARY KEY (`id`),
  ADD KEY `notifications_notifiable_type_notifiable_id_index` (`notifiable_type`,`notifiable_id`);

--
-- Indexes for table `parent_students`
--
ALTER TABLE `parent_students`
  ADD PRIMARY KEY (`id`),
  ADD UNIQUE KEY `parent_students_parent_user_id_student_id_unique` (`parent_user_id`,`student_id`),
  ADD KEY `parent_students_student_id_foreign` (`student_id`);

--
-- Indexes for table `password_reset_tokens`
--
ALTER TABLE `password_reset_tokens`
  ADD PRIMARY KEY (`email`);

--
-- Indexes for table `payments`
--
ALTER TABLE `payments`
  ADD PRIMARY KEY (`id`),
  ADD UNIQUE KEY `payments_payment_reference_unique` (`payment_reference`),
  ADD UNIQUE KEY `payments_paystack_reference_unique` (`paystack_reference`),
  ADD KEY `payments_term_id_foreign` (`term_id`),
  ADD KEY `payments_paid_by_user_id_foreign` (`paid_by_user_id`),
  ADD KEY `payments_verified_by_user_id_foreign` (`verified_by_user_id`),
  ADD KEY `payments_student_id_status_index` (`student_id`,`status`);

--
-- Indexes for table `payment_allocations`
--
ALTER TABLE `payment_allocations`
  ADD PRIMARY KEY (`id`),
  ADD KEY `payment_allocations_payment_id_foreign` (`payment_id`),
  ADD KEY `payment_allocations_ledger_id_foreign` (`ledger_id`);

--
-- Indexes for table `paystack_webhook_logs`
--
ALTER TABLE `paystack_webhook_logs`
  ADD PRIMARY KEY (`id`),
  ADD KEY `paystack_webhook_logs_reference_index` (`reference`);

--
-- Indexes for table `promotion_criterias`
--
ALTER TABLE `promotion_criterias`
  ADD PRIMARY KEY (`id`),
  ADD UNIQUE KEY `promotion_criterias_class_level_id_unique` (`class_level_id`);

--
-- Indexes for table `promotion_records`
--
ALTER TABLE `promotion_records`
  ADD PRIMARY KEY (`id`),
  ADD UNIQUE KEY `promotion_records_student_id_session_id_unique` (`student_id`,`session_id`),
  ADD KEY `promotion_records_session_id_foreign` (`session_id`),
  ADD KEY `promotion_records_from_class_arm_id_foreign` (`from_class_arm_id`),
  ADD KEY `promotion_records_to_class_arm_id_foreign` (`to_class_arm_id`),
  ADD KEY `promotion_records_decided_by_foreign` (`decided_by`);

--
-- Indexes for table `psychomotor_ratings`
--
ALTER TABLE `psychomotor_ratings`
  ADD PRIMARY KEY (`id`),
  ADD UNIQUE KEY `psychomotor_ratings_student_id_term_id_domain_trait_name_unique` (`student_id`,`term_id`,`domain`,`trait_name`),
  ADD KEY `psychomotor_ratings_term_id_foreign` (`term_id`),
  ADD KEY `psychomotor_ratings_rated_by_foreign` (`rated_by`);

--
-- Indexes for table `questions`
--
ALTER TABLE `questions`
  ADD PRIMARY KEY (`id`),
  ADD KEY `questions_subject_id_foreign` (`subject_id`),
  ADD KEY `questions_class_level_id_foreign` (`class_level_id`),
  ADD KEY `questions_created_by_foreign` (`created_by`);

--
-- Indexes for table `results`
--
ALTER TABLE `results`
  ADD PRIMARY KEY (`id`),
  ADD UNIQUE KEY `results_student_id_subject_id_term_id_unique` (`student_id`,`subject_id`,`term_id`),
  ADD KEY `results_subject_id_foreign` (`subject_id`),
  ADD KEY `results_term_id_foreign` (`term_id`),
  ADD KEY `results_class_arm_id_term_id_index` (`class_arm_id`,`term_id`);

--
-- Indexes for table `school_calendars`
--
ALTER TABLE `school_calendars`
  ADD PRIMARY KEY (`id`),
  ADD KEY `school_calendars_term_id_foreign` (`term_id`);

--
-- Indexes for table `school_profile`
--
ALTER TABLE `school_profile`
  ADD PRIMARY KEY (`id`);

--
-- Indexes for table `sessions`
--
ALTER TABLE `sessions`
  ADD PRIMARY KEY (`id`),
  ADD KEY `sessions_user_id_index` (`user_id`),
  ADD KEY `sessions_last_activity_index` (`last_activity`);

--
-- Indexes for table `settings`
--
ALTER TABLE `settings`
  ADD PRIMARY KEY (`id`),
  ADD UNIQUE KEY `settings_key_unique` (`key`);

--
-- Indexes for table `sms_logs`
--
ALTER TABLE `sms_logs`
  ADD PRIMARY KEY (`id`),
  ADD KEY `sms_logs_sent_by_foreign` (`sent_by`),
  ADD KEY `sms_logs_recipient_user_id_foreign` (`recipient_user_id`),
  ADD KEY `sms_logs_status_index` (`status`),
  ADD KEY `sms_logs_purpose_index` (`purpose`);

--
-- Indexes for table `students`
--
ALTER TABLE `students`
  ADD PRIMARY KEY (`id`),
  ADD UNIQUE KEY `students_admission_number_unique` (`admission_number`),
  ADD KEY `students_user_id_foreign` (`user_id`);

--
-- Indexes for table `student_enrollments`
--
ALTER TABLE `student_enrollments`
  ADD PRIMARY KEY (`id`),
  ADD UNIQUE KEY `student_enrollments_student_id_term_id_unique` (`student_id`,`term_id`),
  ADD KEY `student_enrollments_class_arm_id_foreign` (`class_arm_id`),
  ADD KEY `student_enrollments_session_id_foreign` (`session_id`),
  ADD KEY `student_enrollments_term_id_foreign` (`term_id`);

--
-- Indexes for table `student_fee_ledger`
--
ALTER TABLE `student_fee_ledger`
  ADD PRIMARY KEY (`id`),
  ADD UNIQUE KEY `student_fee_ledger_student_id_fee_structure_id_term_id_unique` (`student_id`,`fee_structure_id`,`term_id`),
  ADD KEY `student_fee_ledger_fee_structure_id_foreign` (`fee_structure_id`),
  ADD KEY `student_fee_ledger_term_id_foreign` (`term_id`);

--
-- Indexes for table `subjects`
--
ALTER TABLE `subjects`
  ADD PRIMARY KEY (`id`),
  ADD UNIQUE KEY `subjects_name_unique` (`name`);

--
-- Indexes for table `teachers`
--
ALTER TABLE `teachers`
  ADD PRIMARY KEY (`id`),
  ADD UNIQUE KEY `teachers_staff_id_unique` (`staff_id`),
  ADD KEY `teachers_user_id_foreign` (`user_id`);

--
-- Indexes for table `teacher_arm_subjects`
--
ALTER TABLE `teacher_arm_subjects`
  ADD PRIMARY KEY (`id`),
  ADD UNIQUE KEY `teacher_arm_subjects_teacher_id_arm_subject_id_unique` (`teacher_id`,`arm_subject_id`),
  ADD KEY `teacher_arm_subjects_arm_subject_id_foreign` (`arm_subject_id`);

--
-- Indexes for table `terms`
--
ALTER TABLE `terms`
  ADD PRIMARY KEY (`id`),
  ADD UNIQUE KEY `terms_session_id_name_unique` (`session_id`,`name`);

--
-- Indexes for table `term_summaries`
--
ALTER TABLE `term_summaries`
  ADD PRIMARY KEY (`id`),
  ADD UNIQUE KEY `term_summaries_student_id_term_id_unique` (`student_id`,`term_id`),
  ADD KEY `term_summaries_class_arm_id_foreign` (`class_arm_id`),
  ADD KEY `term_summaries_term_id_foreign` (`term_id`);

--
-- Indexes for table `timetables`
--
ALTER TABLE `timetables`
  ADD PRIMARY KEY (`id`),
  ADD UNIQUE KEY `timetables_class_arm_id_session_id_period_id_day_of_week_unique` (`class_arm_id`,`session_id`,`period_id`,`day_of_week`),
  ADD KEY `timetables_session_id_foreign` (`session_id`),
  ADD KEY `timetables_period_id_foreign` (`period_id`),
  ADD KEY `timetables_subject_id_foreign` (`subject_id`),
  ADD KEY `timetables_teacher_id_session_id_period_id_day_of_week_index` (`teacher_id`,`session_id`,`period_id`,`day_of_week`);

--
-- Indexes for table `timetable_periods`
--
ALTER TABLE `timetable_periods`
  ADD PRIMARY KEY (`id`),
  ADD UNIQUE KEY `timetable_periods_period_name_unique` (`period_name`);

--
-- Indexes for table `users`
--
ALTER TABLE `users`
  ADD PRIMARY KEY (`id`),
  ADD UNIQUE KEY `users_email_unique` (`email`),
  ADD UNIQUE KEY `users_phone_unique` (`phone`);

--
-- AUTO_INCREMENT for dumped tables
--

--
-- AUTO_INCREMENT for table `academic_sessions`
--
ALTER TABLE `academic_sessions`
  MODIFY `id` bigint(20) UNSIGNED NOT NULL AUTO_INCREMENT, AUTO_INCREMENT=3;

--
-- AUTO_INCREMENT for table `activity_logs`
--
ALTER TABLE `activity_logs`
  MODIFY `id` bigint(20) UNSIGNED NOT NULL AUTO_INCREMENT;

--
-- AUTO_INCREMENT for table `announcements`
--
ALTER TABLE `announcements`
  MODIFY `id` bigint(20) UNSIGNED NOT NULL AUTO_INCREMENT;

--
-- AUTO_INCREMENT for table `announcement_reads`
--
ALTER TABLE `announcement_reads`
  MODIFY `id` bigint(20) UNSIGNED NOT NULL AUTO_INCREMENT;

--
-- AUTO_INCREMENT for table `arm_subjects`
--
ALTER TABLE `arm_subjects`
  MODIFY `id` bigint(20) UNSIGNED NOT NULL AUTO_INCREMENT, AUTO_INCREMENT=121;

--
-- AUTO_INCREMENT for table `attendance_records`
--
ALTER TABLE `attendance_records`
  MODIFY `id` bigint(20) UNSIGNED NOT NULL AUTO_INCREMENT, AUTO_INCREMENT=1801;

--
-- AUTO_INCREMENT for table `ca_configurations`
--
ALTER TABLE `ca_configurations`
  MODIFY `id` bigint(20) UNSIGNED NOT NULL AUTO_INCREMENT, AUTO_INCREMENT=5;

--
-- AUTO_INCREMENT for table `ca_scores`
--
ALTER TABLE `ca_scores`
  MODIFY `id` bigint(20) UNSIGNED NOT NULL AUTO_INCREMENT, AUTO_INCREMENT=2401;

--
-- AUTO_INCREMENT for table `cbt_answers`
--
ALTER TABLE `cbt_answers`
  MODIFY `id` bigint(20) UNSIGNED NOT NULL AUTO_INCREMENT;

--
-- AUTO_INCREMENT for table `cbt_attempts`
--
ALTER TABLE `cbt_attempts`
  MODIFY `id` bigint(20) UNSIGNED NOT NULL AUTO_INCREMENT;

--
-- AUTO_INCREMENT for table `cbt_exams`
--
ALTER TABLE `cbt_exams`
  MODIFY `id` bigint(20) UNSIGNED NOT NULL AUTO_INCREMENT;

--
-- AUTO_INCREMENT for table `cbt_exam_questions`
--
ALTER TABLE `cbt_exam_questions`
  MODIFY `id` bigint(20) UNSIGNED NOT NULL AUTO_INCREMENT;

--
-- AUTO_INCREMENT for table `class_arms`
--
ALTER TABLE `class_arms`
  MODIFY `id` bigint(20) UNSIGNED NOT NULL AUTO_INCREMENT, AUTO_INCREMENT=13;

--
-- AUTO_INCREMENT for table `class_arm_teachers`
--
ALTER TABLE `class_arm_teachers`
  MODIFY `id` bigint(20) UNSIGNED NOT NULL AUTO_INCREMENT, AUTO_INCREMENT=9;

--
-- AUTO_INCREMENT for table `class_levels`
--
ALTER TABLE `class_levels`
  MODIFY `id` bigint(20) UNSIGNED NOT NULL AUTO_INCREMENT, AUTO_INCREMENT=7;

--
-- AUTO_INCREMENT for table `exam_scores`
--
ALTER TABLE `exam_scores`
  MODIFY `id` bigint(20) UNSIGNED NOT NULL AUTO_INCREMENT, AUTO_INCREMENT=601;

--
-- AUTO_INCREMENT for table `failed_jobs`
--
ALTER TABLE `failed_jobs`
  MODIFY `id` bigint(20) UNSIGNED NOT NULL AUTO_INCREMENT;

--
-- AUTO_INCREMENT for table `fee_categories`
--
ALTER TABLE `fee_categories`
  MODIFY `id` bigint(20) UNSIGNED NOT NULL AUTO_INCREMENT, AUTO_INCREMENT=13;

--
-- AUTO_INCREMENT for table `fee_structures`
--
ALTER TABLE `fee_structures`
  MODIFY `id` bigint(20) UNSIGNED NOT NULL AUTO_INCREMENT, AUTO_INCREMENT=55;

--
-- AUTO_INCREMENT for table `grading_scales`
--
ALTER TABLE `grading_scales`
  MODIFY `id` bigint(20) UNSIGNED NOT NULL AUTO_INCREMENT, AUTO_INCREMENT=10;

--
-- AUTO_INCREMENT for table `jobs`
--
ALTER TABLE `jobs`
  MODIFY `id` bigint(20) UNSIGNED NOT NULL AUTO_INCREMENT;

--
-- AUTO_INCREMENT for table `messages`
--
ALTER TABLE `messages`
  MODIFY `id` bigint(20) UNSIGNED NOT NULL AUTO_INCREMENT;

--
-- AUTO_INCREMENT for table `migrations`
--
ALTER TABLE `migrations`
  MODIFY `id` int(10) UNSIGNED NOT NULL AUTO_INCREMENT, AUTO_INCREMENT=50;

--
-- AUTO_INCREMENT for table `parent_students`
--
ALTER TABLE `parent_students`
  MODIFY `id` bigint(20) UNSIGNED NOT NULL AUTO_INCREMENT, AUTO_INCREMENT=64;

--
-- AUTO_INCREMENT for table `payments`
--
ALTER TABLE `payments`
  MODIFY `id` bigint(20) UNSIGNED NOT NULL AUTO_INCREMENT, AUTO_INCREMENT=2;

--
-- AUTO_INCREMENT for table `payment_allocations`
--
ALTER TABLE `payment_allocations`
  MODIFY `id` bigint(20) UNSIGNED NOT NULL AUTO_INCREMENT;

--
-- AUTO_INCREMENT for table `paystack_webhook_logs`
--
ALTER TABLE `paystack_webhook_logs`
  MODIFY `id` bigint(20) UNSIGNED NOT NULL AUTO_INCREMENT;

--
-- AUTO_INCREMENT for table `promotion_criterias`
--
ALTER TABLE `promotion_criterias`
  MODIFY `id` bigint(20) UNSIGNED NOT NULL AUTO_INCREMENT, AUTO_INCREMENT=7;

--
-- AUTO_INCREMENT for table `promotion_records`
--
ALTER TABLE `promotion_records`
  MODIFY `id` bigint(20) UNSIGNED NOT NULL AUTO_INCREMENT;

--
-- AUTO_INCREMENT for table `psychomotor_ratings`
--
ALTER TABLE `psychomotor_ratings`
  MODIFY `id` bigint(20) UNSIGNED NOT NULL AUTO_INCREMENT;

--
-- AUTO_INCREMENT for table `questions`
--
ALTER TABLE `questions`
  MODIFY `id` bigint(20) UNSIGNED NOT NULL AUTO_INCREMENT, AUTO_INCREMENT=4;

--
-- AUTO_INCREMENT for table `results`
--
ALTER TABLE `results`
  MODIFY `id` bigint(20) UNSIGNED NOT NULL AUTO_INCREMENT, AUTO_INCREMENT=601;

--
-- AUTO_INCREMENT for table `school_calendars`
--
ALTER TABLE `school_calendars`
  MODIFY `id` bigint(20) UNSIGNED NOT NULL AUTO_INCREMENT;

--
-- AUTO_INCREMENT for table `school_profile`
--
ALTER TABLE `school_profile`
  MODIFY `id` bigint(20) UNSIGNED NOT NULL AUTO_INCREMENT, AUTO_INCREMENT=2;

--
-- AUTO_INCREMENT for table `settings`
--
ALTER TABLE `settings`
  MODIFY `id` bigint(20) UNSIGNED NOT NULL AUTO_INCREMENT, AUTO_INCREMENT=36;

--
-- AUTO_INCREMENT for table `sms_logs`
--
ALTER TABLE `sms_logs`
  MODIFY `id` bigint(20) UNSIGNED NOT NULL AUTO_INCREMENT;

--
-- AUTO_INCREMENT for table `students`
--
ALTER TABLE `students`
  MODIFY `id` bigint(20) UNSIGNED NOT NULL AUTO_INCREMENT, AUTO_INCREMENT=61;

--
-- AUTO_INCREMENT for table `student_enrollments`
--
ALTER TABLE `student_enrollments`
  MODIFY `id` bigint(20) UNSIGNED NOT NULL AUTO_INCREMENT, AUTO_INCREMENT=61;

--
-- AUTO_INCREMENT for table `student_fee_ledger`
--
ALTER TABLE `student_fee_ledger`
  MODIFY `id` bigint(20) UNSIGNED NOT NULL AUTO_INCREMENT, AUTO_INCREMENT=541;

--
-- AUTO_INCREMENT for table `subjects`
--
ALTER TABLE `subjects`
  MODIFY `id` bigint(20) UNSIGNED NOT NULL AUTO_INCREMENT, AUTO_INCREMENT=34;

--
-- AUTO_INCREMENT for table `teachers`
--
ALTER TABLE `teachers`
  MODIFY `id` bigint(20) UNSIGNED NOT NULL AUTO_INCREMENT, AUTO_INCREMENT=9;

--
-- AUTO_INCREMENT for table `teacher_arm_subjects`
--
ALTER TABLE `teacher_arm_subjects`
  MODIFY `id` bigint(20) UNSIGNED NOT NULL AUTO_INCREMENT, AUTO_INCREMENT=97;

--
-- AUTO_INCREMENT for table `terms`
--
ALTER TABLE `terms`
  MODIFY `id` bigint(20) UNSIGNED NOT NULL AUTO_INCREMENT, AUTO_INCREMENT=4;

--
-- AUTO_INCREMENT for table `term_summaries`
--
ALTER TABLE `term_summaries`
  MODIFY `id` bigint(20) UNSIGNED NOT NULL AUTO_INCREMENT, AUTO_INCREMENT=61;

--
-- AUTO_INCREMENT for table `timetables`
--
ALTER TABLE `timetables`
  MODIFY `id` bigint(20) UNSIGNED NOT NULL AUTO_INCREMENT;

--
-- AUTO_INCREMENT for table `timetable_periods`
--
ALTER TABLE `timetable_periods`
  MODIFY `id` bigint(20) UNSIGNED NOT NULL AUTO_INCREMENT, AUTO_INCREMENT=14;

--
-- AUTO_INCREMENT for table `users`
--
ALTER TABLE `users`
  MODIFY `id` bigint(20) UNSIGNED NOT NULL AUTO_INCREMENT, AUTO_INCREMENT=103;

--
-- Constraints for dumped tables
--

--
-- Constraints for table `activity_logs`
--
ALTER TABLE `activity_logs`
  ADD CONSTRAINT `activity_logs_user_id_foreign` FOREIGN KEY (`user_id`) REFERENCES `users` (`id`) ON DELETE SET NULL;

--
-- Constraints for table `announcements`
--
ALTER TABLE `announcements`
  ADD CONSTRAINT `announcements_class_arm_id_foreign` FOREIGN KEY (`class_arm_id`) REFERENCES `class_arms` (`id`) ON DELETE SET NULL,
  ADD CONSTRAINT `announcements_created_by_foreign` FOREIGN KEY (`created_by`) REFERENCES `users` (`id`) ON DELETE CASCADE,
  ADD CONSTRAINT `announcements_target_student_id_foreign` FOREIGN KEY (`target_student_id`) REFERENCES `students` (`id`) ON DELETE SET NULL;

--
-- Constraints for table `announcement_reads`
--
ALTER TABLE `announcement_reads`
  ADD CONSTRAINT `announcement_reads_announcement_id_foreign` FOREIGN KEY (`announcement_id`) REFERENCES `announcements` (`id`) ON DELETE CASCADE,
  ADD CONSTRAINT `announcement_reads_user_id_foreign` FOREIGN KEY (`user_id`) REFERENCES `users` (`id`) ON DELETE CASCADE;

--
-- Constraints for table `arm_subjects`
--
ALTER TABLE `arm_subjects`
  ADD CONSTRAINT `arm_subjects_class_arm_id_foreign` FOREIGN KEY (`class_arm_id`) REFERENCES `class_arms` (`id`) ON DELETE CASCADE,
  ADD CONSTRAINT `arm_subjects_session_id_foreign` FOREIGN KEY (`session_id`) REFERENCES `academic_sessions` (`id`) ON DELETE CASCADE,
  ADD CONSTRAINT `arm_subjects_subject_id_foreign` FOREIGN KEY (`subject_id`) REFERENCES `subjects` (`id`) ON DELETE CASCADE;

--
-- Constraints for table `attendance_records`
--
ALTER TABLE `attendance_records`
  ADD CONSTRAINT `attendance_records_class_arm_id_foreign` FOREIGN KEY (`class_arm_id`) REFERENCES `class_arms` (`id`) ON DELETE CASCADE,
  ADD CONSTRAINT `attendance_records_marked_by_foreign` FOREIGN KEY (`marked_by`) REFERENCES `users` (`id`) ON DELETE SET NULL,
  ADD CONSTRAINT `attendance_records_student_id_foreign` FOREIGN KEY (`student_id`) REFERENCES `students` (`id`) ON DELETE CASCADE,
  ADD CONSTRAINT `attendance_records_term_id_foreign` FOREIGN KEY (`term_id`) REFERENCES `terms` (`id`) ON DELETE CASCADE;

--
-- Constraints for table `ca_scores`
--
ALTER TABLE `ca_scores`
  ADD CONSTRAINT `ca_scores_ca_config_id_foreign` FOREIGN KEY (`ca_config_id`) REFERENCES `ca_configurations` (`id`) ON DELETE CASCADE,
  ADD CONSTRAINT `ca_scores_class_arm_id_foreign` FOREIGN KEY (`class_arm_id`) REFERENCES `class_arms` (`id`) ON DELETE CASCADE,
  ADD CONSTRAINT `ca_scores_recorded_by_foreign` FOREIGN KEY (`recorded_by`) REFERENCES `users` (`id`) ON DELETE SET NULL,
  ADD CONSTRAINT `ca_scores_student_id_foreign` FOREIGN KEY (`student_id`) REFERENCES `students` (`id`) ON DELETE CASCADE,
  ADD CONSTRAINT `ca_scores_subject_id_foreign` FOREIGN KEY (`subject_id`) REFERENCES `subjects` (`id`) ON DELETE CASCADE,
  ADD CONSTRAINT `ca_scores_term_id_foreign` FOREIGN KEY (`term_id`) REFERENCES `terms` (`id`) ON DELETE CASCADE;

--
-- Constraints for table `cbt_answers`
--
ALTER TABLE `cbt_answers`
  ADD CONSTRAINT `cbt_answers_attempt_id_foreign` FOREIGN KEY (`attempt_id`) REFERENCES `cbt_attempts` (`id`) ON DELETE CASCADE,
  ADD CONSTRAINT `cbt_answers_question_id_foreign` FOREIGN KEY (`question_id`) REFERENCES `questions` (`id`) ON DELETE CASCADE;

--
-- Constraints for table `cbt_attempts`
--
ALTER TABLE `cbt_attempts`
  ADD CONSTRAINT `cbt_attempts_cbt_exam_id_foreign` FOREIGN KEY (`cbt_exam_id`) REFERENCES `cbt_exams` (`id`) ON DELETE CASCADE,
  ADD CONSTRAINT `cbt_attempts_student_id_foreign` FOREIGN KEY (`student_id`) REFERENCES `students` (`id`) ON DELETE CASCADE;

--
-- Constraints for table `cbt_exams`
--
ALTER TABLE `cbt_exams`
  ADD CONSTRAINT `cbt_exams_class_arm_id_foreign` FOREIGN KEY (`class_arm_id`) REFERENCES `class_arms` (`id`) ON DELETE CASCADE,
  ADD CONSTRAINT `cbt_exams_created_by_foreign` FOREIGN KEY (`created_by`) REFERENCES `users` (`id`) ON DELETE CASCADE,
  ADD CONSTRAINT `cbt_exams_subject_id_foreign` FOREIGN KEY (`subject_id`) REFERENCES `subjects` (`id`) ON DELETE CASCADE,
  ADD CONSTRAINT `cbt_exams_term_id_foreign` FOREIGN KEY (`term_id`) REFERENCES `terms` (`id`) ON DELETE CASCADE;

--
-- Constraints for table `cbt_exam_questions`
--
ALTER TABLE `cbt_exam_questions`
  ADD CONSTRAINT `cbt_exam_questions_cbt_exam_id_foreign` FOREIGN KEY (`cbt_exam_id`) REFERENCES `cbt_exams` (`id`) ON DELETE CASCADE,
  ADD CONSTRAINT `cbt_exam_questions_question_id_foreign` FOREIGN KEY (`question_id`) REFERENCES `questions` (`id`) ON DELETE CASCADE;

--
-- Constraints for table `class_arms`
--
ALTER TABLE `class_arms`
  ADD CONSTRAINT `class_arms_class_level_id_foreign` FOREIGN KEY (`class_level_id`) REFERENCES `class_levels` (`id`) ON DELETE CASCADE;

--
-- Constraints for table `class_arm_teachers`
--
ALTER TABLE `class_arm_teachers`
  ADD CONSTRAINT `class_arm_teachers_class_arm_id_foreign` FOREIGN KEY (`class_arm_id`) REFERENCES `class_arms` (`id`) ON DELETE CASCADE,
  ADD CONSTRAINT `class_arm_teachers_session_id_foreign` FOREIGN KEY (`session_id`) REFERENCES `academic_sessions` (`id`) ON DELETE CASCADE,
  ADD CONSTRAINT `class_arm_teachers_teacher_id_foreign` FOREIGN KEY (`teacher_id`) REFERENCES `teachers` (`id`) ON DELETE CASCADE;

--
-- Constraints for table `exam_scores`
--
ALTER TABLE `exam_scores`
  ADD CONSTRAINT `exam_scores_class_arm_id_foreign` FOREIGN KEY (`class_arm_id`) REFERENCES `class_arms` (`id`) ON DELETE CASCADE,
  ADD CONSTRAINT `exam_scores_recorded_by_foreign` FOREIGN KEY (`recorded_by`) REFERENCES `users` (`id`) ON DELETE SET NULL,
  ADD CONSTRAINT `exam_scores_student_id_foreign` FOREIGN KEY (`student_id`) REFERENCES `students` (`id`) ON DELETE CASCADE,
  ADD CONSTRAINT `exam_scores_subject_id_foreign` FOREIGN KEY (`subject_id`) REFERENCES `subjects` (`id`) ON DELETE CASCADE,
  ADD CONSTRAINT `exam_scores_term_id_foreign` FOREIGN KEY (`term_id`) REFERENCES `terms` (`id`) ON DELETE CASCADE;

--
-- Constraints for table `fee_structures`
--
ALTER TABLE `fee_structures`
  ADD CONSTRAINT `fee_structures_class_level_id_foreign` FOREIGN KEY (`class_level_id`) REFERENCES `class_levels` (`id`) ON DELETE CASCADE,
  ADD CONSTRAINT `fee_structures_fee_category_id_foreign` FOREIGN KEY (`fee_category_id`) REFERENCES `fee_categories` (`id`) ON DELETE CASCADE,
  ADD CONSTRAINT `fee_structures_session_id_foreign` FOREIGN KEY (`session_id`) REFERENCES `academic_sessions` (`id`) ON DELETE CASCADE,
  ADD CONSTRAINT `fee_structures_term_id_foreign` FOREIGN KEY (`term_id`) REFERENCES `terms` (`id`) ON DELETE CASCADE;

--
-- Constraints for table `messages`
--
ALTER TABLE `messages`
  ADD CONSTRAINT `messages_parent_message_id_foreign` FOREIGN KEY (`parent_message_id`) REFERENCES `messages` (`id`) ON DELETE SET NULL,
  ADD CONSTRAINT `messages_recipient_id_foreign` FOREIGN KEY (`recipient_id`) REFERENCES `users` (`id`) ON DELETE CASCADE,
  ADD CONSTRAINT `messages_sender_id_foreign` FOREIGN KEY (`sender_id`) REFERENCES `users` (`id`) ON DELETE CASCADE;

--
-- Constraints for table `parent_students`
--
ALTER TABLE `parent_students`
  ADD CONSTRAINT `parent_students_parent_user_id_foreign` FOREIGN KEY (`parent_user_id`) REFERENCES `users` (`id`) ON DELETE CASCADE,
  ADD CONSTRAINT `parent_students_student_id_foreign` FOREIGN KEY (`student_id`) REFERENCES `students` (`id`) ON DELETE CASCADE;

--
-- Constraints for table `payments`
--
ALTER TABLE `payments`
  ADD CONSTRAINT `payments_paid_by_user_id_foreign` FOREIGN KEY (`paid_by_user_id`) REFERENCES `users` (`id`) ON DELETE SET NULL,
  ADD CONSTRAINT `payments_student_id_foreign` FOREIGN KEY (`student_id`) REFERENCES `students` (`id`) ON DELETE CASCADE,
  ADD CONSTRAINT `payments_term_id_foreign` FOREIGN KEY (`term_id`) REFERENCES `terms` (`id`) ON DELETE CASCADE,
  ADD CONSTRAINT `payments_verified_by_user_id_foreign` FOREIGN KEY (`verified_by_user_id`) REFERENCES `users` (`id`) ON DELETE SET NULL;

--
-- Constraints for table `payment_allocations`
--
ALTER TABLE `payment_allocations`
  ADD CONSTRAINT `payment_allocations_ledger_id_foreign` FOREIGN KEY (`ledger_id`) REFERENCES `student_fee_ledger` (`id`) ON DELETE CASCADE,
  ADD CONSTRAINT `payment_allocations_payment_id_foreign` FOREIGN KEY (`payment_id`) REFERENCES `payments` (`id`) ON DELETE CASCADE;

--
-- Constraints for table `promotion_criterias`
--
ALTER TABLE `promotion_criterias`
  ADD CONSTRAINT `promotion_criterias_class_level_id_foreign` FOREIGN KEY (`class_level_id`) REFERENCES `class_levels` (`id`) ON DELETE CASCADE;

--
-- Constraints for table `promotion_records`
--
ALTER TABLE `promotion_records`
  ADD CONSTRAINT `promotion_records_decided_by_foreign` FOREIGN KEY (`decided_by`) REFERENCES `users` (`id`) ON DELETE SET NULL,
  ADD CONSTRAINT `promotion_records_from_class_arm_id_foreign` FOREIGN KEY (`from_class_arm_id`) REFERENCES `class_arms` (`id`),
  ADD CONSTRAINT `promotion_records_session_id_foreign` FOREIGN KEY (`session_id`) REFERENCES `academic_sessions` (`id`) ON DELETE CASCADE,
  ADD CONSTRAINT `promotion_records_student_id_foreign` FOREIGN KEY (`student_id`) REFERENCES `students` (`id`) ON DELETE CASCADE,
  ADD CONSTRAINT `promotion_records_to_class_arm_id_foreign` FOREIGN KEY (`to_class_arm_id`) REFERENCES `class_arms` (`id`) ON DELETE SET NULL;

--
-- Constraints for table `psychomotor_ratings`
--
ALTER TABLE `psychomotor_ratings`
  ADD CONSTRAINT `psychomotor_ratings_rated_by_foreign` FOREIGN KEY (`rated_by`) REFERENCES `users` (`id`) ON DELETE SET NULL,
  ADD CONSTRAINT `psychomotor_ratings_student_id_foreign` FOREIGN KEY (`student_id`) REFERENCES `students` (`id`) ON DELETE CASCADE,
  ADD CONSTRAINT `psychomotor_ratings_term_id_foreign` FOREIGN KEY (`term_id`) REFERENCES `terms` (`id`) ON DELETE CASCADE;

--
-- Constraints for table `questions`
--
ALTER TABLE `questions`
  ADD CONSTRAINT `questions_class_level_id_foreign` FOREIGN KEY (`class_level_id`) REFERENCES `class_levels` (`id`) ON DELETE SET NULL,
  ADD CONSTRAINT `questions_created_by_foreign` FOREIGN KEY (`created_by`) REFERENCES `users` (`id`) ON DELETE CASCADE,
  ADD CONSTRAINT `questions_subject_id_foreign` FOREIGN KEY (`subject_id`) REFERENCES `subjects` (`id`) ON DELETE CASCADE;

--
-- Constraints for table `results`
--
ALTER TABLE `results`
  ADD CONSTRAINT `results_class_arm_id_foreign` FOREIGN KEY (`class_arm_id`) REFERENCES `class_arms` (`id`) ON DELETE CASCADE,
  ADD CONSTRAINT `results_student_id_foreign` FOREIGN KEY (`student_id`) REFERENCES `students` (`id`) ON DELETE CASCADE,
  ADD CONSTRAINT `results_subject_id_foreign` FOREIGN KEY (`subject_id`) REFERENCES `subjects` (`id`) ON DELETE CASCADE,
  ADD CONSTRAINT `results_term_id_foreign` FOREIGN KEY (`term_id`) REFERENCES `terms` (`id`) ON DELETE CASCADE;

--
-- Constraints for table `school_calendars`
--
ALTER TABLE `school_calendars`
  ADD CONSTRAINT `school_calendars_term_id_foreign` FOREIGN KEY (`term_id`) REFERENCES `terms` (`id`) ON DELETE SET NULL;

--
-- Constraints for table `sms_logs`
--
ALTER TABLE `sms_logs`
  ADD CONSTRAINT `sms_logs_recipient_user_id_foreign` FOREIGN KEY (`recipient_user_id`) REFERENCES `users` (`id`) ON DELETE SET NULL,
  ADD CONSTRAINT `sms_logs_sent_by_foreign` FOREIGN KEY (`sent_by`) REFERENCES `users` (`id`) ON DELETE SET NULL;

--
-- Constraints for table `students`
--
ALTER TABLE `students`
  ADD CONSTRAINT `students_user_id_foreign` FOREIGN KEY (`user_id`) REFERENCES `users` (`id`) ON DELETE CASCADE;

--
-- Constraints for table `student_enrollments`
--
ALTER TABLE `student_enrollments`
  ADD CONSTRAINT `student_enrollments_class_arm_id_foreign` FOREIGN KEY (`class_arm_id`) REFERENCES `class_arms` (`id`) ON DELETE CASCADE,
  ADD CONSTRAINT `student_enrollments_session_id_foreign` FOREIGN KEY (`session_id`) REFERENCES `academic_sessions` (`id`) ON DELETE CASCADE,
  ADD CONSTRAINT `student_enrollments_student_id_foreign` FOREIGN KEY (`student_id`) REFERENCES `students` (`id`) ON DELETE CASCADE;

--
-- Constraints for table `student_fee_ledger`
--
ALTER TABLE `student_fee_ledger`
  ADD CONSTRAINT `student_fee_ledger_fee_structure_id_foreign` FOREIGN KEY (`fee_structure_id`) REFERENCES `fee_structures` (`id`) ON DELETE CASCADE,
  ADD CONSTRAINT `student_fee_ledger_student_id_foreign` FOREIGN KEY (`student_id`) REFERENCES `students` (`id`) ON DELETE CASCADE,
  ADD CONSTRAINT `student_fee_ledger_term_id_foreign` FOREIGN KEY (`term_id`) REFERENCES `terms` (`id`) ON DELETE CASCADE;

--
-- Constraints for table `teachers`
--
ALTER TABLE `teachers`
  ADD CONSTRAINT `teachers_user_id_foreign` FOREIGN KEY (`user_id`) REFERENCES `users` (`id`) ON DELETE CASCADE;

--
-- Constraints for table `teacher_arm_subjects`
--
ALTER TABLE `teacher_arm_subjects`
  ADD CONSTRAINT `teacher_arm_subjects_arm_subject_id_foreign` FOREIGN KEY (`arm_subject_id`) REFERENCES `arm_subjects` (`id`) ON DELETE CASCADE,
  ADD CONSTRAINT `teacher_arm_subjects_teacher_id_foreign` FOREIGN KEY (`teacher_id`) REFERENCES `teachers` (`id`) ON DELETE CASCADE;

--
-- Constraints for table `terms`
--
ALTER TABLE `terms`
  ADD CONSTRAINT `terms_session_id_foreign` FOREIGN KEY (`session_id`) REFERENCES `academic_sessions` (`id`) ON DELETE CASCADE;

--
-- Constraints for table `term_summaries`
--
ALTER TABLE `term_summaries`
  ADD CONSTRAINT `term_summaries_class_arm_id_foreign` FOREIGN KEY (`class_arm_id`) REFERENCES `class_arms` (`id`) ON DELETE CASCADE,
  ADD CONSTRAINT `term_summaries_student_id_foreign` FOREIGN KEY (`student_id`) REFERENCES `students` (`id`) ON DELETE CASCADE,
  ADD CONSTRAINT `term_summaries_term_id_foreign` FOREIGN KEY (`term_id`) REFERENCES `terms` (`id`) ON DELETE CASCADE;

--
-- Constraints for table `timetables`
--
ALTER TABLE `timetables`
  ADD CONSTRAINT `timetables_class_arm_id_foreign` FOREIGN KEY (`class_arm_id`) REFERENCES `class_arms` (`id`) ON DELETE CASCADE,
  ADD CONSTRAINT `timetables_period_id_foreign` FOREIGN KEY (`period_id`) REFERENCES `timetable_periods` (`id`) ON DELETE CASCADE,
  ADD CONSTRAINT `timetables_session_id_foreign` FOREIGN KEY (`session_id`) REFERENCES `academic_sessions` (`id`) ON DELETE CASCADE,
  ADD CONSTRAINT `timetables_subject_id_foreign` FOREIGN KEY (`subject_id`) REFERENCES `subjects` (`id`) ON DELETE SET NULL,
  ADD CONSTRAINT `timetables_teacher_id_foreign` FOREIGN KEY (`teacher_id`) REFERENCES `teachers` (`id`) ON DELETE SET NULL;
COMMIT;

/*!40101 SET CHARACTER_SET_CLIENT=@OLD_CHARACTER_SET_CLIENT */;
/*!40101 SET CHARACTER_SET_RESULTS=@OLD_CHARACTER_SET_RESULTS */;
/*!40101 SET COLLATION_CONNECTION=@OLD_COLLATION_CONNECTION */;
